shot_id,match_id,competition,season,team,player,period,game_time,location_x,location_y,distance_to_goal_m,shot_angle_deg,y_from_center,body_part,free_kick_type,player_fk_attempts,xg,is_goal
207dfd3af8c56aa6da050919778b5a57,3888704,FIFA World Cup,1958-1958,Brazil,Didi,2,84 min 42 sec,96.7,34.0,24.06,18.32,6.0,Right Foot,direct,4,0.0798,0
f1338745bad973ad18a74d183e47ba48,3888704,FIFA World Cup,1958-1958,France,Just Louis Fontaine,2,54 min 36 sec,96.8,25.4,27.41,14.16,14.6,Right Foot,direct,1,0.0455,0
3e61a36814800141094790bfae9df119,3888704,FIFA World Cup,1958-1958,Brazil,Didi,2,71 min 6 sec,98.1,50.3,24.2,17.09,10.3,Right Foot,direct,4,0.0678,0
4472e952197a8df14c74d49069400034,3888704,FIFA World Cup,1958-1958,France,Raymond Kopaszewski Wlodarczyck,1,28 min 38 sec,96.8,27.3,26.45,15.19,12.7,Right Foot,direct,1,0.0515,0
b9bfc3880fa614be087b682d741cf0d0,3888705,FIFA World Cup,1958-1958,Brazil,Didi,1,18 min 43 sec,88.5,38.1,31.56,14.42,1.9,Right Foot,direct,4,0.0316,0
0c029f1987be0bbc8f0ba4b40c1e97ea,3888705,FIFA World Cup,1958-1958,Brazil,Didi,2,80 min 48 sec,99.4,37.4,20.76,21.65,2.6,Right Foot,direct,4,0.0865,0
1e0662044b717d03021c38b3a6e58225,3888854,FIFA World Cup,1962-1962,Brazil,Pelé,1,9 min 57 sec,101.4,41.8,18.69,24.06,1.8,Right Foot,direct,13,0.1272,0
f6a1a08cdfa6e71be7e2b389c4473b17,3888854,FIFA World Cup,1962-1962,Brazil,Pelé,1,23 min 33 sec,96.7,54.3,27.34,14.3,14.3,Right Foot,direct,13,0.0435,0
3ba7e9306314c7014d3bf23805888255,3888854,FIFA World Cup,1962-1962,Brazil,Pelé,2,66 min 26 sec,84.3,45.7,36.15,12.47,5.7,Right Foot,direct,13,0.0103,0
24c25db74906a80530a4675846c7db6a,3888854,FIFA World Cup,1962-1962,Brazil,Vava,1,10 min 45 sec,94.8,54.0,28.83,13.89,14.0,Right Foot,direct,1,0.0388,0
1a6832134065e8358f2bbf10fff57964,3888699,FIFA World Cup,1970-1970,Czechoslovakia,Karol Dobiaš,1,2 min 19 sec,84.0,38.8,36.02,12.67,1.2,Left Foot,direct,1,0.0125,0
a26536bbbd3ae7c102c6558b046984c1,3888699,FIFA World Cup,1970-1970,Brazil,Roberto Rivelino,2,84 min 58 sec,92.6,45.8,28.01,15.92,5.8,Left Foot,direct,14,0.048,0
bd690438875de574d7b5603d3eee59b9,3888699,FIFA World Cup,1970-1970,Czechoslovakia,Vaclav Migas,2,78 min 49 sec,95.2,30.1,26.7,15.89,9.9,Right Foot,direct,1,0.0515,0
bf836be2dbffb43fc8c0b6fb63355f41,3888699,FIFA World Cup,1970-1970,Brazil,Roberto Rivelino,1,23 min 41 sec,100.6,43.8,19.77,22.49,3.8,Left Foot,direct,14,0.0929,1
559e0fa42d92eeb1464d970c5be9714f,3888700,FIFA World Cup,1970-1970,England,Martin Peters,1,34 min 55 sec,92.9,33.1,27.96,15.8,6.9,Right Foot,direct,1,0.0497,0
5835daa3e4fc10ef2e89e3c6ba63bd6b,3888700,FIFA World Cup,1970-1970,Brazil,Roberto Rivelino,1,40 min 27 sec,101.7,64.3,30.42,9.15,24.3,Left Foot,direct,14,0.0081,0
1c2cd00104297adb7977addc49cdaed7,3888701,FIFA World Cup,1970-1970,Brazil,Pelé,2,58 min 1 sec,100.9,24.6,24.54,14.62,15.4,Right Foot,direct,13,0.0477,0
17b24b34a4f98ad6da0b6752527627be,3888701,FIFA World Cup,1970-1970,Brazil,Roberto Rivelino,1,34 min 56 sec,108.5,62.9,25.63,8.17,22.9,Left Foot,direct,14,0.0079,0
2ac23cb3f64413bb110cade6efebdd8e,3888701,FIFA World Cup,1970-1970,Uruguay,Juan Martin Mujica,2,67 min 38 sec,90.0,40.7,30.01,15.18,0.7,Left Foot,direct,2,0.0358,0
725e0676bdbd7c8b9d7762c4c4bb1923,3888701,FIFA World Cup,1970-1970,Uruguay,Juan Martin Mujica,1,33 min 36 sec,89.5,19.6,36.69,10.39,20.4,Left Foot,direct,2,0.0076,0
25607268356d2637d2bf89e8dcbba757,3888701,FIFA World Cup,1970-1970,Uruguay,Julio César Cortés Lagos,1,46 min 35 sec,82.8,28.4,38.97,11.2,11.6,Right Foot,direct,1,0.0065,0
85d3f5e8c0128d11c79779617cc7df5f,3888701,FIFA World Cup,1970-1970,Brazil,Roberto Rivelino,2,76 min 56 sec,92.2,64.3,36.92,9.37,24.3,Left Foot,direct,14,0.0078,0
812604b73d61af85e9ebc1bfe114bf92,3888701,FIFA World Cup,1970-1970,Brazil,Pelé,1,42 min 23 sec,85.1,28.0,36.91,11.72,12.0,Right Foot,direct,13,0.0066,0
2c2516c89e365c6cee51476a2b7dc58d,3888701,FIFA World Cup,1970-1970,Brazil,Roberto Rivelino,1,29 min 26 sec,91.4,55.5,32.53,12.38,15.5,Left Foot,direct,14,0.0098,0
f1f1457f2315e501ffef5b2ff7ac4ed0,3888702,FIFA World Cup,1970-1970,Brazil,Pelé,2,57 min 30 sec,91.6,31.3,29.7,14.7,8.7,Right Foot,direct,13,0.0339,0
45b97d369de80209d2875b560c8c6a15,3888702,FIFA World Cup,1970-1970,Italy,Angelo Domenghini,2,66 min 48 sec,106.3,78.0,40.39,3.88,38.0,Right Foot,direct,1,0.0077,0
6febaa63cf3dfe81605068e799c3d23f,3888702,FIFA World Cup,1970-1970,Brazil,Roberto Rivelino,1,27 min 39 sec,81.3,42.6,38.79,11.75,2.6,Left Foot,direct,14,0.0072,0
ba9599bfe63df8eb3f41c0fc2b9fcdbf,3888702,FIFA World Cup,1970-1970,Brazil,Gérson,2,51 min 8 sec,87.0,46.4,33.61,13.33,6.4,Left Foot,direct,1,0.0232,0
4f956bfa5a14ead2d66f6e998a41fc4d,3888702,FIFA World Cup,1970-1970,Brazil,Roberto Rivelino,1,3 min 38 sec,94.9,60.4,32.34,11.03,20.4,Left Foot,direct,14,0.0086,0
bafd02a1c469c7195159133e5a43ef44,3888702,FIFA World Cup,1970-1970,Brazil,Roberto Rivelino,1,5 min 42 sec,94.4,40.8,25.61,17.74,0.8,Left Foot,direct,14,0.0685,0
ac302a45c2bc751231238a3b091f3e1e,3888702,FIFA World Cup,1970-1970,Brazil,Roberto Rivelino,2,62 min 27 sec,99.8,45.9,21.04,20.74,5.9,Left Foot,direct,14,0.081,0
807d2a755a105435b29ebd19d5a20b09,3889217,FIFA World Cup,1970-1970,Brazil,Caju,2,59 min 48 sec,88.0,63.2,39.53,9.4,23.2,Right Foot,direct,3,0.0063,0
ee976725096dfa783b92e800ba8c9d07,3889217,FIFA World Cup,1970-1970,Brazil,Pelé,1,7 min 4 sec,98.0,47.0,23.09,18.8,7.0,Right Foot,direct,13,0.0703,0
f111bd352fbe8ce860df7dab72a844b1,3889217,FIFA World Cup,1970-1970,Brazil,Pelé,2,76 min 22 sec,97.3,36.4,22.98,19.52,3.6,Right Foot,direct,13,0.0826,0
6a59b9e1b53823b2260d36c70f6d2a94,3889217,FIFA World Cup,1970-1970,Brazil,Pelé,1,18 min 54 sec,99.4,48.6,22.32,18.86,8.6,Right Foot,direct,13,0.0714,1
4ede2a65847779f813d7fa523de81beb,3889217,FIFA World Cup,1970-1970,Brazil,Caju,1,44 min 40 sec,83.0,26.6,39.35,10.93,13.4,Right Foot,direct,3,0.0065,0
526dd5f8c375272b602fb3a0284ded7b,3889218,FIFA World Cup,1970-1970,Peru,Alberto Gallardo,2,68 min 27 sec,94.7,29.7,27.32,15.49,10.3,Right Foot,direct,2,0.0447,0
3b01d6aa00cf4717a2ca935c743eacf8,3889218,FIFA World Cup,1970-1970,Brazil,Caju,2,73 min 3 sec,99.5,27.9,23.8,16.58,12.1,Right Foot,direct,3,0.0633,0
a8f9cdff4d51be243b684383c50894bf,3889218,FIFA World Cup,1970-1970,Peru,Alberto Gallardo,2,54 min 55 sec,94.9,21.9,30.95,12.04,18.1,Right Foot,direct,2,0.0089,0
addffd26acdbec5cf8e465b61e779627,3889218,FIFA World Cup,1970-1970,Brazil,Roberto Rivelino,1,6 min 35 sec,100.5,42.9,19.71,22.71,2.9,Left Foot,direct,14,0.1032,0
f1e462a5bcdd1cc9e25f0c88e1cb3188,3889218,FIFA World Cup,1970-1970,Brazil,Pelé,1,12 min 42 sec,101.5,35.1,19.14,22.91,4.9,Right Foot,direct,13,0.1044,0
f1cb29f1d687e3d22da35caac7e78e63,3889218,FIFA World Cup,1970-1970,Brazil,Roberto Rivelino,2,47 min 37 sec,99.3,52.3,24.08,16.37,12.3,Left Foot,direct,14,0.0654,0
a6e6d455a2cfc516f541dd0c816471ab,3888711,Champions League,1970-1971,Ajax,Piet Keizer,1,23 min 39 sec,90.3,33.0,30.51,14.56,7.0,Left Foot,direct,1,0.0375,0
965cf998b058bf5e0295889d62891815,3750235,Champions League,1971-1972,Inter Milan,Sandro Mazzola,1,12 min 48 sec,87.1,50.6,34.57,12.59,10.6,Right Foot,direct,1,0.012,0
c6d299696a66a9fb5e26d563ad51d0d0,3750235,Champions League,1971-1972,Ajax,Arie Haan,2,78 min 57 sec,91.5,34.5,29.03,15.42,5.5,Right Foot,direct,2,0.0365,0
fcd861bf216f54a76ace8db90e8601d9,3750235,Champions League,1971-1972,Ajax,Gerrie Mühren,1,25 min 8 sec,90.7,26.8,32.14,12.98,13.2,Left Foot,direct,2,0.0238,0
c1d9ad568ad143a9b952d75e20729076,3750235,Champions League,1971-1972,Inter Milan,Gianfranco Bedin,2,88 min 49 sec,96.8,38.5,23.25,19.49,1.5,Left Foot,direct,1,0.1139,0
a10e519310dbd4856bf739f8b1756829,3750235,Champions League,1971-1972,Ajax,Arie Haan,2,59 min 6 sec,94.1,31.5,27.26,15.91,8.5,Right Foot,direct,2,0.0485,0
3de39955c3b5aea7486a663b1468ab63,3888706,Champions League,1972-1973,Ajax,Gerrie Mühren,2,72 min 43 sec,86.7,46.8,33.99,13.16,6.8,Left Foot,direct,2,0.021,0
52a88912f103eefc434344082614eaf1,3750180,FIFA World Cup,1974-1974,German DR,Reinhard Lauck,1,34 min 51 sec,101.9,17.0,29.27,9.77,23.0,Right Foot,direct,1,0.007,0
f8d81481a6f4450e7f3a6fe03ded5a4e,3750180,FIFA World Cup,1974-1974,German DR,Jürgen Sparwasser,1,27 min 19 sec,110.7,13.1,28.46,5.35,26.9,Right Foot,direct,2,0.0064,0
17029614f1b31943712294cc9633836c,3888716,FIFA World Cup,1974-1974,Netherlands,Willem van Hanegem,2,54 min 18 sec,96.3,40.7,23.71,19.14,0.7,Left Foot,direct,4,0.0884,0
4f2fe64efb5eef3295ea84561856101e,3888716,FIFA World Cup,1974-1974,Netherlands,Johan Cruyff,2,75 min 54 sec,95.9,39.4,24.11,18.84,0.6,Right Foot,direct,1,0.066,0
e136eba76c4b0649861c34d7dc27d9f2,3888716,FIFA World Cup,1974-1974,Netherlands,Willem van Hanegem,1,35 min 39 sec,93.7,34.6,26.85,16.62,5.4,Left Foot,direct,4,0.0549,0
c4a348da757403e3ff41d6d679e9dc29,3888717,FIFA World Cup,1974-1974,Netherlands,Ruud Krol,2,90 min 34 sec,86.9,38.5,33.13,13.75,1.5,Right Foot,direct,1,0.0266,0
7d63ef7d6518372fe1e4c12b4858e68a,3888717,FIFA World Cup,1974-1974,Argentina,Roberto Perfumo,1,19 min 5 sec,93.5,46.5,27.29,16.23,6.5,Right Foot,direct,1,0.0551,0
fc11dcd4112d5219c94ab74ec655e180,3888718,FIFA World Cup,1974-1974,German DR,Bernd Bransch,2,84 min 25 sec,85.9,53.0,36.49,11.71,13.0,Left Foot,direct,1,0.0082,0
6282bfd62d11e36011ecb8a85ed30691,3888718,FIFA World Cup,1974-1974,German DR,Jürgen Sparwasser,1,40 min 38 sec,89.8,45.7,30.73,14.58,5.7,Right Foot,direct,2,0.031,0
28afdbc738043f588c86237b807b5bdc,3888718,FIFA World Cup,1974-1974,Netherlands,Willem van Hanegem,2,81 min 49 sec,99.2,53.4,24.74,15.59,13.4,Left Foot,direct,4,0.0594,0
a8e982d4847e153d071996bd0aa5b288,3888719,FIFA World Cup,1974-1974,Brazil,Valdomiro Vaz Franco,2,81 min 21 sec,93.0,34.3,27.6,16.16,5.7,Right Foot,direct,1,0.0563,0
7ddc59c88011e1eb8c56c28ac1f41674,3888719,FIFA World Cup,1974-1974,Brazil,Roberto Rivelino,2,48 min 17 sec,89.7,48.5,31.47,13.97,8.5,Left Foot,direct,14,0.0269,0
17bef1106d7dca993d17b0472d04bdb4,3888719,FIFA World Cup,1974-1974,Brazil,Roberto Rivelino,1,34 min 5 sec,83.4,44.2,36.84,12.32,4.2,Left Foot,direct,14,0.0069,0
62bae96d21295a8e24dd154baf1ec7b9,3888719,FIFA World Cup,1974-1974,Netherlands,Willem van Hanegem,2,75 min 43 sec,88.6,38.6,31.43,14.49,1.4,Left Foot,direct,4,0.0305,0
ecd8750e9b04cfeebee25719a5b2e16c,3888720,FIFA World Cup,1974-1974,Germany,Franz Beckenbauer,1,35 min 18 sec,99.4,53.0,24.36,15.93,13.0,Right Foot,direct,1,0.0604,0
f36f8c495707953a0be3b39bc5a26a61,3888720,FIFA World Cup,1974-1974,Germany,Rainer Bonhof,1,19 min 55 sec,86.5,43.9,33.73,13.44,3.9,Right Foot,direct,1,0.0226,0
0c60037cd175467583df281c5d1737ae,3750234,North American League,1977-1977,NY Cosmos,Pelé,1,27 min 56 sec,93.9,41.3,26.13,17.38,1.3,Right Foot,direct,13,0.0633,0
fe391889c2599e6ab5932df36588a608,3750234,North American League,1977-1977,NY Cosmos,Pelé,1,10 min 46 sec,97.4,51.0,25.13,16.36,11.0,Right Foot,direct,13,0.0616,0
d1cb8193fc11fc040a1cdf613cc68ff7,3888754,Copa del Rey,1977-1978,Las Palmas,Miguel Ángel Brindisi,2,64 min 47 sec,91.1,40.9,28.91,15.75,0.9,Right Foot,direct,3,0.0482,0
c8a206003bcbc12ef47ddefb836757a2,3888754,Copa del Rey,1977-1978,Barcelona,Carles Rexach,1,26 min 29 sec,92.4,33.2,28.43,15.58,6.8,Right Foot,direct,1,0.0499,1
a6d34a528a5ce52de154ee7d3e6a450d,3888754,Copa del Rey,1977-1978,Las Palmas,Miguel Ángel Brindisi,2,85 min 31 sec,110.3,17.2,24.78,7.39,22.8,Right Foot,direct,3,0.008,0
ace017cf83b8de59e85f7a6f910330be,3888787,FIFA U20 World Cup,1979-1979,Argentina U20,Diego Armando Maradona,2,80 min 51 sec,101.4,48.5,20.45,20.3,8.5,Left Foot,direct,14,0.0922,1
c6c7c40569c81db7d4d641b6248b3ed5,3888787,FIFA U20 World Cup,1979-1979,Argentina U20,Juan Barbas,1,37 min 49 sec,75.7,54.1,46.49,9.38,14.1,Right Foot,direct,1,0.0051,0
383cd5c45c1f8e8f173789c5fdf280c1,3889082,Liga Profesional,1981-1981,River Plate,Daniel Passarella,1,21 min 37 sec,76.4,42.9,43.7,10.44,2.9,Left Foot,direct,3,0.0067,0
45dca02a927687b7df5a04043cbc20da,3889082,Liga Profesional,1981-1981,Boca Juniors,Diego Armando Maradona,1,27 min 4 sec,85.9,42.6,34.2,13.31,2.6,Left Foot,direct,14,0.0217,0
07c7fb9ccb0fb6c538233ded2945203a,3889082,Liga Profesional,1981-1981,Boca Juniors,Diego Armando Maradona,2,90 min 57 sec,88.7,44.3,31.59,14.3,4.3,Left Foot,direct,14,0.0252,0
4ed693acd396556e7a713cebdc1796e5,3889082,Liga Profesional,1981-1981,River Plate,Daniel Passarella,1,4 min 55 sec,74.1,25.6,48.11,9.08,14.4,Left Foot,direct,3,0.0058,0
ae4794d064ccf1227eed834c1f4a3327,3889082,Liga Profesional,1981-1981,River Plate,Juan José López,2,62 min 7 sec,98.3,25.3,26.21,14.51,14.7,Right Foot,direct,1,0.043,0
eac2f46648d4f3ac900c05864d7d040f,3889082,Liga Profesional,1981-1981,Boca Juniors,Miguel Ángel Brindisi,1,13 min 57 sec,114.7,13.4,27.12,3.37,26.6,Right Foot,direct,3,0.0071,0
6b37894a4491ed7d14e479a27a3360ee,3889082,Liga Profesional,1981-1981,River Plate,Mario Kempes,1,30 min 35 sec,81.3,45.3,39.06,11.59,5.3,Left Foot,direct,1,0.0066,0
c223ceb73fcee4c1bf20ebf6cdffadc7,3889082,Liga Profesional,1981-1981,River Plate,Daniel Passarella,2,48 min 1 sec,101.0,51.7,22.31,17.51,11.7,Left Foot,direct,3,0.0726,0
8d567a057a524955644759fd387d3099,3888721,Copa del Rey,1982-1983,Real Madrid,John Metgod,2,82 min 16 sec,93.6,47.4,27.42,16.02,7.4,Right Foot,direct,2,0.052,0
6fac8877dff32f7efe091d64fa4c5d12,3888721,Copa del Rey,1982-1983,Real Madrid,John Metgod,1,22 min 5 sec,91.9,51.2,30.25,14.04,11.2,Right Foot,direct,2,0.0361,0
becdf880e90e4aadc010c2391af15de8,3888721,Copa del Rey,1982-1983,Real Madrid,José Antonio Salguero,2,88 min 37 sec,93.8,42.2,26.29,17.24,2.2,Right Foot,direct,1,0.0562,0
ddca4d35976a2ee4b16b341146375baf,3888721,Copa del Rey,1982-1983,Barcelona,Bernd Schuster,1,27 min 52 sec,87.1,41.9,32.95,13.82,1.9,Right Foot,direct,1,0.0237,0
98b332e9290f2043c332ac256b6f6d85,3888721,Copa del Rey,1982-1983,Real Madrid,Juanito,1,36 min 45 sec,98.3,61.9,30.83,10.52,21.9,Right Foot,direct,1,0.0116,0
374cbd10723f82939636ba0844b2d954,3750191,FIFA World Cup,1986-1986,Argentina,Diego Armando Maradona,1,9 min 17 sec,93.9,55.3,30.25,13.07,15.3,Left Foot,direct,14,0.0352,0
1a630ef69f7ca6b134c9e1456392a28e,3750191,FIFA World Cup,1986-1986,Argentina,Diego Armando Maradona,1,32 min 19 sec,97.9,47.7,23.4,18.39,7.7,Left Foot,direct,14,0.0778,0
fa1b574edde05005e8b724b1a4e9ba17,3750191,FIFA World Cup,1986-1986,Argentina,Jorge Burruchaga,2,66 min 16 sec,97.5,15.7,33.12,9.46,24.3,Right Foot,direct,3,0.0072,0
ccf1ad10a0ee59ea48e2e0e8fb9d7090,3750191,FIFA World Cup,1986-1986,Argentina,Diego Armando Maradona,1,34 min 4 sec,98.5,61.2,30.19,10.87,21.2,Left Foot,direct,14,0.0125,0
86d4530af45d29c531c2ea78c62e171f,3750191,FIFA World Cup,1986-1986,England,Glenn Hoddle,2,68 min 16 sec,94.4,52.0,28.27,14.65,12.0,Right Foot,direct,1,0.0445,0
d500e084a80e443c07cbd40da3722a5b,3750191,FIFA World Cup,1986-1986,Argentina,Diego Armando Maradona,2,85 min 58 sec,97.3,52.8,26.06,15.32,12.8,Left Foot,direct,14,0.0455,0
f1785295108071af9a675e361b6bc446,3889148,FIFA World Cup,1986-1986,Belgium,Enzo Scifo,2,77 min 34 sec,93.1,26.2,30.23,13.48,13.8,Right Foot,direct,1,0.0331,0
29110242b6b6e33a459dc1d2adf793b7,3889148,FIFA World Cup,1986-1986,Argentina,Jorge Burruchaga,1,13 min 56 sec,90.3,48.0,30.76,14.33,8.0,Right Foot,direct,3,0.0331,0
253efcb403f4319da3453410572c3d2f,3889148,FIFA World Cup,1986-1986,Argentina,Jorge Burruchaga,1,39 min 59 sec,98.5,27.5,24.87,15.93,12.5,Right Foot,direct,3,0.0612,0
cf274a31bd7d5ce51cd7f67bdcd74904,3889149,FIFA World Cup,1986-1986,Argentina,Diego Armando Maradona,1,26 min 55 sec,98.5,43.7,21.82,20.5,3.7,Left Foot,direct,14,0.0846,0
cb22b4f524c39cc74d60ddc50edaeca0,3889149,FIFA World Cup,1986-1986,Argentina,Diego Armando Maradona,2,89 min 2 sec,97.7,33.2,23.31,18.68,6.8,Left Foot,direct,14,0.0784,0
f666578c9835cac49ed110b2b797fa7d,3889149,FIFA World Cup,1986-1986,Argentina,Diego Armando Maradona,2,84 min 9 sec,92.3,29.7,29.55,14.49,10.3,Left Foot,direct,14,0.0379,0
6436313ce3f33c2b57f0aec92c718246,3889149,FIFA World Cup,1986-1986,Germany,Klaus Allofs,1,12 min 11 sec,88.3,39.1,31.71,14.37,0.9,Left Foot,direct,1,0.0228,0
7f0b104d107d01bfea998071e12321ff,3889182,Serie A,1986-1987,Juventus,Michel Platini,1,41 min 53 sec,88.3,46.4,32.34,13.83,6.4,Right Foot,direct,1,0.0248,0
35d9027ee5cf619335996a8e908fcb9d,3889182,Serie A,1986-1987,Napoli,Diego Armando Maradona,1,16 min 38 sec,94.8,33.6,26.0,16.99,6.4,Left Foot,direct,14,0.0617,0
442172591926907f3246bd10f0a28195,3889182,Serie A,1986-1987,Napoli,Diego Armando Maradona,2,54 min 42 sec,92.4,43.9,27.87,16.18,3.9,Left Foot,direct,14,0.0581,0
38a68df77e155cfef8d8e99dd40a94fc,3750244,UEFA Europa League,1988-1989,Napoli,Diego Armando Maradona,1,21 min 27 sec,97.2,43.6,23.08,19.44,3.6,Left Foot,direct,14,0.0754,0
3770da59df93b0a1cf5b19b6a47fab0a,3750245,UEFA Europa League,1988-1989,Juventus W,Alessandro Altobelli,2,81 min 37 sec,94.0,42.9,26.16,17.29,2.9,Right Foot,direct,1,0.0668,0
9ebc3b39854c93f8b385f5bcb0787d4f,3887188,UEFA Europa League,1988-1989,VfB Stuttgart,Karl Allgöwer,2,71 min 48 sec,86.2,42.6,33.9,13.42,2.6,Right Foot,direct,1,0.0202,0
74fd5ea7de5ea4eb8f2a251082473681,3793185,FIFA World Cup,1990-1990,Argentina,Diego Armando Maradona,2,84 min 49 sec,95.9,44.8,24.57,18.16,4.8,Left Foot,direct,14,0.0717,0
9288169937b7af18e19579a6412e4ac1,3793185,FIFA World Cup,1990-1990,Brazil,Branco,2,78 min 17 sec,88.8,49.7,32.67,13.35,9.7,Left Foot,direct,2,0.0264,0
58b3081e8279aaf6a0ba0b0041644703,3793185,FIFA World Cup,1990-1990,Brazil,Branco,2,73 min 16 sec,102.3,11.5,33.55,7.27,28.5,Left Foot,direct,2,0.0067,0
133fcabce420c9cb6ec58f3334c259e8,3749052,Premier League,2003-2004,Wolverhampton Wanderers,Denis Irwin,1,20 min 20 sec,94.2,32.9,26.76,16.43,7.1,Right Foot,direct,2,0.0584,0
53d23a14f75b7d28aab3e7b4c4befe31,3749052,Premier League,2003-2004,Wolverhampton Wanderers,Lee Naylor,1,47 min 10 sec,89.2,45.3,31.25,14.38,5.3,Left Foot,direct,2,0.0386,0
59fb6347a3321190690b22be56a1a87f,3749052,Premier League,2003-2004,Wolverhampton Wanderers,Denis Irwin,2,50 min 24 sec,90.8,34.6,29.7,15.1,5.4,Right Foot,direct,2,0.0461,0
8b5d3d1e7d62675d6339637a6efac588,3749068,Premier League,2003-2004,Tottenham Hotspur,Johnnie Jackson,1,44 min 51 sec,91.0,46.7,29.76,14.93,6.7,Left Foot,direct,1,0.036,0
65ec0265b589cbcf0bc5eae67b3884c8,3749068,Premier League,2003-2004,Tottenham Hotspur,Jermain Defoe,2,90 min 16 sec,99.2,25.7,25.24,15.0,14.3,Right Foot,direct,1,0.0474,0
92ae4495da5ae15b12b44a9cf4017683,3749068,Premier League,2003-2004,Tottenham Hotspur,Jamie Redknapp,2,74 min 18 sec,93.6,26.7,29.56,13.83,13.3,Right Foot,direct,1,0.0388,0
8ee21668f4eb52cedb064468539ad4d7,3749079,Premier League,2003-2004,Arsenal,Edu Gaspar,1,4 min 16 sec,93.2,47.4,27.8,15.81,7.4,Left Foot,direct,8,0.0543,1
b8f87dfdf3f1e66fa63e038823950ff9,3749108,Premier League,2003-2004,Aston Villa,Juan Pablo Ángel,2,82 min 16 sec,94.4,32.5,26.68,16.41,7.5,Right Foot,direct,4,0.0505,0
c074d24de8312d12c7b15fb8eab2423f,3749108,Premier League,2003-2004,Aston Villa,Juan Pablo Ángel,2,61 min 56 sec,91.1,32.4,29.88,14.77,7.6,Right Foot,direct,4,0.0391,0
491d3858c0bc12cea6be234fcccef224,3749117,Premier League,2003-2004,Arsenal,Thierry Henry,2,52 min 27 sec,85.7,31.4,35.36,12.53,8.6,Right Foot,direct,36,0.0106,0
8f763c7271e4b1dae5f238b048a55441,3749117,Premier League,2003-2004,Everton,Wayne Rooney,2,55 min 8 sec,100.3,30.6,21.83,18.89,9.4,Right Foot,direct,8,0.0777,0
e0b8a99c3b7124e79700001f04e626d3,3749117,Premier League,2003-2004,Arsenal,Thierry Henry,1,40 min 52 sec,86.4,52.4,35.82,11.98,12.4,Right Foot,direct,36,0.007,0
347b357b3dd4e7de309f9483ea7b5ad9,3749117,Premier League,2003-2004,Everton,Wayne Rooney,2,53 min 48 sec,93.0,25.8,30.51,13.29,14.2,Right Foot,direct,8,0.031,0
1678d826a6c406084bd68f31cd9a3f41,3749117,Premier League,2003-2004,Everton,Alan Stubbs,2,92 min 9 sec,83.3,39.5,36.7,12.44,0.5,Right Foot,direct,2,0.0076,0
9f1af6cfd1d6828d4f614ffb27211ea9,3749133,Premier League,2003-2004,Aston Villa,Juan Pablo Ángel,2,50 min 4 sec,95.2,22.5,30.35,12.36,17.5,Right Foot,direct,4,0.0092,0
7f5b858235afc4d4afa357753c5256ed,3749133,Premier League,2003-2004,Arsenal,Ashley Cole,2,73 min 36 sec,76.7,19.3,47.99,8.61,20.7,Left Foot,direct,1,0.0053,0
2dd9985ad5e461e702ec252c9b04a73a,3749133,Premier League,2003-2004,Arsenal,Thierry Henry,1,28 min 1 sec,97.4,38.3,22.66,19.97,1.7,Right Foot,direct,36,0.0906,1
61fc2f518a24d434a2f9bda6b7c4c1e8,3749133,Premier League,2003-2004,Aston Villa,Juan Pablo Ángel,2,90 min 55 sec,95.5,52.0,27.28,15.06,12.0,Right Foot,direct,4,0.0439,0
37a00221bbe30840b3058bf6437809e7,3749153,Premier League,2003-2004,Arsenal,Thierry Henry,1,46 min 20 sec,100.3,26.1,24.11,15.58,13.9,Right Foot,direct,36,0.0604,0
c38ce63c7e9439936b4a198147594ab1,3749153,Premier League,2003-2004,Arsenal,Thierry Henry,1,42 min 10 sec,88.1,29.5,33.58,12.93,10.5,Right Foot,direct,36,0.0172,0
d393a15a52b4f2345b0a32c91dd9cf34,3749153,Premier League,2003-2004,Arsenal,Edu Gaspar,2,78 min 2 sec,83.3,60.0,41.8,9.63,20.0,Left Foot,direct,8,0.0062,0
641c4beeeaffb2190e6c9b0f149ae798,3749153,Premier League,2003-2004,Arsenal,Thierry Henry,2,88 min 50 sec,89.0,22.1,35.8,11.09,17.9,Right Foot,direct,36,0.0066,0
94509a24b2bb2acadbfcbbaaa0884846,3749153,Premier League,2003-2004,Arsenal,Thierry Henry,2,90 min 13 sec,86.3,43.7,33.9,13.38,3.7,Right Foot,direct,36,0.0234,0
fd18a8f89c32f230a94727d80c10f4f9,3749196,Premier League,2003-2004,Arsenal,Thierry Henry,1,14 min 18 sec,101.4,49.3,20.8,19.66,9.3,Left Foot,direct,36,0.0867,0
9201d2e65ec578d74685bbf1e9f671fa,3749196,Premier League,2003-2004,Arsenal,Thierry Henry,1,13 min 12 sec,94.4,56.7,30.57,12.57,16.7,Right Foot,direct,36,0.015,0
d3ac8ac0c55d15c10bbf785fc6641197,3749233,Premier League,2003-2004,Manchester City,Michael Tarnat,2,87 min 54 sec,107.9,62.1,25.2,8.89,22.1,Left Foot,direct,2,0.008,0
40d417e13391a1ba23b35f8517389d2a,3749246,Premier League,2003-2004,Arsenal,Thierry Henry,1,5 min 38 sec,103.1,12.0,32.7,7.31,28.0,Right Foot,direct,36,0.0066,0
dc2f161cc123771f1d7e9fa931f9b271,3749246,Premier League,2003-2004,Arsenal,Edu Gaspar,1,29 min 45 sec,87.3,55.0,35.98,11.57,15.0,Left Foot,direct,8,0.0062,0
d115e8f08fbf5cc4d531d5bb34aedf07,3749246,Premier League,2003-2004,Arsenal,Thierry Henry,1,26 min 37 sec,98.0,26.9,25.6,15.39,13.1,Right Foot,direct,36,0.0498,0
b0ef73aa275ffc87f9db20e01ae653b2,3749253,Premier League,2003-2004,Liverpool,Steven Gerrard,2,50 min 11 sec,82.0,34.7,38.37,11.79,5.3,Right Foot,direct,2,0.0065,0
1de2d10386b6dc71597e45d83e26387f,3749253,Premier League,2003-2004,Arsenal,Thierry Henry,2,80 min 7 sec,83.1,28.7,38.59,11.33,11.3,Right Foot,direct,36,0.0074,0
9e6a6c98ee9ab849efae0eaeb35e0ab4,3749257,Premier League,2003-2004,Leicester City,Marcus Bent,2,53 min 2 sec,85.8,53.9,36.92,11.48,13.9,Right Foot,direct,1,0.0075,0
ace7b738045e69de2c14fefd0e9f8523,3749257,Premier League,2003-2004,Arsenal,Thierry Henry,1,19 min 49 sec,84.9,24.1,38.53,10.82,15.9,Right Foot,direct,36,0.0068,0
be74e825231fbade317220dd4b0e36f8,3749274,Premier League,2003-2004,Portsmouth,Dejan Stefanovic,2,80 min 50 sec,91.1,42.4,29.0,15.66,2.4,Left Foot,direct,1,0.0438,0
b97fe011df488e86555e0df58432aa27,3749276,Premier League,2003-2004,Chelsea,"Gérémi Sorele N""Djitap Fotso",2,61 min 29 sec,86.6,31.9,34.37,12.92,8.1,Right Foot,direct,1,0.0161,0
8656d4c3c29e43f09c8b901cb09cb38e,3749278,Premier League,2003-2004,Bolton Wanderers,"Augustine Azuka ""Jay-Jay"" Okocha",1,33 min 27 sec,91.2,48.8,30.11,14.5,8.8,Right Foot,direct,3,0.0398,0
418eb56f27bf52113c047a78ac013c94,3749278,Premier League,2003-2004,Bolton Wanderers,"Augustine Azuka ""Jay-Jay"" Okocha",2,59 min 31 sec,96.3,33.5,24.58,17.87,6.5,Right Foot,direct,3,0.0667,0
6a1df8a59dc7301bb145793f33638a23,3749296,Premier League,2003-2004,Arsenal,Thierry Henry,2,64 min 43 sec,94.8,39.6,25.2,18.03,0.4,Right Foot,direct,36,0.0736,0
2ac3ec0092ea155ee7d6868c112d23ef,3749296,Premier League,2003-2004,Arsenal,Edu Gaspar,2,52 min 33 sec,110.4,63.1,25.02,7.18,23.1,Left Foot,direct,8,0.0081,0
9ea5d654ebdb6529bc801d01c8cf1b75,3749296,Premier League,2003-2004,Arsenal,Thierry Henry,1,27 min 58 sec,82.6,30.7,38.54,11.51,9.3,Right Foot,direct,36,0.0073,0
da8368e9443a4f8dcfab078dbb1f8737,3749296,Premier League,2003-2004,Portsmouth,Patrik Berger,1,0 min 56 sec,83.1,40.1,36.9,12.37,0.1,Left Foot,direct,1,0.0072,0
7078087d456ade6b5bd6fe36acaf5b8b,3749310,Premier League,2003-2004,Arsenal,Thierry Henry,2,50 min 54 sec,88.1,50.2,33.49,13.0,10.2,Right Foot,direct,36,0.0243,0
72cd36c748bf33efcee72906eb0389a8,3749346,Premier League,2003-2004,Leeds United,Seth Johnson,2,87 min 28 sec,92.1,44.1,28.2,15.98,4.1,Right Foot,direct,1,0.0529,0
ac31f1b0f5d89b0388341197117b84a6,3749360,Premier League,2003-2004,Arsenal,Thierry Henry,2,77 min 35 sec,97.6,29.8,24.61,16.9,10.2,Right Foot,direct,36,0.0635,0
4e188dddea98541b36299d33071aee79,3749403,Premier League,2003-2004,Bolton Wanderers,"Augustine Azuka ""Jay-Jay"" Okocha",1,25 min 50 sec,92.3,54.5,31.27,12.98,14.5,Right Foot,direct,3,0.0275,0
d66248791e241c228b246d3a37477d5b,3749431,Premier League,2003-2004,Newcastle United,Laurent Robert,2,53 min 52 sec,89.9,28.5,32.22,13.25,11.5,Left Foot,direct,3,0.023,0
84ae8d8c222d587111731be20fd4276c,3749431,Premier League,2003-2004,Newcastle United,Laurent Robert,2,47 min 23 sec,87.1,32.1,33.84,13.12,7.9,Left Foot,direct,3,0.0227,0
e99fb393196dcdf5da92331f5b4dcd9b,3749448,Premier League,2003-2004,Liverpool,Steven Gerrard,2,75 min 26 sec,96.1,53.2,27.3,14.69,13.2,Right Foot,direct,2,0.0429,0
eb501af02c3e69a3594aa7faa2d9c7e1,3749453,Premier League,2003-2004,Leeds United,Ian Harte,1,34 min 1 sec,87.2,40.3,32.8,13.9,0.3,Left Foot,direct,1,0.0205,0
68aeab7b32e90b8298067a1fa63df995,3749453,Premier League,2003-2004,Arsenal,Thierry Henry,2,74 min 50 sec,98.0,14.6,33.6,8.98,25.4,Right Foot,direct,36,0.0072,0
60c2dc300da7eefdf613c0544311b758,3749453,Premier League,2003-2004,Leeds United,Jermaine Pennant,2,88 min 59 sec,92.7,34.2,27.91,15.97,5.8,Right Foot,direct,1,0.0517,0
c04a13e7b8fdecb649ba8546b2c75781,3749454,Premier League,2003-2004,Manchester City,Michael Tarnat,1,33 min 49 sec,103.0,67.6,32.42,7.49,27.6,Left Foot,direct,2,0.007,0
24ef913ccc56e8e2fd2a94400df2cc9a,3749462,Premier League,2003-2004,Arsenal,Thierry Henry,1,23 min 45 sec,84.6,29.9,36.81,11.94,10.1,Right Foot,direct,36,0.0076,0
af08e22717d514c70e2e30b2eb986df5,3749462,Premier League,2003-2004,Birmingham City,Robbie Savage,1,34 min 35 sec,93.3,49.4,28.31,15.22,9.4,Right Foot,direct,1,0.0463,0
51265d20fedf316c944087918811b820,3749462,Premier League,2003-2004,Arsenal,Thierry Henry,2,56 min 40 sec,91.2,43.1,28.97,15.64,3.1,Right Foot,direct,36,0.0426,0
ab2d0f2404cc02cfa1485d4694d52666,3749465,Premier League,2003-2004,Arsenal,Thierry Henry,1,20 min 13 sec,91.3,29.2,30.66,13.95,10.8,Right Foot,direct,36,0.0321,0
55e7cd34e5d935ba8420b46e80630c4b,3749465,Premier League,2003-2004,Arsenal,Thierry Henry,1,16 min 1 sec,78.1,48.3,42.71,10.5,8.3,Right Foot,direct,36,0.0074,0
32cc7524fe46c6448ac9b513b6030e74,3749465,Premier League,2003-2004,Arsenal,Thierry Henry,2,55 min 59 sec,91.8,32.4,29.21,15.08,7.6,Right Foot,direct,36,0.0488,1
e0a05eb93606b5a40bf22f8342bbbb5d,3749493,Premier League,2003-2004,Everton,Alan Stubbs,1,26 min 43 sec,101.9,37.9,18.22,24.62,2.1,Right Foot,direct,2,0.1181,0
6a18bed46e892ee9b66d859c791f4b7c,3749493,Premier League,2003-2004,Arsenal,Thierry Henry,1,10 min 31 sec,92.5,11.9,39.32,8.18,28.1,Right Foot,direct,36,0.0058,0
a0f2e2127939c09978ec5252ac484bb1,3749493,Premier League,2003-2004,Everton,Wayne Rooney,2,72 min 10 sec,100.3,37.6,19.85,22.64,2.4,Right Foot,direct,8,0.0852,0
ed2c5a9c4f618658f170062491b68020,3749493,Premier League,2003-2004,Arsenal,Thierry Henry,1,15 min 2 sec,99.0,47.7,22.37,19.13,7.7,Right Foot,direct,36,0.085,0
e00c9c0af67e36db313ab0ea0139019a,3749493,Premier League,2003-2004,Arsenal,Fredrik Ljungberg,2,75 min 40 sec,96.7,24.8,27.82,13.82,15.2,Right Foot,direct,1,0.0409,0
3351f44300d4dc2bd4a1edc5a66edf8a,3749522,Premier League,2003-2004,Arsenal,Thierry Henry,1,27 min 42 sec,81.4,40.5,38.6,11.83,0.5,Right Foot,direct,36,0.0069,0
aa1e1dbcc49371e9f21a909b7bb02409,3749522,Premier League,2003-2004,Wolverhampton Wanderers,Lee Naylor,2,90 min 54 sec,83.9,43.8,36.3,12.51,3.8,Left Foot,direct,2,0.0112,0
c96e47bfc6cd065bfee4146bca93dc2e,3749522,Premier League,2003-2004,Arsenal,Thierry Henry,1,12 min 22 sec,99.3,57.4,27.04,13.04,17.4,Right Foot,direct,36,0.0388,0
b1d0e05e763458f0eaa06796626a3360,3749526,Premier League,2003-2004,Arsenal,Thierry Henry,2,86 min 27 sec,87.0,47.0,33.73,13.24,7.0,Right Foot,direct,36,0.021,0
075a3fbc035df180a6064103602e4da6,3749526,Premier League,2003-2004,Arsenal,Thierry Henry,1,47 min 27 sec,99.1,58.1,27.65,12.59,18.1,Right Foot,direct,36,0.019,0
dd8164d42902ed2c6651fe94dfe22e38,3749526,Premier League,2003-2004,Arsenal,Thierry Henry,1,8 min 58 sec,91.1,35.9,29.19,15.46,4.1,Right Foot,direct,36,0.0448,0
50c226161ea9b818783f3db012e1c45e,3749526,Premier League,2003-2004,Arsenal,Thierry Henry,1,39 min 0 sec,97.5,30.9,24.27,17.44,9.1,Right Foot,direct,36,0.0694,1
615f97f21a1ea3362019ecf2108eb574,3749528,Premier League,2003-2004,Arsenal,Edu Gaspar,2,53 min 40 sec,93.6,58.2,32.07,11.79,18.2,Left Foot,direct,8,0.008,0
0e5b4237ea08310c56298b36cd1bbf97,3749528,Premier League,2003-2004,Newcastle United,Laurent Robert,2,76 min 22 sec,102.0,62.4,28.74,10.08,22.4,Left Foot,direct,3,0.0083,0
c3e2cb624e5d99e5308d04fa5bb92d23,3749552,Premier League,2003-2004,Arsenal,Edu Gaspar,2,89 min 7 sec,80.9,47.6,39.83,11.26,7.6,Left Foot,direct,8,0.0074,0
897f39ac1736ada5a4352cf595a39b65,3749590,Premier League,2003-2004,Leicester City,Craig Hignett,2,79 min 3 sec,85.8,42.0,34.26,13.3,2.0,Right Foot,direct,1,0.0191,0
fb5087c2f10328bfd7c15f67c13065e4,3749590,Premier League,2003-2004,Arsenal,Edu Gaspar,1,42 min 14 sec,94.2,51.8,28.37,14.66,11.8,Left Foot,direct,8,0.0388,0
9b6fd4e469e225009ee499d21dda8ba7,3749603,Premier League,2003-2004,Fulham,Luís Boa Morte,2,52 min 40 sec,97.0,58.2,29.33,12.3,18.2,Left Foot,direct,1,0.0124,0
96ec8ef927d1f82dd037a410e9ce1227,3749603,Premier League,2003-2004,Arsenal,Thierry Henry,2,89 min 26 sec,93.9,29.7,28.06,15.15,10.3,Right Foot,direct,36,0.0512,0
dfb01d0e2259233eb50c37606dca51a7,3749603,Premier League,2003-2004,Fulham,Steed Malbranque,2,85 min 21 sec,101.5,50.4,21.22,18.81,10.4,Right Foot,direct,2,0.0763,0
0edbf53a8f3cc9ffb144cdae900a42c9,3749603,Premier League,2003-2004,Fulham,Steed Malbranque,1,10 min 31 sec,93.9,41.9,26.17,17.34,1.9,Right Foot,direct,2,0.0627,0
b82d9c71934a2460718eb9300507b846,3749631,Premier League,2003-2004,Southampton,Graeme Le Saux,1,30 min 23 sec,83.0,54.5,39.74,10.72,14.5,Left Foot,direct,1,0.0059,0
bac8aeeb39c71b9fd3a2c38c885005ef,3749642,Premier League,2003-2004,Charlton Athletic,Claus Jensen,2,58 min 58 sec,93.1,31.9,28.09,15.55,8.1,Right Foot,direct,1,0.0548,1
8c7185df05842ec62b101ce0933209f8,3749642,Premier League,2003-2004,Arsenal,Thierry Henry,2,65 min 51 sec,87.7,46.7,32.99,13.55,6.7,Right Foot,direct,36,0.0273,0
dbb34b06a05a890d96cfc01fd11d1a82,3749642,Premier League,2003-2004,Arsenal,Edu Gaspar,1,45 min 6 sec,88.2,40.8,31.81,14.33,0.8,Left Foot,direct,8,0.0298,0
1bf6094b7acb85f9353b06a04a68e9f3,2302764,Champions League,2004-2005,AC Milan,Andrea Pirlo,3,94 min 6 sec,87.4,36.9,32.75,13.87,3.1,Right Foot,direct,3,0.027,0
f5465eb618351f144433ac080660c409,68313,La Liga,2004-2005,Osasuna,Raúl García,2,89 min 36 sec,90.3,55.0,33.27,12.29,15.0,Left Foot,direct,1,0.0096,0
1b51bbbf63fa330413f709e7cfa2794b,68314,La Liga,2004-2005,Málaga,Duda,1,35 min 36 sec,88.1,48.0,32.89,13.47,8.0,Left Foot,direct,15,0.0304,0
8dd917003000a402c0894f0d157b1ea6,68315,La Liga,2004-2005,Levante UD,Alexis,2,54 min 40 sec,81.9,39.7,38.1,11.99,0.3,Left Foot,direct,1,0.0061,0
55b3d753443886fb46e83a9a8c4efa52,68315,La Liga,2004-2005,Barcelona,Ronaldinho,2,58 min 57 sec,100.8,25.8,23.88,15.49,14.2,Right Foot,direct,97,0.0611,0
bc9f74260950a1455650ed113e3a47a0,68315,La Liga,2004-2005,Barcelona,Deco,1,32 min 4 sec,83.0,34.1,37.47,12.04,5.9,Right Foot,direct,12,0.008,1
1655e5f87ad64dce879c49bf87432808,68316,La Liga,2004-2005,Barcelona,Giovanni van Bronckhorst,2,80 min 55 sec,87.6,43.1,32.55,13.95,3.1,Left Foot,direct,3,0.0265,0
377db6dd35ae77ec4256d387d1dc43de,68316,La Liga,2004-2005,Barcelona,Rafael Márquez,1,1 min 42 sec,89.7,25.9,33.42,12.42,14.1,Right Foot,direct,18,0.0078,0
cf1c16c42ef6efe8142f206a382f409c,68316,La Liga,2004-2005,Barcelona,Ronaldinho,1,27 min 49 sec,89.5,33.8,31.12,14.37,6.2,Right Foot,direct,97,0.0305,0
218e84f8d4a85e78b658c28fb0ca5a97,68316,La Liga,2004-2005,Barcelona,Ronaldinho,2,46 min 16 sec,89.4,44.4,30.91,14.6,4.4,Right Foot,direct,97,0.0319,0
3e84b953a65678fc359cc19a08a87d42,68316,La Liga,2004-2005,Albacete,Mark González,2,60 min 20 sec,96.1,64.6,34.3,9.36,24.6,Left Foot,direct,1,0.0064,0
6ad30ee17c0a612854fbf50a6b42487c,68316,La Liga,2004-2005,Barcelona,Ronaldinho,2,47 min 9 sec,90.3,43.3,29.88,15.16,3.3,Right Foot,direct,97,0.0386,0
f36ce14eef9abd7cf49c15f5602e0310,68352,La Liga,2004-2005,Barcelona,Ronaldinho,1,29 min 30 sec,97.5,44.3,22.91,19.48,4.3,Right Foot,direct,97,0.0923,1
303cc5a0c4ec86ce75695d9dc56713f5,68352,La Liga,2004-2005,Barcelona,Ronaldinho,1,41 min 17 sec,91.0,43.1,29.17,15.53,3.1,Right Foot,direct,97,0.0503,0
d35a013b992a6a662775f4091de51581,68352,La Liga,2004-2005,Barcelona,Ronaldinho,1,9 min 33 sec,88.5,42.8,31.62,14.36,2.8,Right Foot,direct,97,0.0299,0
b3310cb5cdd47495cab09accd0d0888e,68353,La Liga,2004-2005,Espanyol,Iván de la Peña,1,13 min 2 sec,99.1,16.5,31.45,9.75,23.5,Right Foot,direct,1,0.0076,0
da99b0430fd564b75d7203d6cfb2a14b,68353,La Liga,2004-2005,Barcelona,Ronaldinho,1,45 min 31 sec,98.0,34.3,22.73,19.37,5.7,Right Foot,direct,97,0.0786,0
b8535212b02f79a87ebe6f5ca1121881,68353,La Liga,2004-2005,Barcelona,Giovanni van Bronckhorst,2,78 min 1 sec,91.1,47.1,29.76,14.89,7.1,Left Foot,direct,3,0.0352,0
c6747feeb5910a16191cfa1695645eb9,68353,La Liga,2004-2005,Barcelona,Ronaldinho,1,41 min 21 sec,91.5,32.8,29.4,15.05,7.2,Right Foot,direct,97,0.0485,0
7f12af07ddfd6ddf24c781aada682645,68317,La Liga,2005-2006,Real Zaragoza,Sávio,1,19 min 24 sec,96.7,27.4,26.49,15.21,12.6,Right Foot,direct,2,0.0643,0
ad977245fd5a4003356d413fb88dc884,68317,La Liga,2005-2006,Barcelona,Ronaldinho,2,57 min 54 sec,92.1,54.2,31.31,13.04,14.2,Right Foot,direct,97,0.0276,0
e2d2db5d44bf0a6e75d72a5e878d0c7a,68317,La Liga,2005-2006,Barcelona,Ronaldinho,1,15 min 39 sec,95.5,32.3,25.68,16.94,7.7,Right Foot,direct,97,0.0694,0
0437c0e302a0588351ec360342dbea50,68317,La Liga,2005-2006,Real Zaragoza,Sávio,2,93 min 42 sec,94.6,43.5,25.64,17.58,3.5,Left Foot,direct,2,0.0813,0
975500d7839c01b3c111a7af3a54a851,68317,La Liga,2005-2006,Barcelona,Ronaldinho,2,74 min 23 sec,95.0,38.9,25.02,18.15,1.1,Right Foot,direct,97,0.0801,0
618affda46a5d8f8d023c465452822fe,68318,La Liga,2005-2006,Barcelona,Ronaldinho,2,60 min 36 sec,99.7,22.5,26.8,13.02,17.5,Right Foot,direct,97,0.039,0
3aadd1c38dac79b349afe6b842011a76,68319,La Liga,2005-2006,Barcelona,Ronaldinho,1,5 min 14 sec,88.6,41.3,31.43,14.5,1.3,Right Foot,direct,97,0.0292,0
0e5e49da3380d92d1fb8d366daf74af9,68320,La Liga,2005-2006,Barcelona,Thiago Motta,1,6 min 12 sec,74.1,17.9,50.94,8.1,22.1,Left Foot,direct,3,0.0054,0
b4dc3c530fdfe4586d1f3787fb65c6c8,68320,La Liga,2005-2006,Villarreal,Juan Román Riquelme,2,89 min 41 sec,99.8,22.3,26.86,12.9,17.7,Right Foot,direct,1,0.0322,0
ca4abe806afc4ead160c2c89779aace5,68320,La Liga,2005-2006,Barcelona,Ronaldinho,1,29 min 47 sec,85.6,28.6,36.24,11.98,11.4,Right Foot,direct,97,0.0073,0
50fda68372b41ce7075118e1aa90c857,68320,La Liga,2005-2006,Barcelona,Ronaldinho,1,23 min 29 sec,93.8,16.6,35.13,9.76,23.4,Right Foot,direct,97,0.0065,0
e3fef33d9b809e150557fb3047da686a,68320,La Liga,2005-2006,Barcelona,Ronaldinho,2,60 min 20 sec,92.7,32.5,28.31,15.54,7.5,Right Foot,direct,97,0.0567,0
5ad8d623153b8638f90a3502e9dd989a,68321,La Liga,2005-2006,Barcelona,Ronaldinho,2,52 min 7 sec,100.8,14.9,31.6,8.88,25.1,Right Foot,direct,97,0.008,0
d58ea761d4a81d872c26a0718302f165,68321,La Liga,2005-2006,Barcelona,Ronaldinho,1,35 min 20 sec,108.3,8.4,33.7,4.78,31.6,Right Foot,direct,97,0.0072,0
7f4290454034f520138ff0308c6d9e98,68322,La Liga,2005-2006,Barcelona,Deco,2,73 min 9 sec,86.0,44.4,34.28,13.2,4.4,Right Foot,direct,12,0.0245,0
d82b8fb134b6b70250caaa69180934b3,68323,La Liga,2005-2006,Barcelona,Deco,2,59 min 12 sec,95.7,25.7,28.2,14.01,14.3,Right Foot,direct,12,0.0394,0
25c81d7cf0af325ab85617528343bdf9,68323,La Liga,2005-2006,Barcelona,Ronaldinho,2,88 min 35 sec,89.6,37.2,30.53,14.87,2.8,Right Foot,direct,97,0.0352,0
4e969ff4cbf741c39bb654bdff9f3f14,68323,La Liga,2005-2006,Barcelona,Ronaldinho,1,26 min 7 sec,100.8,51.5,22.38,17.58,11.5,Right Foot,direct,97,0.0767,0
8e92c220b2fd2e4bc7520c714e585c2a,68324,La Liga,2005-2006,Barcelona,Ronaldinho,2,62 min 13 sec,98.8,56.2,26.68,13.7,16.2,Right Foot,direct,97,0.0461,0
64d14140b7c196bc85d01a3a2e408509,68324,La Liga,2005-2006,Deportivo Alavés,Jandro,1,18 min 45 sec,101.4,29.3,21.46,18.51,10.7,Right Foot,direct,1,0.0885,0
0126a1f224fac6b04db588d620c2543e,68325,La Liga,2005-2006,Barcelona,Ronaldinho,1,35 min 11 sec,91.7,28.2,30.66,13.77,11.8,Right Foot,direct,97,0.0396,0
5684299e6016349d43d156a806cc856e,68325,La Liga,2005-2006,Mallorca,Juan Arango,2,56 min 58 sec,85.1,36.1,35.12,12.92,3.9,Left Foot,direct,1,0.019,0
22a95d60f25fa899d9c3d93fd8181fb1,68339,La Liga,2005-2006,Barcelona,Ronaldinho,2,84 min 39 sec,86.3,49.8,35.1,12.5,9.8,Right Foot,direct,97,0.0091,0
857a4c82f09b277899adfa1d81d1a5f8,68339,La Liga,2005-2006,Getafe,Mario Cotelo,1,31 min 35 sec,107.1,15.2,27.95,7.68,24.8,Right Foot,direct,1,0.0073,0
500921374742c349367a4171f6aa33df,68339,La Liga,2005-2006,Barcelona,Thiago Motta,2,70 min 54 sec,95.0,58.4,31.04,11.92,18.4,Left Foot,direct,3,0.0104,1
e4563773f2945a7b088a42246c4eb090,68348,La Liga,2005-2006,Barcelona,Ronaldinho,1,43 min 15 sec,94.0,29.8,27.93,15.23,10.2,Right Foot,direct,97,0.0502,0
c7a564727357bbf17b360aed60d356be,68348,La Liga,2005-2006,Barcelona,Ronaldinho,1,9 min 31 sec,93.1,33.9,27.58,16.12,6.1,Right Foot,direct,97,0.0605,0
bdfeb560598d8747bdb6931a2fcbe563,68348,La Liga,2005-2006,Barcelona,Ronaldinho,2,66 min 48 sec,93.2,21.7,32.45,11.68,18.3,Right Foot,direct,97,0.0086,0
93fd76f5dec1baca1168a43c76a9f5cc,68348,La Liga,2005-2006,Barcelona,Edmilson,2,80 min 34 sec,89.9,21.7,35.23,11.12,18.3,Right Foot,direct,2,0.0077,0
d6b2bae649c9c3230064f4f34c187dc7,68348,La Liga,2005-2006,Espanyol,Frédson,1,36 min 4 sec,76.9,37.8,43.16,10.58,2.2,Right Foot,direct,1,0.0051,0
0ca03a9db30a689e5f3fe9eb4437c6fe,68348,La Liga,2005-2006,Barcelona,Thiago Motta,2,54 min 56 sec,94.4,54.2,29.27,13.69,14.2,Left Foot,direct,3,0.0436,0
8408bb8b53573814a64ce53468b34491,68350,La Liga,2005-2006,Barcelona,Deco,2,67 min 14 sec,94.5,24.0,30.1,12.91,16.0,Right Foot,direct,12,0.0264,0
617151b54e2ed6a7e82023e84453712e,68350,La Liga,2005-2006,Barcelona,Giovanni van Bronckhorst,2,80 min 36 sec,87.2,53.9,35.62,11.83,13.9,Left Foot,direct,3,0.0081,0
9de435a64472c5671a6fb568bbb829f6,68350,La Liga,2005-2006,Atlético Madrid,Luciano Galletti,2,59 min 1 sec,82.1,49.0,38.95,11.42,9.0,Left Foot,direct,1,0.0064,0
d16ed274ff0e51bcec950b1a23e2594e,68350,La Liga,2005-2006,Atlético Madrid,Martin Petrov,1,45 min 38 sec,88.4,24.1,35.37,11.57,15.9,Left Foot,direct,1,0.0094,0
5da14e95d9bc1946f8d233847c087f6a,68354,La Liga,2005-2006,Barcelona,Rafael Márquez,2,48 min 22 sec,88.4,24.8,35.07,11.77,15.2,Right Foot,direct,18,0.008,0
8b4b1abb723a75ccfb4cd29546fb3784,68354,La Liga,2005-2006,Barcelona,Ronaldinho,1,13 min 26 sec,99.4,21.8,27.49,12.56,18.2,Right Foot,direct,97,0.0231,0
2364f25e22c9ac63805724195303147f,68354,La Liga,2005-2006,Barcelona,Ronaldinho,1,10 min 58 sec,93.0,50.8,29.08,14.59,10.8,Right Foot,direct,97,0.042,0
50260361029949a229a7883b4601571e,69164,La Liga,2005-2006,Barcelona,Ronaldinho,2,63 min 55 sec,95.5,22.6,30.05,12.46,17.4,Right Foot,direct,97,0.012,0
65c9c937f6268f5c7306cd864591a6a6,69164,La Liga,2005-2006,Barcelona,Ronaldinho,1,35 min 37 sec,87.9,49.5,33.48,13.09,9.5,Right Foot,direct,97,0.026,0
7ecce8d1b73a4f056f0c02cfe8282c24,69172,La Liga,2005-2006,Barcelona,Ronaldinho,1,33 min 0 sec,87.2,37.2,32.92,13.81,2.8,Right Foot,direct,97,0.0263,0
57c44d9f22ef47bb7e9cd1b0a8c242f2,69172,La Liga,2005-2006,Real Betis,Joaquín,2,61 min 3 sec,91.4,59.1,34.39,11.09,19.1,Right Foot,direct,7,0.0085,1
0b005eef4f785237aad3fb820785be66,69172,La Liga,2005-2006,Barcelona,Samuel Eto'o,2,88 min 47 sec,89.4,54.2,33.73,12.31,14.2,Right Foot,direct,3,0.008,0
3a5767ce44b7257455c87fc3564687b7,3750200,Champions League,2006-2007,AC Milan,Andrea Pirlo,1,44 min 28 sec,96.1,36.0,24.23,18.51,4.0,Right Foot,direct,3,0.0713,0
215ef698333b480a338e1412ee12aece,3750200,Champions League,2006-2007,AC Milan,Andrea Pirlo,2,59 min 53 sec,95.6,22.2,30.2,12.29,17.8,Right Foot,direct,3,0.0103,0
12c079a8fffcd276d1c9bea18ed83f20,68326,La Liga,2006-2007,Barcelona,Rafael Márquez,1,7 min 13 sec,88.3,40.9,31.71,14.37,0.9,Right Foot,direct,18,0.0292,0
cbf6964305f3a74d0c2887b6268882ad,68327,La Liga,2006-2007,Barcelona,Rafael Márquez,1,25 min 35 sec,85.6,40.8,34.41,13.26,0.8,Right Foot,direct,18,0.0224,0
5c43b98f5ea18a86ba18ecdd254e862f,68328,La Liga,2006-2007,Valencia,David Villa,1,33 min 57 sec,92.4,27.4,30.34,13.72,12.6,Right Foot,direct,8,0.0363,0
36fefec30121dddb830fb800ee5f586d,68328,La Liga,2006-2007,Barcelona,Ronaldinho,2,93 min 1 sec,99.8,36.8,20.45,21.89,3.2,Right Foot,direct,97,0.1052,0
8a81dae0c7cad997419d544450381c6a,68328,La Liga,2006-2007,Barcelona,Ronaldinho,2,78 min 0 sec,90.8,41.1,29.22,15.58,1.1,Right Foot,direct,97,0.0489,0
952dfe2ce189330eba9338491aa4fc6b,68328,La Liga,2006-2007,Barcelona,Ronaldinho,1,27 min 34 sec,88.7,51.8,33.45,12.79,11.8,Right Foot,direct,97,0.0198,0
586c2a6e04c42f578e9c55c7fa0c3616,68329,La Liga,2006-2007,Sevilla,Dani Alves,2,50 min 13 sec,87.0,43.6,33.2,13.66,3.6,Right Foot,direct,51,0.0284,0
7dea01abe47861da1ebbf51c9e3482b6,68329,La Liga,2006-2007,Barcelona,Ronaldinho,1,38 min 35 sec,87.5,34.2,33.01,13.61,5.8,Right Foot,direct,97,0.0325,1
0093c000632fa5b3e5e3ecf74f585c8a,68329,La Liga,2006-2007,Barcelona,Ronaldinho,1,18 min 48 sec,86.6,52.3,35.59,12.06,12.3,Right Foot,direct,97,0.0084,0
d1d59ebfa47cefd30d4605c358e07d49,68330,La Liga,2006-2007,Barcelona,Ronaldinho,1,41 min 51 sec,90.1,40.9,29.91,15.23,0.9,Right Foot,direct,97,0.0314,0
74dd8f1bb280803babd66e7416c45579,68330,La Liga,2006-2007,Barcelona,Ronaldinho,2,82 min 22 sec,90.9,41.5,29.14,15.61,1.5,Right Foot,direct,97,0.0445,0
c00531151c5535c7fb887cc343e312c3,68330,La Liga,2006-2007,Barcelona,Ronaldinho,2,67 min 0 sec,95.2,33.9,25.54,17.32,6.1,Right Foot,direct,97,0.0686,0
1b2af35de510545fdc2d3c32a34c580e,68330,La Liga,2006-2007,Real Madrid,Roberto Carlos,1,8 min 36 sec,83.8,30.5,37.43,11.81,9.5,Left Foot,direct,1,0.0077,0
dfa186811c037d37b1e450017939ad45,68331,La Liga,2006-2007,Barcelona,Ronaldinho,1,28 min 10 sec,90.9,44.2,29.4,15.34,4.2,Right Foot,direct,97,0.0468,0
1c000d9d55e530354b217f6c7876bf12,68331,La Liga,2006-2007,Barcelona,Ronaldinho,2,85 min 18 sec,99.1,25.0,25.73,14.52,15.0,Right Foot,direct,97,0.0505,1
4a597c8a077223237c82ac4ff983e38c,68331,La Liga,2006-2007,Barcelona,Ronaldinho,2,95 min 44 sec,91.7,50.0,30.01,14.35,10.0,Right Foot,direct,97,0.0422,0
d300666e0f12589f3a4e2f8bd44b358b,68332,La Liga,2006-2007,Barcelona,Ronaldinho,2,91 min 41 sec,96.8,32.7,24.32,17.87,7.3,Right Foot,direct,97,0.0802,1
64f1c991d0a0fa1685127ef3c11494a5,68332,La Liga,2006-2007,Barcelona,Ronaldinho,2,83 min 47 sec,94.2,38.4,25.85,17.56,1.6,Right Foot,direct,97,0.0712,0
2cd839ebb063ec99131fd3c5292080f9,68332,La Liga,2006-2007,Barcelona,Ronaldinho,2,75 min 24 sec,98.9,33.0,22.23,19.44,7.0,Right Foot,direct,97,0.1003,0
a4a77fd1fe45c6ca7c78a4e0c53ce00c,68333,La Liga,2006-2007,Barcelona,Ronaldinho,2,76 min 30 sec,100.2,20.7,27.65,11.95,19.3,Right Foot,direct,97,0.0107,0
c445818142a67ec32969a4aa9f9e6497,68333,La Liga,2006-2007,Barcelona,Ronaldinho,2,89 min 35 sec,99.6,21.1,27.81,12.16,18.9,Right Foot,direct,97,0.0106,0
3899cc9f7d11dc5a1393b471d7955044,68334,La Liga,2006-2007,Sevilla,Dani Alves,2,69 min 46 sec,86.6,30.7,34.67,12.7,9.3,Right Foot,direct,51,0.0129,0
be7a45ec4b74ac7aa1d110c81bdf7c9f,68334,La Liga,2006-2007,Barcelona,Andrés Iniesta,2,86 min 33 sec,94.7,29.6,27.35,15.45,10.4,Right Foot,direct,2,0.0543,0
2123ff53102d014a891c6c9c7f385243,68334,La Liga,2006-2007,Sevilla,Dani Alves,1,42 min 50 sec,87.9,53.9,34.98,12.01,13.9,Right Foot,direct,51,0.0074,0
83b0bfb8d57bed18f593142c946c9b36,68334,La Liga,2006-2007,Sevilla,Dani Alves,2,60 min 8 sec,100.1,22.1,26.77,12.81,17.9,Right Foot,direct,51,0.0287,1
cc50f478ae8903741e235d8446e58deb,68334,La Liga,2006-2007,Barcelona,Ronaldinho,1,41 min 1 sec,93.1,8.1,41.73,7.11,31.9,Right Foot,direct,97,0.0061,0
0c585117548814c27c06ec5f879401ef,68335,La Liga,2006-2007,Real Madrid,Guti,1,8 min 41 sec,96.1,23.2,29.21,12.86,16.8,Left Foot,direct,1,0.0323,0
ef691dc7f9203b0dda0708c2656497e4,68336,La Liga,2006-2007,Barcelona,Ronaldinho,1,37 min 13 sec,92.2,30.0,29.54,14.55,10.0,Right Foot,direct,97,0.0407,1
648a3a47a3b31250eb06319865693455,68336,La Liga,2006-2007,Barcelona,Ronaldinho,2,85 min 13 sec,83.3,55.6,39.88,10.56,15.6,Right Foot,direct,97,0.0067,0
d32367954b3c6257aa6a37df4d334731,68336,La Liga,2006-2007,Barcelona,Ronaldinho,1,10 min 0 sec,84.4,23.5,39.24,10.59,16.5,Right Foot,direct,97,0.0072,0
300faf5a81bd534b06ff251d97195b8b,68340,La Liga,2006-2007,Racing Santander,Vitolo,1,11 min 42 sec,90.2,47.5,30.73,14.4,7.5,Right Foot,direct,1,0.0327,0
5c24584a79b20e1834f5c90017c223b1,68340,La Liga,2006-2007,Barcelona,Edmilson,2,56 min 18 sec,83.2,38.1,36.85,12.37,1.9,Right Foot,direct,2,0.0063,0
d2010210a391db69eb964dfaadeb361d,68340,La Liga,2006-2007,Barcelona,Ronaldinho,1,15 min 3 sec,93.4,35.4,26.99,16.62,4.6,Right Foot,direct,97,0.0597,0
dedd7430d643874850cc632abd06287a,68340,La Liga,2006-2007,Barcelona,Ronaldinho,2,68 min 51 sec,91.8,38.6,28.23,16.11,1.4,Right Foot,direct,97,0.0472,0
e75752932b6fa0fdcd14112fdd793963,68347,La Liga,2006-2007,Barcelona,Ronaldinho,1,33 min 3 sec,91.6,37.5,28.51,15.91,2.5,Right Foot,direct,97,0.049,0
d268e471ae02a00b89a329db8d336c0b,68347,La Liga,2006-2007,Barcelona,Rafael Márquez,2,50 min 27 sec,87.0,38.7,33.03,13.8,1.3,Right Foot,direct,18,0.0236,0
325f671452f5c29bda6500bb8f730bc9,68347,La Liga,2006-2007,Barcelona,Ronaldinho,1,20 min 54 sec,93.3,52.4,29.44,14.1,12.4,Right Foot,direct,97,0.0431,0
4b843dbc649c6270f1f3249464019c6a,69154,La Liga,2006-2007,Barcelona,Ronaldinho,2,50 min 31 sec,93.9,30.1,27.91,15.3,9.9,Right Foot,direct,97,0.0465,1
350a150421a57acffd8760d6f59e8561,69154,La Liga,2006-2007,Racing Santander,Óscar Serrano,2,60 min 24 sec,95.1,32.0,26.15,16.6,8.0,Left Foot,direct,1,0.0626,0
7da6f810dc20e602146040ad6ff44d6e,69154,La Liga,2006-2007,Barcelona,Ronaldinho,1,20 min 9 sec,90.8,39.2,29.21,15.59,0.8,Right Foot,direct,97,0.0442,0
245384bd0ed19d9a74917aa9e43d4c79,69154,La Liga,2006-2007,Racing Santander,Cristian Álvarez,2,80 min 31 sec,87.6,28.9,34.25,12.63,11.1,Right Foot,direct,1,0.015,0
a2cdcb5b5a7a74b20ccf1e1058aa54f9,69155,La Liga,2006-2007,Barcelona,Ronaldinho,2,92 min 49 sec,96.4,51.5,26.25,15.67,11.5,Right Foot,direct,97,0.0584,0
7b6053d7dfc22884d3be5281d593d924,69155,La Liga,2006-2007,Villarreal,Marcos Senna,2,78 min 30 sec,98.2,59.5,29.25,11.74,19.5,Right Foot,direct,3,0.0105,0
a433a03053214d059fc1ac9b8d67830a,69155,La Liga,2006-2007,Barcelona,Ronaldinho,2,82 min 45 sec,86.0,47.7,34.86,12.78,7.7,Right Foot,direct,97,0.0175,0
96ee2836eb9b947c360d97d963d5c936,69155,La Liga,2006-2007,Barcelona,Ronaldinho,2,52 min 50 sec,91.4,54.4,32.02,12.77,14.4,Right Foot,direct,97,0.0212,0
1cfaf0b99cd21850541b9902a87076b2,69156,La Liga,2006-2007,Barcelona,Ronaldinho,2,87 min 31 sec,87.3,39.3,32.71,13.94,0.7,Right Foot,direct,97,0.0246,0
698df9ab2c718bbe19cc5a6c87fa7eb6,69156,La Liga,2006-2007,Barcelona,Ronaldinho,2,68 min 30 sec,95.0,53.8,28.56,14.05,13.8,Right Foot,direct,97,0.0443,0
257a5a676e7be0859edd7f5358f81eaf,69156,La Liga,2006-2007,Levante UD,Olivier Kapo,1,25 min 53 sec,93.1,30.7,28.46,15.16,9.3,Left Foot,direct,1,0.0511,0
0e61a2a2201395f994d709306d2abb81,69157,La Liga,2006-2007,Barcelona,Ronaldinho,1,11 min 18 sec,90.9,59.4,34.97,10.92,19.4,Right Foot,direct,97,0.0083,0
212c170c2072e1c3b27a18add31d218a,69157,La Liga,2006-2007,Barcelona,Deco,2,65 min 5 sec,111.6,16.1,25.33,6.13,23.9,Right Foot,direct,12,0.0083,0
5ba0f82fbe596e7a117ecd1cf8aee2dc,69157,La Liga,2006-2007,Barcelona,Deco,2,67 min 9 sec,89.9,26.6,32.95,12.69,13.4,Right Foot,direct,12,0.0143,0
936c05b3a7b0ddaeb2ad90f15be6ba48,69157,La Liga,2006-2007,Getafe,Juan Albín,2,87 min 51 sec,88.3,37.1,31.83,14.27,2.9,Left Foot,direct,1,0.0312,0
72b157651e952b01da5fdce93b0b6786,69159,La Liga,2006-2007,Barcelona,Lionel Messi,1,31 min 40 sec,113.7,62.1,22.98,5.62,22.1,Left Foot,direct,473,0.0074,0
9d02f18570cd4c237764619c68543422,69159,La Liga,2006-2007,Mallorca,Fernando Navarro,1,44 min 17 sec,105.2,62.7,27.1,9.36,22.7,Left Foot,direct,1,0.0089,0
7184997a405f9e2c09abacfddec50d13,69159,La Liga,2006-2007,Barcelona,Deco,1,46 min 58 sec,95.5,32.2,25.71,16.9,7.8,Right Foot,direct,12,0.0661,0
9488391bb8dec6eab1b0220752d1a44c,69160,La Liga,2006-2007,Barcelona,Ronaldinho,2,71 min 29 sec,88.6,25.1,34.76,11.9,14.9,Right Foot,direct,97,0.0082,0
7819e6aea41534c872f110a6575ef59f,69165,La Liga,2006-2007,Espanyol,Luis García,2,49 min 19 sec,94.7,24.3,29.78,13.09,15.7,Right Foot,direct,2,0.0331,0
5d32ea08d05e3aee4c46db440832f8c0,69165,La Liga,2006-2007,Barcelona,Deco,1,28 min 22 sec,93.2,44.1,27.11,16.6,4.1,Right Foot,direct,12,0.0642,0
30651d55fd37f32b024cf066fc26ae02,69174,La Liga,2006-2007,RC Deportivo La Coruña,Joan Verdú,1,30 min 58 sec,97.7,36.2,22.62,19.79,3.8,Right Foot,direct,3,0.0915,0
fb7e3f23247b0e483b4a2ff1aa95f595,69174,La Liga,2006-2007,RC Deportivo La Coruña,Riki,1,7 min 44 sec,110.5,68.4,29.95,4.93,28.4,Left Foot,direct,1,0.0072,0
5796650bf5af59a9a03cf22109fe4f43,69174,La Liga,2006-2007,RC Deportivo La Coruña,Sergio,1,15 min 20 sec,75.3,55.7,47.38,9.12,15.7,Right Foot,direct,1,0.005,0
eb32ada5ff4f444547bd67f05ca0a6ac,69175,La Liga,2006-2007,Barcelona,Ronaldinho,1,20 min 21 sec,95.8,19.3,31.85,10.98,20.7,Right Foot,direct,97,0.0109,0
559f1d6e24e3969922ec2075af652b62,69175,La Liga,2006-2007,Barcelona,Ronaldinho,2,70 min 51 sec,88.7,30.8,32.62,13.43,9.2,Right Foot,direct,97,0.0293,0
02496d783a83870a017075b350a6acc1,69175,La Liga,2006-2007,Barcelona,Ronaldinho,1,46 min 58 sec,113.0,16.9,24.14,5.64,23.1,Right Foot,direct,97,0.0066,0
765e6f283beb3415ded2372b5103a933,69176,La Liga,2006-2007,Barcelona,Ronaldinho,1,32 min 15 sec,95.7,36.2,24.6,18.27,3.8,Right Foot,direct,97,0.0718,0
c2800ca5db9aa26a8185d7a94310636f,69176,La Liga,2006-2007,Barcelona,Ronaldinho,1,16 min 28 sec,85.6,39.5,34.4,13.26,0.5,Right Foot,direct,97,0.0184,0
d80aa9c3fd9620d84bbedb65d2895672,69176,La Liga,2006-2007,Barcelona,Ronaldinho,2,47 min 30 sec,86.3,53.5,36.3,11.7,13.5,Right Foot,direct,97,0.0075,0
c079aefb9e84241e1f98724fb447dacd,69179,La Liga,2006-2007,Real Zaragoza,Andrés D'Alessandro,1,24 min 52 sec,91.9,51.1,30.21,14.07,11.1,Left Foot,direct,2,0.0306,0
ad54847d2a18e2f92149a17464efd8df,69179,La Liga,2006-2007,Real Zaragoza,Andrés D'Alessandro,1,28 min 19 sec,95.4,54.7,28.66,13.73,14.7,Left Foot,direct,2,0.04,0
2f79933e20bf6042ffab18909ed86b55,68356,La Liga,2007-2008,Barcelona,Xavi,1,32 min 20 sec,98.6,52.1,24.58,16.22,12.1,Right Foot,direct,59,0.0659,0
7f4ff460a9512f99d0770f09566936ca,68356,La Liga,2007-2008,Barcelona,Ronaldinho,2,71 min 51 sec,89.7,27.6,32.74,12.93,12.4,Right Foot,direct,97,0.0244,0
5b9b06e2c2f4f5e17a236370564e6890,68358,La Liga,2007-2008,Recreativo Huelva,Beto,2,79 min 8 sec,91.6,32.5,29.37,15.02,7.5,Right Foot,direct,2,0.0372,0
d74fec53f05a409fd6d45664c6081482,68359,La Liga,2007-2008,Barcelona,Xavi,1,8 min 54 sec,94.4,48.0,26.82,16.23,8.0,Right Foot,direct,59,0.0617,0
03da9b729f921a0924e37f5282946501,68361,La Liga,2007-2008,Barcelona,Lionel Messi,2,91 min 36 sec,97.8,27.5,25.48,15.67,12.5,Left Foot,direct,473,0.0604,0
cd71fe729b194854dd6483cc7ea688cd,68361,La Liga,2007-2008,Barcelona,Lionel Messi,1,22 min 9 sec,98.7,72.7,39.03,6.45,32.7,Left Foot,direct,473,0.008,0
8d931382036d0d31801c06ed8137301a,68361,La Liga,2007-2008,Real Madrid,W. Sneijder,1,16 min 47 sec,99.5,30.8,22.47,18.54,9.2,Right Foot,direct,5,0.0788,0
14b01784228102d8d6cb9b611432e035,68361,La Liga,2007-2008,Barcelona,Xavi,1,45 min 44 sec,94.4,45.9,26.27,16.9,5.9,Right Foot,direct,59,0.0637,0
b7cbcbe8e4f4637591e73c600d696bc1,68361,La Liga,2007-2008,Barcelona,Thierry Henry,1,25 min 55 sec,94.5,39.4,25.51,17.82,0.6,Right Foot,direct,36,0.0736,0
80afe261db50f09533b468d7d79e95f9,68363,La Liga,2007-2008,Barcelona,Ronaldinho,2,81 min 42 sec,86.8,35.8,33.46,13.53,4.2,Right Foot,direct,97,0.0244,0
c59fa95cf3279f53121a502b6058b238,68363,La Liga,2007-2008,Barcelona,Ronaldinho,2,84 min 31 sec,87.7,37.1,32.43,14.01,2.9,Right Foot,direct,97,0.0228,0
5acd9e89fe041c2025438b2bdf688c39,68364,La Liga,2007-2008,Barcelona,Deco,2,49 min 30 sec,100.1,54.7,24.74,14.95,14.7,Right Foot,direct,12,0.0529,0
9368b5588b88e88e10ac624c3dc6a62d,68364,La Liga,2007-2008,Villarreal,Marcos Senna,2,59 min 25 sec,100.5,30.6,21.65,19.02,9.4,Right Foot,direct,3,0.0862,0
13cf30c7c410e47fe6750f08fa49dfbd,68364,La Liga,2007-2008,Villarreal,Joan Capdevila,2,73 min 29 sec,101.2,54.0,23.44,15.75,14.0,Left Foot,direct,1,0.0612,0
0d099755daed155a67b8e0dc330ac6a8,68365,La Liga,2007-2008,Barcelona,Ronaldinho,1,0 min 57 sec,85.3,44.7,35.02,12.92,4.7,Right Foot,direct,97,0.0195,0
8baf8515286c420e4dd6bcfc91b28576,68365,La Liga,2007-2008,Barcelona,Ronaldinho,2,77 min 12 sec,81.5,49.0,39.54,11.26,9.0,Right Foot,direct,97,0.0089,0
313dcd936678c20f2f38e3b40e3f58ae,68365,La Liga,2007-2008,Barcelona,Ronaldinho,2,58 min 32 sec,86.6,35.0,33.77,13.37,5.0,Right Foot,direct,97,0.025,0
b143f1b06a2271a90af5368be5e5013c,68366,La Liga,2007-2008,Barcelona,Deco,1,23 min 26 sec,99.2,60.2,28.99,11.41,20.2,Right Foot,direct,12,0.011,0
1aebc5c80f1e83235852e6373fc4d92a,68366,La Liga,2007-2008,Barcelona,Yaya Touré,1,19 min 8 sec,84.8,32.7,35.95,12.44,7.3,Right Foot,direct,12,0.0075,0
de129e566d0bbec0ee2a302b3c92a765,68366,La Liga,2007-2008,Mallorca,Ariel Ibagaza,2,88 min 43 sec,102.2,22.3,25.1,13.05,17.7,Right Foot,direct,1,0.0382,0
b1621eb68c6dd93d944eedeebf68b6e4,68366,La Liga,2007-2008,Mallorca,Borja Valero,1,38 min 51 sec,101.1,20.7,27.01,11.96,19.3,Right Foot,direct,5,0.011,0
e22b160772454f7d6d6c0cd024ff2bc3,68366,La Liga,2007-2008,Barcelona,Samuel Eto'o,2,54 min 59 sec,94.9,28.6,27.57,15.1,11.4,Right Foot,direct,3,0.0467,0
c37ca0f816724ee54b2f9e071deb3d38,69141,La Liga,2007-2008,Valencia,Joaquín,2,77 min 22 sec,99.9,22.0,26.98,12.73,18.0,Right Foot,direct,7,0.025,0
6f855921624e412d588f5f25e57d11fd,69143,La Liga,2007-2008,Barcelona,Deco,1,46 min 9 sec,96.4,20.7,30.49,11.68,19.3,Right Foot,direct,12,0.0104,0
4f70810766b568305b2c8e1f20a21b14,69145,La Liga,2007-2008,Valencia,Vicente Rodríguez,2,89 min 53 sec,94.3,26.7,28.94,14.05,13.3,Left Foot,direct,2,0.0412,0
154f23b394c8a23ae0732f4d3d3b0395,69145,La Liga,2007-2008,Valencia,Vicente Rodríguez,2,90 min 46 sec,101.8,28.2,21.69,17.76,11.8,Left Foot,direct,2,0.0902,0
3bb4cdf5fa33da567814960018ba9d66,69145,La Liga,2007-2008,Barcelona,Rafael Márquez,1,28 min 56 sec,92.9,31.0,28.56,15.17,9.0,Right Foot,direct,18,0.0513,0
4aa7be3c21d8e4abd779943f35c68f32,69146,La Liga,2007-2008,Sevilla,Luís Fabiano,2,72 min 35 sec,87.5,28.6,34.44,12.53,11.4,Right Foot,direct,1,0.0115,0
728077219ec9da33afc25fd6d180bfac,69146,La Liga,2007-2008,Barcelona,Ronaldinho,2,85 min 8 sec,90.7,58.1,34.44,11.33,18.1,Right Foot,direct,97,0.0075,0
b82f06d013745abcb905dfd0a2ffa785,69146,La Liga,2007-2008,Sevilla,Dani Alves,1,9 min 8 sec,102.1,16.7,29.38,9.59,23.3,Right Foot,direct,51,0.0078,0
95178cd84eb7652313b91983f14d12c3,69146,La Liga,2007-2008,Sevilla,Dani Alves,1,2 min 1 sec,81.1,5.9,51.73,6.67,34.1,Right Foot,direct,51,0.0043,0
0208a05dde3421e459463556260d2818,69146,La Liga,2007-2008,Barcelona,Ronaldinho,2,94 min 46 sec,90.9,26.4,32.12,12.91,13.6,Right Foot,direct,97,0.0182,0
69e160ecd6c8981a4dce6dd1a8bb53eb,69146,La Liga,2007-2008,Barcelona,Ronaldinho,2,81 min 25 sec,89.6,54.7,33.77,12.21,14.7,Right Foot,direct,97,0.007,0
cffd71cebc3543c0f104d2e1763814d0,69146,La Liga,2007-2008,Barcelona,Ronaldinho,2,79 min 29 sec,93.1,45.0,27.36,16.37,5.0,Right Foot,direct,97,0.0667,0
7a03ee34d0238a586e7ea56f8edcfc95,69146,La Liga,2007-2008,Sevilla,Dani Alves,1,25 min 18 sec,94.2,16.8,34.7,9.86,23.2,Right Foot,direct,51,0.0075,0
25875b8eaf6a6a372e770c0c6fe5f008,69146,La Liga,2007-2008,Barcelona,Ronaldinho,2,89 min 47 sec,87.0,44.8,33.35,13.54,4.8,Right Foot,direct,97,0.0282,0
8509e9335303e258f362e7400376ccc4,69148,La Liga,2007-2008,Sevilla,Duda,2,68 min 24 sec,100.9,22.6,25.84,13.2,17.4,Left Foot,direct,15,0.0449,0
6045e45963e47dfc9fa7b54425694a00,69148,La Liga,2007-2008,Barcelona,Rafael Márquez,1,46 min 23 sec,88.3,35.3,32.05,14.08,4.7,Right Foot,direct,18,0.0286,0
79a81574117c653395cfa93731027bfc,69148,La Liga,2007-2008,Sevilla,Duda,2,87 min 10 sec,92.2,43.7,28.05,16.1,3.7,Left Foot,direct,15,0.0537,0
96215c61a1ee7f62cdb7a521e4acdb3a,69151,La Liga,2007-2008,Barcelona,Sylvinho,2,74 min 24 sec,93.5,60.4,33.44,10.89,20.4,Left Foot,direct,1,0.0077,0
68f90b3fe2ced43bef18a20a708e3913,69151,La Liga,2007-2008,Barcelona,Xavi,2,83 min 26 sec,100.1,50.1,22.32,18.28,10.1,Right Foot,direct,59,0.0775,0
dc122ba95fc562f39bd292756e38c87d,69158,La Liga,2007-2008,Barcelona,Ronaldinho,1,32 min 50 sec,98.0,19.8,29.87,11.36,20.2,Right Foot,direct,97,0.0125,0
bf95d83d8fd49a16b3465752136e025a,69166,La Liga,2007-2008,Barcelona,Ronaldinho,2,52 min 32 sec,92.8,49.0,28.65,15.13,9.0,Right Foot,direct,97,0.0503,1
3235ce0d2348aac5efc44e7889425eef,69166,La Liga,2007-2008,Barcelona,Ronaldinho,2,92 min 24 sec,98.1,27.2,25.37,15.6,12.8,Right Foot,direct,97,0.0674,1
7c7836fc341b2233442e3d8b4726108b,69166,La Liga,2007-2008,Barcelona,Ronaldinho,2,90 min 23 sec,82.2,51.7,39.57,11.04,11.7,Right Foot,direct,97,0.0063,0
db8033eb254a08c9ce8409cc682199e2,69166,La Liga,2007-2008,Barcelona,Ronaldinho,1,27 min 38 sec,95.4,24.4,29.13,13.3,15.6,Right Foot,direct,97,0.0398,0
8d0b3404ee3e2784959193dca0163078,69166,La Liga,2007-2008,Barcelona,Ronaldinho,2,65 min 34 sec,93.1,32.0,28.06,15.58,8.0,Right Foot,direct,97,0.0587,0
7e921cdad734350562cf74cb3569aab9,69166,La Liga,2007-2008,Barcelona,Ronaldinho,1,18 min 27 sec,99.7,57.2,26.61,13.21,17.2,Right Foot,direct,97,0.0401,0
80aa32a45dde7f32886d2d5292fe7a0f,69169,La Liga,2007-2008,Barcelona,Ronaldinho,1,7 min 54 sec,96.0,24.0,28.84,13.24,16.0,Right Foot,direct,97,0.0416,1
e262e5f80de716dfe090dccb4e1d83e5,69169,La Liga,2007-2008,Barcelona,Ronaldinho,1,11 min 22 sec,90.9,42.3,29.19,15.56,2.3,Right Foot,direct,97,0.0488,0
0c668a739bd05bb6a3787faec00df4ee,69169,La Liga,2007-2008,Athletic Club,Markel Susaeta,2,62 min 49 sec,95.8,39.8,24.2,18.77,0.2,Right Foot,direct,6,0.078,0
649f187bd66c86e776b5a51233a1d051,69169,La Liga,2007-2008,Athletic Club,Markel Susaeta,2,78 min 14 sec,94.2,42.7,25.94,17.44,2.7,Right Foot,direct,6,0.0651,0
c1b7c9f1a11645a331172d06cef52373,69169,La Liga,2007-2008,Athletic Club,Markel Susaeta,1,25 min 30 sec,76.6,61.4,48.39,8.49,21.4,Right Foot,direct,6,0.0076,0
f8f63da5d911ce90af0e5e8ac5c970c5,69170,La Liga,2007-2008,Barcelona,Ronaldinho,2,82 min 29 sec,94.3,26.9,28.85,14.14,13.1,Right Foot,direct,97,0.0454,0
0bad73a5d3ec8a59d02d47c0f8f9a898,69170,La Liga,2007-2008,Barcelona,Ronaldinho,1,34 min 41 sec,87.8,32.3,33.11,13.41,7.7,Right Foot,direct,97,0.0233,0
a58301c8cf1a67f22ac33560b37fc137,69170,La Liga,2007-2008,Barcelona,Ronaldinho,1,22 min 3 sec,99.3,18.9,29.56,10.93,21.1,Right Foot,direct,97,0.0108,0
1cb6a99e056bfffcc3035e7418522fa7,69173,La Liga,2007-2008,Barcelona,Deco,2,68 min 6 sec,89.5,40.7,30.51,14.94,0.7,Right Foot,direct,12,0.0338,0
08675b3db474cea7d7ccd9c02d4a8b58,69178,La Liga,2007-2008,Barcelona,Ronaldinho,1,32 min 0 sec,81.2,35.9,39.02,11.64,4.1,Right Foot,direct,97,0.007,0
2e94983e810aace481653aa1d96290a5,69178,La Liga,2007-2008,Getafe,Pablo Hernández,2,58 min 16 sec,96.9,28.7,25.72,15.98,11.3,Right Foot,direct,2,0.067,0
bf34ad9988523dcd9e3cf53f95d7a108,69178,La Liga,2007-2008,Barcelona,Xavi,2,93 min 1 sec,97.2,51.6,25.58,15.95,11.6,Right Foot,direct,59,0.0603,0
bff8814b8e9c1c3345850d1ba5b1de08,69180,La Liga,2007-2008,Barcelona,Ronaldinho,1,38 min 48 sec,86.4,26.3,36.29,11.68,13.7,Right Foot,direct,97,0.008,0
afaabaa92706891a99d1d232fb9e1bba,69180,La Liga,2007-2008,Barcelona,Ronaldinho,2,60 min 16 sec,89.0,37.1,31.14,14.58,2.9,Right Foot,direct,97,0.0251,0
f15d0302556d72ef585ea5fbb94e4f51,69184,La Liga,2007-2008,Recreativo Huelva,Carlos Martins,1,11 min 54 sec,100.8,22.2,26.18,12.92,17.8,Right Foot,direct,1,0.0353,0
1179e5093f2b5cc19918e45086dea934,69184,La Liga,2007-2008,Barcelona,Lionel Messi,1,19 min 20 sec,93.3,55.2,30.72,12.96,15.2,Left Foot,direct,473,0.0238,0
fe111f4e1ede8f04d7451023d180d18e,69184,La Liga,2007-2008,Barcelona,Lionel Messi,1,42 min 46 sec,100.0,60.0,28.28,11.53,20.0,Left Foot,direct,473,0.0127,0
15b8e5cb8ae10f22dc166abe03127ab4,69186,La Liga,2007-2008,Real Murcia CF,Abel Gómez,2,84 min 30 sec,98.3,35.3,22.2,20.0,4.7,Right Foot,direct,1,0.1147,1
1af3d47f291203caa49d904d4a1f1976,69186,La Liga,2007-2008,Barcelona,Samuel Eto'o,1,19 min 42 sec,89.8,28.3,32.39,13.16,11.7,Right Foot,direct,3,0.0255,0
b3d9a26dbf1632dcabfd6d558dd1f9c1,69187,La Liga,2007-2008,Osasuna,Javi García,2,81 min 38 sec,88.7,38.5,31.34,14.53,1.5,Right Foot,direct,1,0.0302,0
52954b6ee5a2467ba8ede2dd61359d93,3750201,Champions League,2008-2009,Barcelona,Xavi,2,52 min 24 sec,100.6,38.6,19.45,23.19,1.4,Right Foot,direct,59,0.0897,0
ace689af88475fb6a44c63fe5222101c,3750201,Champions League,2008-2009,Manchester United,Ryan Giggs,1,16 min 47 sec,98.6,49.4,23.37,17.89,9.4,Left Foot,direct,1,0.072,0
bdd53fd8aa9862076dea35ab9e7c6b47,3750201,Champions League,2008-2009,Manchester United,Cristiano Ronaldo,1,1 min 25 sec,92.5,23.2,32.23,12.14,16.8,Right Foot,direct,70,0.0088,0
6345b1897b20756040c9f57409c1c3e3,3750201,Champions League,2008-2009,Barcelona,Xavi,1,26 min 21 sec,97.1,20.7,29.95,11.75,19.3,Right Foot,direct,59,0.0105,0
b0f0c51dfc12e88eed1151c34da1637c,69138,La Liga,2008-2009,Barcelona,Dani Alves,2,57 min 25 sec,88.5,48.8,32.71,13.45,8.8,Right Foot,direct,51,0.0281,0
139332ab8729fff98633ef30396ced1b,69138,La Liga,2008-2009,Sporting Gijón,Mate Bilić,2,51 min 58 sec,94.9,47.0,26.06,16.85,7.0,Right Foot,direct,1,0.0601,0
e9bdaadb25c7c3a82954b64d1b12537a,69138,La Liga,2008-2009,Barcelona,Rafael Márquez,1,31 min 8 sec,93.7,31.0,27.8,15.54,9.0,Right Foot,direct,18,0.0563,0
a2c43e51ad283ade69fff44219f1a66c,69139,La Liga,2008-2009,Barcelona,Xavi,2,53 min 17 sec,98.9,24.3,26.3,14.03,15.7,Right Foot,direct,59,0.048,0
162560988aa87162ecb7fedccffe6ecc,69139,La Liga,2008-2009,Barcelona,Lionel Messi,1,50 min 40 sec,92.3,45.6,28.26,15.81,5.6,Left Foot,direct,473,0.0573,0
4cd6efd2d4d2f8cbf06d112965b85ba2,69142,La Liga,2008-2009,Barcelona,Thierry Henry,1,29 min 9 sec,95.8,24.4,28.79,13.39,15.6,Right Foot,direct,36,0.0421,0
8c206da38b34772ed7da8c2c8a0a1bd9,69147,La Liga,2008-2009,Barcelona,Lionel Messi,2,90 min 38 sec,101.4,51.4,21.82,17.93,11.4,Left Foot,direct,473,0.0811,0
aed187224fbc17bda8e59c5f5f0a4d1f,69149,La Liga,2008-2009,Barcelona,Dani Alves,2,52 min 8 sec,87.4,43.7,32.81,13.82,3.7,Right Foot,direct,51,0.0284,0
c752e1a4851babf5e8dc311e22f84586,69149,La Liga,2008-2009,Barcelona,Lionel Messi,1,34 min 45 sec,97.1,42.1,23.0,19.66,2.1,Left Foot,direct,473,0.0883,0
ab5d6549b3dc67616b496e5ed3ace8a7,69171,La Liga,2008-2009,Barcelona,Dani Alves,2,57 min 52 sec,99.4,24.2,25.96,14.06,15.8,Right Foot,direct,51,0.0513,0
8636b3f1dd5076d51016e652a5c5764a,69171,La Liga,2008-2009,Barcelona,Xavi,1,34 min 34 sec,98.2,48.8,23.51,18.0,8.8,Right Foot,direct,59,0.082,0
e4a42527488a00af1304465f1565b34a,69177,La Liga,2008-2009,Barcelona,Lionel Messi,1,43 min 22 sec,95.3,56.1,29.48,13.04,16.1,Left Foot,direct,473,0.0289,0
bf6dda844e648bf83d44d1a0262c3c21,69177,La Liga,2008-2009,Barcelona,Dani Alves,2,74 min 36 sec,84.8,38.9,35.22,12.95,1.1,Right Foot,direct,51,0.0181,0
4dfa80af1a8fbbf57d861a1ab7a3e9d3,69177,La Liga,2008-2009,Barcelona,Rafael Márquez,1,28 min 33 sec,100.5,21.8,26.67,12.64,18.2,Right Foot,direct,18,0.0254,0
f0bf1302130c83ebdfe7bb8f0d7cdecc,69183,La Liga,2008-2009,Barcelona,Xavi,1,10 min 16 sec,93.8,52.3,28.94,14.31,12.3,Right Foot,direct,59,0.0485,0
e24209c211c97653ac983002ea3cc6e2,69183,La Liga,2008-2009,Barcelona,Dani Alves,2,74 min 42 sec,89.9,29.8,31.78,13.62,10.2,Right Foot,direct,51,0.0281,0
2a76527e4626baa13c128702572decff,69185,La Liga,2008-2009,Barcelona,Dani Alves,2,49 min 36 sec,83.7,44.1,36.53,12.42,4.1,Right Foot,direct,51,0.0102,0
ff14279d7e75ec38aedcccf8a51790e8,69189,La Liga,2008-2009,Barcelona,Dani Alves,2,91 min 17 sec,83.7,36.7,36.45,12.48,3.3,Right Foot,direct,51,0.0097,0
b31ee3e8a1f764d442afc115c2d87e95,69189,La Liga,2008-2009,CD Numancia de Soria,José Javier Barkero,2,60 min 26 sec,99.6,55.7,25.74,14.16,15.7,Left Foot,direct,1,0.0508,1
ab09d506e1a1d037ac8f053151a79670,69189,La Liga,2008-2009,CD Numancia de Soria,Txomin Nagore,2,65 min 51 sec,90.4,28.8,31.65,13.51,11.2,Right Foot,direct,1,0.0317,0
bf815b0edd011019db6d90f385998f63,69189,La Liga,2008-2009,Barcelona,Dani Alves,2,81 min 41 sec,94.9,21.0,31.48,11.64,19.0,Right Foot,direct,51,0.0109,0
9b8530b6c11b6413b578331c776e1aa8,69207,La Liga,2008-2009,Barcelona,Dani Alves,2,86 min 45 sec,99.9,53.0,23.94,16.1,13.0,Right Foot,direct,51,0.0676,0
41afe715f40e9c8951202a83009dafdd,69207,La Liga,2008-2009,Barcelona,Xavi,1,4 min 21 sec,99.6,30.8,22.38,18.6,9.2,Right Foot,direct,59,0.0768,0
f4a4d95e9479f9dd2e954b7a8e1f8b78,69207,La Liga,2008-2009,Barcelona,Xavi,2,69 min 21 sec,96.2,37.4,23.94,18.87,2.6,Right Foot,direct,59,0.0863,0
5e2f62c485c836aceb71cb056b431d69,69209,La Liga,2008-2009,Barcelona,Rafael Márquez,1,28 min 21 sec,92.3,30.9,29.16,14.88,9.1,Right Foot,direct,18,0.0465,0
535accebb60d9740630b30b08770815a,69209,La Liga,2008-2009,Barcelona,Dani Alves,1,19 min 23 sec,91.1,29.0,30.92,13.82,11.0,Right Foot,direct,51,0.0307,0
f3393a09002cb5fd58cc2cac33dcc175,69209,La Liga,2008-2009,Barcelona,Xavi,1,41 min 17 sec,98.5,26.6,25.33,15.37,13.4,Right Foot,direct,59,0.0531,0
c79f4d294dc9d6f1453cb68c3fbcaafa,69211,La Liga,2008-2009,Espanyol,Coro,1,21 min 56 sec,85.2,22.7,38.86,10.55,17.3,Right Foot,direct,1,0.0061,0
96e74c44933cab8f29c8f91097e07cf3,69211,La Liga,2008-2009,Barcelona,Xavi,2,54 min 20 sec,95.3,28.0,27.46,14.99,12.0,Right Foot,direct,59,0.049,0
48128f43c65b856490a415a6a32271dd,69212,La Liga,2008-2009,Barcelona,Lionel Messi,1,8 min 3 sec,93.7,56.2,30.89,12.64,16.2,Left Foot,direct,473,0.0151,1
a92b9f3f348b80cab9b370ce38b25d5f,69215,La Liga,2008-2009,Racing Santander,Ezequiel Garay,2,76 min 2 sec,98.9,25.9,25.38,15.04,14.1,Right Foot,direct,1,0.0523,0
8b0eab11f017a80486cfea8de812ac3f,69215,La Liga,2008-2009,Barcelona,Dani Alves,1,19 min 50 sec,94.5,20.0,32.41,11.16,20.0,Right Foot,direct,51,0.0092,0
bdc469d2df71e9ce44d5737361e45a9e,69216,La Liga,2008-2009,Barcelona,Rafael Márquez,1,11 min 52 sec,93.2,31.8,28.03,15.57,8.2,Right Foot,direct,18,0.0571,0
31cb5c88bdfebb677f416cea1bb6f834,69217,La Liga,2008-2009,Barcelona,Xavi,1,38 min 37 sec,100.3,26.0,24.17,15.51,14.0,Right Foot,direct,59,0.0577,0
b5719b11d7729e58ac3994b6d250d0cc,69217,La Liga,2008-2009,Villarreal,Nihat Kahveci,2,82 min 26 sec,100.4,25.9,24.14,15.46,14.1,Right Foot,direct,1,0.0569,0
7afdfc53a2f85ae4d0c17ac33f430b8f,69217,La Liga,2008-2009,Barcelona,Dani Alves,1,45 min 39 sec,95.9,54.1,27.92,14.17,14.1,Right Foot,direct,51,0.0412,1
5fa9855a9470f8712b62a1ab628f274c,69217,La Liga,2008-2009,Barcelona,Xavi,1,17 min 53 sec,96.0,34.1,24.71,17.89,5.9,Right Foot,direct,59,0.0748,0
270ff93d247b741702d6de1e0778524f,69222,La Liga,2008-2009,Barcelona,Dani Alves,1,38 min 7 sec,90.1,21.2,35.32,10.99,18.8,Right Foot,direct,51,0.0078,0
b8509e951ed460b232f59806ff8fd1d1,69223,La Liga,2008-2009,Barcelona,Lionel Messi,2,60 min 30 sec,101.1,43.3,19.19,23.24,3.3,Left Foot,direct,473,0.1064,0
860ac9acbe89fa0634acad2ba14d4614,69223,La Liga,2008-2009,Barcelona,Xavi,1,43 min 27 sec,94.0,40.2,26.0,17.49,0.2,Right Foot,direct,59,0.0737,0
44f1e01b6f4d9d5de635aa80c9d90994,69225,La Liga,2008-2009,Barcelona,Dani Alves,1,22 min 9 sec,80.2,27.4,41.75,10.45,12.6,Right Foot,direct,51,0.007,0
e11c5c89f956fc227106d3ce039dc4ef,69228,La Liga,2008-2009,Villarreal,Marcos Senna,2,75 min 48 sec,90.2,45.3,30.27,14.83,5.3,Right Foot,direct,3,0.0443,0
f4bf056427a069fa1b0d77a0f1580744,69231,La Liga,2008-2009,Barcelona,Xavi,1,38 min 7 sec,99.1,49.6,23.0,18.05,9.6,Right Foot,direct,59,0.0767,0
8908c20a890e024cce50e98d3d61f9c8,69231,La Liga,2008-2009,Barcelona,Dani Alves,1,10 min 45 sec,89.9,32.4,31.04,14.26,7.6,Right Foot,direct,51,0.0352,0
df52aecdbdc655633ee1c16a7bfec42f,69232,La Liga,2008-2009,Barcelona,Dani Alves,1,36 min 18 sec,84.5,49.5,36.75,12.01,9.5,Right Foot,direct,51,0.0068,1
067e446fa234b62a0a672f0780639d83,69232,La Liga,2008-2009,Barcelona,Rafael Márquez,1,44 min 3 sec,90.0,31.7,31.13,14.14,8.3,Right Foot,direct,18,0.0363,0
62112e681a1567b81c5d63269351cdad,69232,La Liga,2008-2009,Almería,Julio Álvarez,2,52 min 8 sec,95.6,26.1,28.08,14.18,13.9,Right Foot,direct,1,0.0459,0
3d649c176db69b7b43396eaeb4acd93d,69235,La Liga,2008-2009,Barcelona,Dani Alves,1,23 min 12 sec,85.2,38.6,34.83,13.09,1.4,Right Foot,direct,51,0.0198,0
4cfa2d833f533d594cb765fd77ea58f9,69235,La Liga,2008-2009,Málaga,Duda,1,26 min 43 sec,85.6,26.0,37.14,11.41,14.0,Left Foot,direct,15,0.0065,0
a3fd30c3e4db63f5eed468cef7c212ca,69235,La Liga,2008-2009,Barcelona,Xavi,1,4 min 59 sec,95.1,40.1,24.9,18.25,0.1,Right Foot,direct,59,0.0829,1
6d84d1ced89a887c5ea439f75ec6ccb6,69235,La Liga,2008-2009,Barcelona,Dani Alves,2,80 min 26 sec,83.6,49.3,37.57,11.79,9.3,Right Foot,direct,51,0.0068,0
c0964312ee9a6296ac3aed3f479e5b00,69235,La Liga,2008-2009,Barcelona,Dani Alves,2,66 min 13 sec,84.7,49.6,36.58,12.06,9.6,Right Foot,direct,51,0.0077,0
a428a62b4215a1d15ead44e7339c1654,69249,La Liga,2008-2009,Barcelona,Dani Alves,1,45 min 29 sec,89.2,48.5,31.95,13.78,8.5,Right Foot,direct,51,0.0386,0
7008fd74c8723d14393b244abe277427,69251,La Liga,2008-2009,Barcelona,Dani Alves,2,50 min 40 sec,99.5,24.1,25.94,14.01,15.9,Right Foot,direct,51,0.0445,0
796604a42569f2c7ddb59a898ab8ac09,69251,La Liga,2008-2009,Valencia,David Villa,1,17 min 22 sec,86.9,37.0,33.24,13.67,3.0,Right Foot,direct,8,0.0276,0
e10567be485492dc4ba1404c1794bac5,69251,La Liga,2008-2009,Barcelona,Dani Alves,1,6 min 9 sec,87.2,56.7,36.81,11.09,16.7,Right Foot,direct,51,0.006,0
bae9155506d9c186bc92a81c233305c3,69279,La Liga,2008-2009,Barcelona,Dani Alves,2,75 min 11 sec,85.1,52.0,36.91,11.72,12.0,Right Foot,direct,51,0.0067,0
6ee93f8fc20e5714bc6ba308ddca7d18,69279,La Liga,2008-2009,Real Valladolid,Haris Medunjanin,1,2 min 8 sec,100.0,59.7,28.07,11.71,19.7,Left Foot,direct,3,0.0112,0
37af7180ee055055856a5551f8344645,69285,La Liga,2008-2009,Barcelona,Dani Alves,2,88 min 53 sec,81.9,56.7,41.6,10.08,16.7,Right Foot,direct,51,0.0053,0
1aa71ca7860d00406869b13cdf9d841d,69285,La Liga,2008-2009,Recreativo Huelva,Beto,1,8 min 29 sec,99.8,22.2,26.92,12.84,17.8,Right Foot,direct,2,0.0307,0
e5105464811dca8913e006c86c0ad3db,69285,La Liga,2008-2009,Barcelona,Dani Alves,1,23 min 48 sec,77.5,48.3,43.3,10.36,8.3,Right Foot,direct,51,0.0061,0
dd831ae4623f7e34c07dfac4a7a04c54,18235,Champions League,2009-2010,Inter Milan,W. Sneijder,1,25 min 40 sec,80.0,33.0,40.61,11.09,7.0,Right Foot,direct,5,0.0056,0
37a21347388bb4b7a1933e8c8e6d03e7,18235,Champions League,2009-2010,Inter Milan,W. Sneijder,2,53 min 4 sec,92.0,46.0,28.64,15.57,6.0,Right Foot,direct,5,0.054,0
363930db8599939e805ebea5171aad0a,18235,Champions League,2009-2010,Bayern Munich,Arjen Robben,2,62 min 35 sec,108.0,67.0,29.55,6.39,27.0,Left Foot,direct,3,0.0069,0
6bfefa2f298f16a570343ca3727649cb,18235,Champions League,2009-2010,Bayern Munich,Arjen Robben,2,82 min 14 sec,92.0,33.0,28.86,15.33,7.0,Left Foot,direct,3,0.0518,0
944acf830cca4714dd506ae0346f0909,18235,Champions League,2009-2010,Inter Milan,W. Sneijder,2,64 min 5 sec,82.0,41.0,38.01,12.01,1.0,Right Foot,direct,5,0.0071,0
8bae4041121323b1c692b89b60e0fcf4,18235,Champions League,2009-2010,Inter Milan,W. Sneijder,1,17 min 43 sec,81.0,30.0,40.26,11.0,10.0,Right Foot,direct,5,0.0081,0
a0f571ff414778512a8cd9dbe1c98f7a,69210,La Liga,2009-2010,Barcelona,Zlatan Ibrahimović,2,73 min 2 sec,89.8,38.4,30.24,15.05,1.6,Right Foot,direct,29,0.0368,0
2cd3900cfc3b8a6dccd931cbf29bccc0,69210,La Liga,2009-2010,Real Valladolid,Borja Fernández,1,43 min 21 sec,100.0,37.7,20.13,22.34,2.3,Right Foot,direct,1,0.114,0
eb1c0897e241de2473506692b277c8a6,69213,La Liga,2009-2010,Espanyol,Nicolás Pareja,1,29 min 23 sec,87.2,45.4,33.24,13.55,5.4,Right Foot,direct,2,0.0233,0
bf2f631b5e6320083f428728c990b9f3,69214,La Liga,2009-2010,Barcelona,Lionel Messi,2,88 min 24 sec,95.6,41.7,24.46,18.53,1.7,Left Foot,direct,473,0.0733,0
7a092fef4d5c6c642e92f8708bc81f1a,69214,La Liga,2009-2010,Barcelona,Rafael Márquez,1,27 min 38 sec,88.3,34.3,32.21,13.94,5.7,Right Foot,direct,18,0.0251,0
34dab44dc91fb444eaa78a750cae11db,69219,La Liga,2009-2010,Barcelona,Rafael Márquez,1,33 min 15 sec,88.1,40.3,31.9,14.29,0.3,Right Foot,direct,18,0.0257,0
b64a20c97609f6f3becab00c31c5901c,69219,La Liga,2009-2010,Barcelona,Lionel Messi,1,30 min 36 sec,86.6,44.5,33.7,13.42,4.5,Left Foot,direct,473,0.0245,0
3a9de5959d3c0ecd63f2736545cc75cb,69220,La Liga,2009-2010,Barcelona,Zlatan Ibrahimović,1,36 min 19 sec,86.9,35.6,33.39,13.55,4.4,Right Foot,direct,29,0.025,0
a439edfc9c4027b893a131a127668eda,69220,La Liga,2009-2010,Barcelona,Rafael Márquez,2,76 min 31 sec,91.2,40.9,28.81,15.8,0.9,Right Foot,direct,18,0.0443,0
3ea9e0cd4ce09a389e33f85ee1ea83d9,69220,La Liga,2009-2010,Sporting Gijón,Cristian Portilla,2,59 min 11 sec,92.6,54.4,30.95,13.1,14.4,Left Foot,direct,1,0.0272,0
7884b734d4254b76585a867ba5267b97,69220,La Liga,2009-2010,Barcelona,Xavi,2,49 min 3 sec,96.1,28.5,26.52,15.54,11.5,Right Foot,direct,59,0.0636,0
2e42853fb094f3629a58d2e536cf8f4e,69224,La Liga,2009-2010,Barcelona,Dani Alves,2,70 min 5 sec,84.6,38.9,35.42,12.88,1.1,Right Foot,direct,51,0.0169,0
b2c4bb04afabd497590e792a6921277d,69224,La Liga,2009-2010,Barcelona,Lionel Messi,2,54 min 55 sec,99.4,32.7,21.86,19.65,7.3,Left Foot,direct,473,0.0957,0
59917766d806fc5074ad9bdb608233db,69226,La Liga,2009-2010,Barcelona,Lionel Messi,1,41 min 48 sec,100.4,47.0,20.81,20.6,7.0,Left Foot,direct,473,0.0836,1
9b63b0331fc518843462e937d0bf3f39,69226,La Liga,2009-2010,Barcelona,Lionel Messi,2,63 min 19 sec,98.5,47.7,22.84,18.79,7.7,Left Foot,direct,473,0.08,0
8e79f45f4d597b9e13326a7d0abcd255,69226,La Liga,2009-2010,Barcelona,Xavi,1,20 min 12 sec,96.3,32.1,24.98,17.32,7.9,Right Foot,direct,59,0.0811,0
5e1a7d087a88ffd1efaef657d5d31519,69227,La Liga,2009-2010,Barcelona,Lionel Messi,2,70 min 29 sec,108.2,63.4,26.21,8.01,23.4,Left Foot,direct,473,0.0081,0
095c5eba0888ae42e7c9ae69a71c00ac,69227,La Liga,2009-2010,Barcelona,Lionel Messi,1,44 min 32 sec,92.0,42.1,28.08,16.17,2.1,Left Foot,direct,473,0.052,0
902742cfe053276af5010c4a180d8bb6,69229,La Liga,2009-2010,Getafe,Pedro León,2,52 min 52 sec,99.1,31.7,22.49,18.85,8.3,Right Foot,direct,15,0.0834,0
7b7dfed5fa3f6c6189c5a3c1beb49d1a,69229,La Liga,2009-2010,Getafe,Pedro León,2,51 min 35 sec,92.1,26.3,31.08,13.22,13.7,Right Foot,direct,15,0.0279,0
08c49dd5f6b1e5af3b67f5027217a91c,69233,La Liga,2009-2010,Barcelona,Rafael Márquez,1,33 min 40 sec,88.4,31.8,32.65,13.54,8.2,Right Foot,direct,18,0.0324,1
53249107ae861375e0982839b20a4198,69233,La Liga,2009-2010,Barcelona,Thierry Henry,1,28 min 34 sec,94.6,34.3,26.03,17.07,5.7,Right Foot,direct,36,0.0658,1
d0cbd2cbb21ebc6aecc001f72cedae30,69233,La Liga,2009-2010,Racing Santander,Pape Diop,1,38 min 48 sec,117.4,14.9,25.23,1.92,25.1,Right Foot,direct,2,0.0077,0
f208d171e513828b06263f621f8ee348,69237,La Liga,2009-2010,Atlético Madrid,Simão,2,75 min 44 sec,94.4,35.4,26.01,17.23,4.6,Right Foot,direct,2,0.0725,0
c290f722ad34f220bb6f13615b3def7a,69237,La Liga,2009-2010,Atlético Madrid,Simão,1,22 min 2 sec,98.5,26.1,25.6,15.05,13.9,Right Foot,direct,2,0.0573,1
c9cd275a0617c04e8700746adf04a25e,69238,La Liga,2009-2010,Barcelona,Zlatan Ibrahimović,1,24 min 21 sec,84.0,35.2,36.32,12.46,4.8,Right Foot,direct,29,0.0095,0
4adfdc6891af76182de37deb2e6dc276,69238,La Liga,2009-2010,Málaga,Duda,1,7 min 16 sec,102.0,16.7,29.44,9.61,23.3,Left Foot,direct,15,0.0079,0
3f7b7a73b2edf3221afa75c97e786c8c,69241,La Liga,2009-2010,Barcelona,Zlatan Ibrahimović,1,29 min 36 sec,85.5,41.9,34.55,13.19,1.9,Right Foot,direct,29,0.0224,0
31127b282c88fba5f72253f882ce7cc6,69241,La Liga,2009-2010,Barcelona,Xavi,2,72 min 51 sec,96.2,54.9,28.08,13.85,14.9,Right Foot,direct,59,0.0446,0
6667cafdade16385cd6cff9e62e069d6,69241,La Liga,2009-2010,Barcelona,Lionel Messi,2,56 min 0 sec,90.1,51.7,32.11,13.26,11.7,Left Foot,direct,473,0.029,0
facb33431b23edbe64bf21b1d1a5ff86,69242,La Liga,2009-2010,Real Valladolid,Pelé,2,87 min 54 sec,86.0,27.0,36.4,11.74,13.0,Right Foot,direct,13,0.0084,0
6c471b3aa9b25fc3ada9321ae13918f8,69243,La Liga,2009-2010,Barcelona,Xavi,1,32 min 44 sec,92.8,50.0,28.98,14.8,10.0,Right Foot,direct,59,0.0522,0
84db00fc4969e13dd3746b0cf95104e4,69243,La Liga,2009-2010,Barcelona,Zlatan Ibrahimović,2,48 min 20 sec,94.0,22.5,31.34,12.15,17.5,Right Foot,direct,29,0.0111,0
f1daa2ecb33921af61f1ae4eb3d5fcf3,69244,La Liga,2009-2010,Barcelona,Xavi,1,33 min 23 sec,91.3,42.9,28.85,15.71,2.9,Right Foot,direct,59,0.0522,1
1ceec9f83f35a2d6270b2c1ff494430c,69247,La Liga,2009-2010,Barcelona,Xavi,2,80 min 25 sec,96.0,34.8,24.56,18.11,5.2,Right Foot,direct,59,0.0802,0
cdc2ee2baa1ebf7097e66f741c1a942b,69250,La Liga,2009-2010,Mallorca,Jose Martí,2,67 min 13 sec,99.2,52.3,24.16,16.33,12.3,Right Foot,direct,1,0.063,0
c08e83160f9ca09ba458b75ccb8cd283,69250,La Liga,2009-2010,Barcelona,Yaya Touré,2,56 min 12 sec,85.2,26.4,37.36,11.41,13.6,Right Foot,direct,12,0.0071,0
4560759dd55fbe7b163f7b46a6c6e3ef,69250,La Liga,2009-2010,Barcelona,Zlatan Ibrahimović,2,48 min 39 sec,81.3,23.8,41.95,10.07,16.2,Right Foot,direct,29,0.0054,0
45b90d5b2eb996534bceaf8ca0d2c0fd,69252,La Liga,2009-2010,Barcelona,Xavi,1,42 min 19 sec,92.6,48.9,28.81,15.07,8.9,Right Foot,direct,59,0.0543,0
a7a7f52973e8325cb74f0dad9f5f83a3,69252,La Liga,2009-2010,Barcelona,Dani Alves,1,27 min 2 sec,88.3,26.8,34.34,12.3,13.2,Right Foot,direct,51,0.009,0
d1a839b62db32f636c0fa1f06d981704,69252,La Liga,2009-2010,Barcelona,Dani Alves,2,73 min 18 sec,94.7,42.3,25.4,17.83,2.3,Right Foot,direct,51,0.0685,0
b1a20420a0c35e7e35d920957100ed26,69253,La Liga,2009-2010,Barcelona,Xavi,1,31 min 55 sec,94.6,54.2,29.1,13.74,14.2,Right Foot,direct,59,0.0437,0
b1c9b597b475b6140a53ce29b2e0e47c,69253,La Liga,2009-2010,Barcelona,Zlatan Ibrahimović,1,28 min 43 sec,84.6,33.1,36.07,12.43,6.9,Right Foot,direct,29,0.0074,1
67ccea37d0d952961bda467a67a940ba,69254,La Liga,2009-2010,Barcelona,Dani Alves,2,54 min 57 sec,84.9,56.0,38.57,10.8,16.0,Right Foot,direct,51,0.0072,0
5d4d2fcd11097a2cd7b126dc2443de59,69254,La Liga,2009-2010,Barcelona,Dani Alves,1,25 min 51 sec,91.7,19.6,34.89,10.68,20.4,Right Foot,direct,51,0.007,0
56613157aee699f7b634f431b729f566,69255,La Liga,2009-2010,Barcelona,Dani Alves,1,16 min 47 sec,87.8,56.2,36.05,11.35,16.2,Right Foot,direct,51,0.0076,0
b47dfa227b4b3e37a967a414de08fe00,69255,La Liga,2009-2010,Barcelona,Lionel Messi,2,88 min 5 sec,101.1,51.1,21.92,18.03,11.1,Left Foot,direct,473,0.0829,0
f9ede1dc3470c7ee1495ffff1ec26c6c,69256,La Liga,2009-2010,Barcelona,Dani Alves,2,54 min 27 sec,86.6,45.2,33.8,13.34,5.2,Right Foot,direct,51,0.0203,0
342369da5db0672666fd97449cbfa617,69257,La Liga,2009-2010,Barcelona,Lionel Messi,1,14 min 5 sec,96.1,50.8,26.23,15.89,10.8,Left Foot,direct,473,0.0694,0
ebc31051033889396b63fd157bc06276,69259,La Liga,2009-2010,Real Madrid,Cristiano Ronaldo,2,64 min 48 sec,84.4,36.2,35.8,12.68,3.8,Right Foot,direct,70,0.0144,0
467ad00701fe6caa6c9c62386ec39327,69259,La Liga,2009-2010,Barcelona,Dani Alves,1,15 min 45 sec,93.9,29.7,28.06,15.15,10.3,Right Foot,direct,51,0.0493,0
937e592077051f4bc4653e3503580bf4,69259,La Liga,2009-2010,Real Madrid,Cristiano Ronaldo,2,61 min 51 sec,94.1,43.4,26.12,17.27,3.4,Right Foot,direct,70,0.0702,0
341cdc3e780783e48e6328e22ac166ea,69262,La Liga,2009-2010,Real Madrid,Cristiano Ronaldo,1,11 min 39 sec,83.4,31.4,37.6,11.83,8.6,Right Foot,direct,70,0.0075,0
95fd25759f384661c1562d857dc96710,69267,La Liga,2009-2010,Barcelona,Zlatan Ibrahimović,2,72 min 47 sec,86.4,28.7,35.45,12.22,11.3,Right Foot,direct,29,0.0078,0
d6c3795fc688a5436074df745e0e80d9,69267,La Liga,2009-2010,Xerez,Carlos Calvo,1,6 min 21 sec,81.0,42.6,39.09,11.66,2.6,Right Foot,direct,1,0.0071,0
4af63c58ea7f25836976010336bcb4de,69277,La Liga,2009-2010,Barcelona,Lionel Messi,2,89 min 6 sec,92.4,50.6,29.57,14.43,10.6,Left Foot,direct,473,0.0431,0
afe5628557a7360adbf737320b6e7531,69277,La Liga,2009-2010,Osasuna,Javad Nekounam,1,40 min 59 sec,92.7,47.5,28.31,15.54,7.5,Right Foot,direct,2,0.0621,0
328b40d992fb14f24396d16b0954862b,69288,La Liga,2009-2010,Athletic Club,Igor Gabilondo,2,79 min 29 sec,97.5,26.4,26.29,14.93,13.6,Left Foot,direct,1,0.0527,0
e9cb279280c17564289fceaa29d9a82d,69288,La Liga,2009-2010,Barcelona,Dani Alves,2,84 min 28 sec,89.4,34.9,31.02,14.5,5.1,Right Foot,direct,51,0.0378,0
800a5476eef99a9d42d6ce69324b6962,69288,La Liga,2009-2010,Athletic Club,Fran Yeste,1,40 min 21 sec,91.3,41.8,28.76,15.81,1.8,Left Foot,direct,1,0.0442,0
872bb3d8ccfe6e8c9f69efa330a2f33b,69292,La Liga,2009-2010,Barcelona,Dani Alves,2,53 min 45 sec,85.4,58.0,39.0,10.42,18.0,Right Foot,direct,51,0.0072,0
ace4c44a3e0a0743b001bd5046b03d2d,69292,La Liga,2009-2010,Barcelona,Dani Alves,1,30 min 2 sec,87.2,57.2,37.04,10.95,17.2,Right Foot,direct,51,0.0073,1
08a1bf3502ce8523bae6b51329914603,69298,La Liga,2009-2010,Mallorca,Borja Valero,1,41 min 31 sec,91.9,42.8,28.24,16.05,2.8,Right Foot,direct,5,0.0542,0
829fefbfecd2ff80f22b72eccac8ff02,69234,La Liga,2010-2011,Espanyol,José Callejón,1,1 min 11 sec,97.4,29.9,24.75,16.85,10.1,Right Foot,direct,2,0.0633,0
0a919e994ea9a5615c4d95c8961cd037,69234,La Liga,2010-2011,Barcelona,Lionel Messi,2,62 min 46 sec,98.3,37.1,21.89,20.54,2.9,Left Foot,direct,473,0.0872,0
5733ac9c69f8354b13463f2409d9b02d,69245,La Liga,2010-2011,Real Madrid,Cristiano Ronaldo,2,49 min 22 sec,91.5,45.1,28.95,15.5,5.1,Right Foot,direct,70,0.045,0
84c90973c113df335c9387eee59d7308,69245,La Liga,2010-2011,Real Madrid,Cristiano Ronaldo,1,9 min 20 sec,88.7,52.7,33.78,12.55,12.7,Right Foot,direct,70,0.0142,0
18145aa3162ad3957902ca853176dc92,69245,La Liga,2010-2011,Real Madrid,Cristiano Ronaldo,2,77 min 42 sec,93.9,50.4,28.1,15.11,10.4,Right Foot,direct,70,0.0483,0
2b30201af07fd30f0f004af34f02e1af,69246,La Liga,2010-2011,Real Sociedad,Antoine Griezmann,1,10 min 32 sec,86.9,33.9,33.66,13.34,6.1,Left Foot,direct,16,0.0246,0
d5f8f16071a95f848bb2ba304c018d22,69246,La Liga,2010-2011,Real Sociedad,Antoine Griezmann,1,13 min 56 sec,93.3,32.3,27.79,15.77,7.7,Left Foot,direct,16,0.0596,0
76a50bc919ffa864cb6926dfaacaed41,69246,La Liga,2010-2011,Barcelona,Lionel Messi,2,50 min 27 sec,96.6,47.8,24.67,17.54,7.8,Left Foot,direct,473,0.0769,0
da62f413b9e34e3c19e9db81333673e3,69248,La Liga,2010-2011,Barcelona,Xavi,2,73 min 44 sec,91.8,35.0,28.64,15.67,5.0,Right Foot,direct,59,0.0569,0
2b9d3c804ccd8196245c04f8010c977c,69263,La Liga,2010-2011,Barcelona,David Villa,2,48 min 53 sec,91.7,36.9,28.47,15.91,3.1,Right Foot,direct,8,0.0477,0
7f1160f7281950fc92db96f00729003a,69263,La Liga,2010-2011,Barcelona,Dani Alves,1,22 min 31 sec,81.2,35.3,39.08,11.6,4.7,Right Foot,direct,51,0.0079,0
5b74be007d5008dc435e080801bfd26e,69270,La Liga,2010-2011,Barcelona,Dani Alves,2,58 min 34 sec,88.5,38.9,31.52,14.46,1.1,Right Foot,direct,51,0.0304,0
2d986d141d78bf9b9de70987a14de87c,69271,La Liga,2010-2011,Barcelona,Dani Alves,1,17 min 54 sec,94.9,42.8,25.26,17.9,2.8,Right Foot,direct,51,0.0774,0
058186f3c6812fd488c5e0653c353093,69271,La Liga,2010-2011,Osasuna,Javad Nekounam,1,26 min 11 sec,93.9,37.6,26.21,17.29,2.4,Right Foot,direct,2,0.0622,0
87003e611783b9f700fb9c831303417c,69272,La Liga,2010-2011,Barcelona,Lionel Messi,2,68 min 11 sec,108.1,63.6,26.43,7.94,23.6,Left Foot,direct,473,0.0078,0
8e699184912fd03f5ee93064949ddcd1,69272,La Liga,2010-2011,Barcelona,Lionel Messi,1,43 min 50 sec,91.2,42.7,28.93,15.68,2.7,Left Foot,direct,473,0.0418,0
8f5b1db2e195d5d2b5ff2e5fdd35bb55,69274,La Liga,2010-2011,Barcelona,Lionel Messi,2,49 min 23 sec,96.0,60.4,31.5,11.13,20.4,Left Foot,direct,473,0.009,0
30e260b9476ef75605de2f2a28344879,69275,La Liga,2010-2011,Espanyol,Javi Márquez,2,54 min 11 sec,90.7,58.5,34.65,11.19,18.5,Left Foot,direct,6,0.0087,0
83f22eca36b26fcc64c31918572538e8,69275,La Liga,2010-2011,Espanyol,Luis García,1,21 min 43 sec,94.1,25.8,29.54,13.6,14.2,Right Foot,direct,2,0.0356,0
a3f5db279db9abf6272ee848d3f1c5f2,69276,La Liga,2010-2011,Barcelona,Lionel Messi,2,68 min 36 sec,99.0,51.2,23.8,16.97,11.2,Left Foot,direct,473,0.0692,0
251d8f2ce2c430e9cd16eb6be8cac36c,69278,La Liga,2010-2011,Málaga,Duda,2,67 min 29 sec,94.7,40.9,25.32,17.95,0.9,Left Foot,direct,15,0.0811,1
be19e5638f7efe767aa7730610c43799,69280,La Liga,2010-2011,Barcelona,Lionel Messi,2,51 min 0 sec,91.8,36.3,28.44,15.88,3.7,Left Foot,direct,473,0.0548,1
9ec9e51a936a3f6dc0ed2124828fc17c,69286,La Liga,2010-2011,Racing Santander,Kennedy,1,12 min 24 sec,91.2,24.5,32.71,12.33,15.5,Right Foot,direct,2,0.0097,0
17b40b2693b855908a47402fbf846193,69289,La Liga,2010-2011,Barcelona,David Villa,1,42 min 35 sec,88.4,39.6,31.6,14.43,0.4,Right Foot,direct,8,0.0238,0
9054640880452f8efc7accd76128b1f2,69291,La Liga,2010-2011,Barcelona,Lionel Messi,1,43 min 33 sec,98.5,34.0,22.32,19.63,6.0,Left Foot,direct,473,0.0802,0
bc05543eaf713554af9ada383c441053,69295,La Liga,2010-2011,Racing Santander,Kennedy,1,3 min 5 sec,115.0,6.6,33.77,2.04,33.4,Right Foot,direct,2,0.0072,0
be76be7b7cf43a2618fbeec335a15c05,69295,La Liga,2010-2011,Barcelona,Lionel Messi,1,40 min 44 sec,88.4,39.7,31.6,14.43,0.3,Left Foot,direct,473,0.0255,0
9705eca5ee8dd4f5ceaca6e58afdd613,69296,La Liga,2010-2011,Barcelona,Lionel Messi,1,46 min 28 sec,107.0,65.4,28.53,7.42,25.4,Left Foot,direct,473,0.0071,0
b62da658d935744a050af6953454253f,69299,La Liga,2010-2011,Real Madrid,Cristiano Ronaldo,2,59 min 49 sec,84.8,23.2,39.0,10.6,16.8,Right Foot,direct,70,0.0078,0
290a9b7f7433515d943c36cda463df9a,69299,La Liga,2010-2011,Barcelona,Sergio Busquets,2,64 min 9 sec,66.5,39.9,53.5,8.55,0.1,Right Foot,direct,1,0.0052,0
3dcced390524244cc0913be6079a0452,69299,La Liga,2010-2011,Real Madrid,Cristiano Ronaldo,1,34 min 46 sec,87.0,34.1,33.52,13.4,5.9,Right Foot,direct,70,0.0271,0
621fc6f641901d83fc3a41e87dcddfa3,69300,La Liga,2010-2011,Barcelona,Xavi,2,53 min 38 sec,98.4,47.7,22.93,18.72,7.7,Right Foot,direct,59,0.0814,0
84f7989c4f4566df9ed272da92e9e9bc,69300,La Liga,2010-2011,Barcelona,Lionel Messi,2,94 min 3 sec,96.3,41.9,23.78,19.04,1.9,Left Foot,direct,473,0.0773,0
1835385434ece9070a46765ed61a5431,69303,La Liga,2010-2011,Barcelona,Lionel Messi,1,25 min 30 sec,88.0,37.7,32.08,14.18,2.3,Left Foot,direct,473,0.0292,0
ee70a3757e47668a8eb271c8a7b559b0,69304,La Liga,2010-2011,Barcelona,Lionel Messi,2,82 min 18 sec,97.7,54.7,26.71,14.35,14.7,Left Foot,direct,473,0.0483,0
88723c68a992be08ce95bafbb6130233,69304,La Liga,2010-2011,Villarreal,Borja Valero,2,79 min 21 sec,95.0,32.2,26.19,16.62,7.8,Right Foot,direct,5,0.0634,0
e74a79f82ced1a8423019ded5d1f3d50,69306,La Liga,2010-2011,Almería,Corona,1,41 min 27 sec,100.1,18.2,29.52,10.54,21.8,Right Foot,direct,2,0.0105,0
fcd248106d93b12b79711666f8993cc4,69308,La Liga,2010-2011,Barcelona,Xavi,2,51 min 9 sec,96.8,51.2,25.76,15.99,11.2,Right Foot,direct,59,0.0618,0
9453ac342d450f7b95a24e98d9aaa465,69308,La Liga,2010-2011,Villarreal,Giuseppe Rossi,1,36 min 4 sec,98.6,39.0,21.42,21.13,1.0,Left Foot,direct,2,0.0886,0
c82aa1d8ea97f15bc521adc6c92c86c1,69308,La Liga,2010-2011,Barcelona,Lionel Messi,1,42 min 11 sec,91.5,41.8,28.56,15.92,1.8,Left Foot,direct,473,0.0468,0
880eb578c5e46e428468d5b2ac60d46c,69308,La Liga,2010-2011,Barcelona,David Villa,1,15 min 11 sec,88.7,37.8,31.38,14.5,2.2,Right Foot,direct,8,0.03,0
5cdaa7cd5bd130fc76a46715415cc568,18237,Champions League,2011-2012,Bayern Munich,Arjen Robben,1,28 min 33 sec,99.0,57.0,27.02,13.24,17.0,Left Foot,direct,3,0.0402,0
f347f1685388a5834ccf4438fefed760,18237,Champions League,2011-2012,Chelsea,Juan Mata,1,33 min 37 sec,98.0,57.0,27.8,13.09,17.0,Left Foot,direct,7,0.0427,0
cdc940587bbba4332aef586617f877c4,18237,Champions League,2011-2012,Chelsea,Didier Drogba,2,94 min 10 sec,94.0,50.0,27.86,15.31,10.0,Right Foot,direct,1,0.05,0
bf23136187011f6f7d1e1ce6a1877d84,69264,La Liga,2011-2012,Real Sociedad,Antoine Griezmann,2,72 min 9 sec,99.7,60.6,28.92,11.2,20.6,Left Foot,direct,16,0.0105,0
4890da4abc260bf10c2df801e2c6e2dd,69264,La Liga,2011-2012,Barcelona,Lionel Messi,2,67 min 32 sec,92.0,52.8,30.79,13.52,12.8,Left Foot,direct,473,0.0304,0
e902c0d4212bb42257c8db4b768975e7,69265,La Liga,2011-2012,Barcelona,Lionel Messi,2,92 min 52 sec,94.2,50.2,27.74,15.32,10.2,Left Foot,direct,473,0.0498,0
765041abc00b708aa03464f3bf067b60,69268,La Liga,2011-2012,Villarreal,Borja Valero,1,34 min 33 sec,93.0,26.3,30.28,13.49,13.7,Right Foot,direct,5,0.0369,0
e0bb2f123384f579e694868df1f89a21,69268,La Liga,2011-2012,Barcelona,Lionel Messi,1,18 min 33 sec,84.8,45.7,35.66,12.64,5.7,Left Foot,direct,473,0.0138,0
f89323e7c1b74afa74a6f39906aced0f,69293,La Liga,2011-2012,Barcelona,Lionel Messi,2,58 min 54 sec,99.3,65.7,33.0,8.77,25.7,Left Foot,direct,473,0.0079,0
6bd40a99e467f6285293c29403e77bce,69293,La Liga,2011-2012,Barcelona,David Villa,2,87 min 17 sec,94.3,31.1,27.2,15.86,8.9,Right Foot,direct,8,0.0529,0
a043b055792b6f5497baa78440523140,69293,La Liga,2011-2012,Barcelona,Dani Alves,1,22 min 10 sec,86.5,43.4,33.67,13.48,3.4,Right Foot,direct,51,0.0255,0
90a00c3d4a23525d7f4cc96038ce608b,69297,La Liga,2011-2012,Atlético Madrid,Antonio López,2,88 min 48 sec,97.8,49.7,24.23,17.28,9.7,Left Foot,direct,1,0.0793,0
01e1cd2b2e2a3a785aed3e60977210b3,69297,La Liga,2011-2012,Barcelona,Lionel Messi,2,72 min 17 sec,99.3,30.9,22.61,18.49,9.1,Left Foot,direct,473,0.0772,0
ef497018e051b3796690320590062e6b,69312,La Liga,2011-2012,Barcelona,Xavi,2,70 min 30 sec,97.6,29.4,24.78,16.68,10.6,Right Foot,direct,59,0.0654,0
93a0befe1baaff6522e444b04daffbf9,69314,La Liga,2011-2012,Barcelona,Lionel Messi,2,77 min 54 sec,97.5,49.2,24.31,17.39,9.2,Left Foot,direct,473,0.0745,0
b73e10b1d6c43d5cb950570b26eb4294,69315,La Liga,2011-2012,Barcelona,Lionel Messi,1,7 min 17 sec,96.7,52.3,26.35,15.37,12.3,Left Foot,direct,473,0.0547,0
9d3c89a28a8e69eb0ab2fc27ccd0a19c,69315,La Liga,2011-2012,Barcelona,Xavi,2,78 min 9 sec,93.7,35.9,26.62,16.9,4.1,Right Foot,direct,59,0.0584,0
799b186aaf598eee72fea4ff47fc4b34,69315,La Liga,2011-2012,Barcelona,David Villa,1,24 min 52 sec,89.5,33.2,31.25,14.25,6.8,Right Foot,direct,8,0.0361,0
b97d74dd8c62d7bb8912cfeaa29e5721,69316,La Liga,2011-2012,Barcelona,Lionel Messi,1,42 min 33 sec,94.0,48.4,27.32,15.89,8.4,Left Foot,direct,473,0.0604,0
330fc5dbe24f20bcfcd30adf868b6a3e,69318,La Liga,2011-2012,Barcelona,Xavi,1,32 min 23 sec,92.8,32.6,28.19,15.61,7.4,Right Foot,direct,59,0.0643,1
339f265744353d93e51cda7ff8172f51,69319,La Liga,2011-2012,Barcelona,Xavi,1,19 min 56 sec,91.0,28.1,31.35,13.5,11.9,Right Foot,direct,59,0.0375,0
36c221dbc34e77878f9762a9a4568733,69319,La Liga,2011-2012,Barcelona,Lionel Messi,2,90 min 11 sec,89.9,44.6,30.45,14.8,4.6,Left Foot,direct,473,0.0436,0
8b41aa5564e963c276213fe873e394f7,69320,La Liga,2011-2012,Barcelona,Lionel Messi,1,11 min 4 sec,93.2,46.0,27.46,16.19,6.0,Left Foot,direct,473,0.0572,1
2cbd9ea018d6a8fe2ab54879a2053a05,69320,La Liga,2011-2012,Barcelona,Lionel Messi,1,45 min 42 sec,95.2,22.2,30.53,12.22,17.8,Left Foot,direct,473,0.0125,0
0fa026548dd9e5d1e9c2a19f1edc45d6,69320,La Liga,2011-2012,Espanyol,Vladimír Weiss,2,90 min 9 sec,95.7,22.3,30.06,12.35,17.7,Right Foot,direct,1,0.0114,0
fe7c1b82e47df2802127a548d4960bdc,69320,La Liga,2011-2012,Barcelona,Andrés Iniesta,1,30 min 6 sec,100.1,23.5,25.85,13.72,16.5,Right Foot,direct,2,0.0467,0
4487eda5fd4968e3ffa8e00abbb05cfe,69320,La Liga,2011-2012,Espanyol,Joan Verdú,1,14 min 27 sec,94.3,46.3,26.46,16.73,6.3,Right Foot,direct,3,0.0694,0
41829f5cb85a2da30ad0e3f248eaac5d,69322,La Liga,2011-2012,Barcelona,Lionel Messi,1,15 min 23 sec,94.4,31.1,27.1,15.91,8.9,Left Foot,direct,473,0.0644,0
1ae060929e108a5b8833eb518558f9f8,69322,La Liga,2011-2012,Barcelona,Xavi,2,48 min 34 sec,97.9,31.4,23.71,17.93,8.6,Right Foot,direct,59,0.0886,0
4c6fca87dacc39c657f562d30405b4ae,69323,La Liga,2011-2012,Barcelona,Lionel Messi,1,24 min 20 sec,85.7,45.7,34.77,12.95,5.7,Left Foot,direct,473,0.022,0
6a684b2f75d327ef59ce3a202212706e,69324,La Liga,2011-2012,Real Madrid,Cristiano Ronaldo,2,93 min 22 sec,91.7,56.0,32.51,12.27,16.0,Right Foot,direct,70,0.009,0
654e072f94fb4ae9dc9676ce65862da5,69325,La Liga,2011-2012,Barcelona,Lionel Messi,2,54 min 56 sec,91.5,37.9,28.58,15.9,2.1,Left Foot,direct,473,0.0518,0
27310341ae51383ba4f46a1350d7a397,69325,La Liga,2011-2012,Barcelona,Lionel Messi,1,24 min 38 sec,91.8,57.1,32.98,11.89,17.1,Left Foot,direct,473,0.0092,1
67ce12690faf5c5f67aba28bea8cdc20,69325,La Liga,2011-2012,Barcelona,Lionel Messi,1,30 min 5 sec,85.8,34.6,34.62,13.02,5.4,Left Foot,direct,473,0.0244,0
9e2cbecd62daafdd44a88dc20d57dbb7,69326,La Liga,2011-2012,Barcelona,Xavi,1,17 min 12 sec,99.1,22.5,27.26,12.95,17.5,Right Foot,direct,59,0.0358,1
f42b6f1c3336c5fc6138c92c5acd63f3,69326,La Liga,2011-2012,Barcelona,Lionel Messi,2,75 min 54 sec,91.4,53.4,31.58,13.12,13.4,Left Foot,direct,473,0.027,0
b3ddf5624a7af50db256956b8fdd5bbe,69326,La Liga,2011-2012,Barcelona,Lionel Messi,2,88 min 56 sec,93.5,29.8,28.4,15.02,10.2,Left Foot,direct,473,0.051,0
025fccdb16459b686f1af7167f09b7cb,69327,La Liga,2011-2012,Real Betis,Salva Sevilla,2,49 min 35 sec,97.5,52.8,25.89,15.39,12.8,Right Foot,direct,4,0.0496,0
982adb1459b93bbb98c196c66785915a,69327,La Liga,2011-2012,Barcelona,Lionel Messi,2,71 min 36 sec,94.8,43.1,25.39,17.78,3.1,Left Foot,direct,473,0.0814,0
3f5582566415001c8fee175f0131b685,69328,La Liga,2011-2012,Barcelona,Lionel Messi,2,60 min 47 sec,92.7,48.5,28.59,15.24,8.5,Left Foot,direct,473,0.0513,0
e81dc1c1cc843b7f31409da0a5ffdc61,69328,La Liga,2011-2012,Barcelona,Lionel Messi,1,4 min 50 sec,94.4,41.7,25.66,17.69,1.7,Left Foot,direct,473,0.0687,0
2a61b1e9c89347fcff113a1121e6032b,69329,La Liga,2011-2012,Barcelona,Lionel Messi,2,48 min 8 sec,86.4,39.5,33.6,13.58,0.5,Left Foot,direct,473,0.0256,0
f93dc420e69af2c6649b84009fc2399d,69329,La Liga,2011-2012,Barcelona,Lionel Messi,2,97 min 38 sec,108.1,63.2,26.07,8.16,23.2,Left Foot,direct,473,0.0073,0
0db3736e17ddb77d830e18981e99c94c,69330,La Liga,2011-2012,Barcelona,Lionel Messi,2,69 min 0 sec,100.8,59.3,27.22,11.96,19.3,Left Foot,direct,473,0.0138,0
b2339721234170c1f511677c201efae6,69331,La Liga,2011-2012,Barcelona,Dani Alves,2,52 min 55 sec,85.8,44.5,34.49,13.12,4.5,Right Foot,direct,51,0.0263,0
f64e6ae5035052f33c270bd4fde3904f,69331,La Liga,2011-2012,Barcelona,Xavi,1,26 min 11 sec,89.2,26.6,33.59,12.49,13.4,Right Foot,direct,59,0.0107,0
6b71b65600e78655e5cf284c61452bde,69333,La Liga,2011-2012,Barcelona,Xavi,1,26 min 10 sec,100.4,19.4,28.43,11.19,20.6,Right Foot,direct,59,0.0108,0
ea597f04f19e581f5bbf693ec0f75739,69333,La Liga,2011-2012,Levante UD,Rubén Suárez,2,79 min 10 sec,91.7,54.7,31.89,12.74,14.7,Left Foot,direct,1,0.0222,0
3eeb94d3dbf199ff6d2b4031e2fd4606,69333,La Liga,2011-2012,Barcelona,Lionel Messi,1,19 min 36 sec,95.7,46.9,25.26,17.35,6.9,Left Foot,direct,473,0.0713,0
24d6521012412c5154dfbdfd6e3a64d5,69334,La Liga,2011-2012,Real Madrid,Cristiano Ronaldo,2,94 min 20 sec,96.4,27.6,26.66,15.2,12.4,Right Foot,direct,70,0.0532,0
e77786627d3f3751a6688072dc795fe7,69334,La Liga,2011-2012,Barcelona,Lionel Messi,2,62 min 50 sec,90.2,38.4,29.84,15.25,1.6,Left Foot,direct,473,0.0308,0
c8c9caf89d24108b5e780b4d9b630ec5,69334,La Liga,2011-2012,Barcelona,Xavi,1,22 min 37 sec,98.8,19.9,29.21,11.45,20.1,Right Foot,direct,59,0.0107,0
d71b5888890bf9e2cabd204367af2b2d,69334,La Liga,2011-2012,Real Madrid,Cristiano Ronaldo,2,48 min 21 sec,94.6,25.3,29.35,13.52,14.7,Right Foot,direct,70,0.0369,0
3957390fb2cef27b5576bcc627f6db44,69334,La Liga,2011-2012,Real Madrid,Cristiano Ronaldo,2,49 min 45 sec,93.5,30.3,28.22,15.2,9.7,Right Foot,direct,70,0.0505,0
0e012171ee007936c1d7ba6f3639b7be,69335,La Liga,2011-2012,Barcelona,Lionel Messi,2,73 min 17 sec,94.0,36.2,26.28,17.14,3.8,Left Foot,direct,473,0.0692,0
2d80751a81fe48ed458cad6338c3b61e,69337,La Liga,2011-2012,Barcelona,Lionel Messi,2,80 min 37 sec,97.2,18.0,31.68,10.46,22.0,Left Foot,direct,473,0.0097,1
376b61a2d7517fc849c1a2139d56d5b6,69337,La Liga,2011-2012,Barcelona,Xavi,1,19 min 38 sec,92.5,46.5,28.26,15.7,6.5,Right Foot,direct,59,0.0546,0
7c9d4fe6c02f20a5ad0fa2f106e8b610,69338,La Liga,2011-2012,Barcelona,Lionel Messi,2,69 min 16 sec,87.8,35.2,32.56,13.86,4.8,Left Foot,direct,473,0.0296,0
4bbe206e480516c84b3e1c88efc4a441,69338,La Liga,2011-2012,Barcelona,Dani Alves,1,30 min 47 sec,84.6,33.8,35.94,12.52,6.2,Right Foot,direct,51,0.012,0
9bcdc95abe97c0af31db558b4bb6d934,69340,La Liga,2011-2012,Barcelona,Lionel Messi,2,56 min 59 sec,87.3,54.8,35.89,11.62,14.8,Left Foot,direct,473,0.008,0
26c7fad04fb1152beca02caf09cb1153,69340,La Liga,2011-2012,Málaga,Duda,1,10 min 16 sec,96.5,30.2,25.46,16.56,9.8,Left Foot,direct,15,0.0639,0
1b9714f1ee34529fac55cc2d49067e49,70219,La Liga,2011-2012,Barcelona,Dani Alves,1,10 min 16 sec,93.7,21.0,32.45,11.47,19.0,Right Foot,direct,51,0.0096,0
0707e55f14001135329bd7bb5b97c1af,70219,La Liga,2011-2012,Barcelona,Lionel Messi,1,20 min 18 sec,76.3,54.9,46.17,9.38,14.9,Left Foot,direct,473,0.0057,0
e0c446c8bf395b6f13cc8b4797d199f7,70219,La Liga,2011-2012,Barcelona,Lionel Messi,2,57 min 57 sec,91.2,33.7,29.48,15.11,6.3,Left Foot,direct,473,0.036,0
122c6ef6c0de6785fd042614fa6494ed,70220,La Liga,2011-2012,Barcelona,Lionel Messi,2,86 min 1 sec,109.0,63.0,25.5,7.9,23.0,Left Foot,direct,473,0.0074,0
eb3a51c932a432ecbe6feaafcaf39d2a,70221,La Liga,2011-2012,Barcelona,Lionel Messi,2,68 min 11 sec,96.8,39.9,23.2,19.56,0.1,Left Foot,direct,473,0.087,0
6e918b8b0a133b9842c233ad0fa5dc4e,70221,La Liga,2011-2012,Barcelona,Lionel Messi,1,27 min 4 sec,86.3,33.3,34.36,13.03,6.7,Left Foot,direct,473,0.0266,0
bbbc921db0a72c40051aefd8d5136b38,70224,La Liga,2011-2012,Barcelona,Lionel Messi,1,20 min 58 sec,90.7,33.7,29.97,14.88,6.3,Left Foot,direct,473,0.0412,0
dfc3caae3788fa9e033c9b00cc3f645b,70224,La Liga,2011-2012,Barcelona,Lionel Messi,2,55 min 50 sec,94.0,58.0,31.62,11.94,18.0,Left Foot,direct,473,0.0091,0
153d972c190785632937a63a8041da45,70224,La Liga,2011-2012,Rayo Vallecano,Roberto Trashorras,1,31 min 55 sec,92.3,35.8,28.02,16.08,4.2,Right Foot,direct,7,0.0584,0
d09e42790510a205ec3dbddf9d0621d1,70256,La Liga,2012-2013,Barcelona,Lionel Messi,1,41 min 10 sec,95.7,36.6,24.54,18.35,3.4,Left Foot,direct,473,0.0846,0
a67b6363a493b7e83a4ce34bf34b9a03,70256,La Liga,2012-2013,Barcelona,Lionel Messi,1,32 min 38 sec,85.2,37.7,34.88,13.06,2.3,Left Foot,direct,473,0.0226,0
9539505227db2fefa72fe9ad471ddd5f,70259,La Liga,2012-2013,Barcelona,Lionel Messi,2,68 min 34 sec,92.2,33.7,28.5,15.6,6.3,Left Foot,direct,473,0.0564,0
e1b57eed7e703c57986d110e537b2f5a,70259,La Liga,2012-2013,Barcelona,Xavi,1,19 min 24 sec,95.6,35.7,24.78,18.08,4.3,Right Foot,direct,59,0.0833,0
c17df21175bdc868f42fd608f84ee056,70262,La Liga,2012-2013,Osasuna,David Timor,2,81 min 9 sec,83.2,32.0,37.66,11.86,8.0,Left Foot,direct,2,0.0084,0
32ac2310124fc9b0b10a9b0fb1c3c7c8,70262,La Liga,2012-2013,Barcelona,Lionel Messi,1,34 min 6 sec,87.0,43.3,33.16,13.69,3.3,Left Foot,direct,473,0.0273,0
3c804af6d82a040246037758f3a5373d,70263,La Liga,2012-2013,Barcelona,Lionel Messi,1,35 min 35 sec,93.0,35.6,27.36,16.43,4.4,Left Foot,direct,473,0.0568,0
119fa3aef92907873cb0cdab83467070,70271,La Liga,2012-2013,Barcelona,Lionel Messi,1,34 min 2 sec,96.2,48.9,25.41,16.82,8.9,Left Foot,direct,473,0.0626,0
006cfcbb8ea09e6e71ec4cce3dc970cf,70271,La Liga,2012-2013,Barcelona,Lionel Messi,1,28 min 28 sec,94.5,42.7,25.64,17.64,2.7,Left Foot,direct,473,0.0753,0
a7191bbfa5cc79eb0223b1d3dcb6196f,70271,La Liga,2012-2013,Barcelona,Lionel Messi,1,16 min 18 sec,96.2,43.3,24.03,18.74,3.3,Left Foot,direct,473,0.084,0
5c95ebc5fa2a91c5abda3a8f9dd09d8c,70272,La Liga,2012-2013,Barcelona,Javier Mascherano,2,47 min 52 sec,61.7,20.7,61.41,7.08,19.3,Right Foot,direct,1,0.006,0
53bfa1e338da97a70050b06be64e7694,70272,La Liga,2012-2013,Real Madrid,Cristiano Ronaldo,2,64 min 22 sec,85.0,45.2,35.38,12.76,5.2,Right Foot,direct,70,0.0192,0
ac4cb45fb33161a87c9eea65d6feb46f,70272,La Liga,2012-2013,Real Madrid,Cristiano Ronaldo,2,58 min 16 sec,115.4,11.1,29.26,2.51,28.9,Right Foot,direct,70,0.0072,0
1d85c60ecc54183a873619f459b6cfdf,70272,La Liga,2012-2013,Real Madrid,Cristiano Ronaldo,2,87 min 11 sec,91.9,45.1,28.56,15.7,5.1,Right Foot,direct,70,0.057,0
face610189f3f4ce5861aca4c22a6e5d,70272,La Liga,2012-2013,Real Madrid,Cristiano Ronaldo,2,91 min 22 sec,105.1,7.1,36.12,5.29,32.9,Right Foot,direct,70,0.0058,0
e36f764ccf92b21f596c582d75439525,70275,La Liga,2012-2013,Barcelona,Lionel Messi,2,73 min 28 sec,99.7,27.3,23.95,16.24,12.7,Left Foot,direct,473,0.0664,0
2c988726f0360952b43115910ea45b33,70275,La Liga,2012-2013,Barcelona,Lionel Messi,2,60 min 2 sec,86.8,46.3,33.79,13.27,6.3,Left Foot,direct,473,0.0237,0
60cac2a4cd5ef37519debda3754d5ad1,70275,La Liga,2012-2013,Barcelona,Xavi,2,86 min 20 sec,95.5,28.1,27.24,15.11,11.9,Right Foot,direct,59,0.0481,0
4533d630bee7d4e28ee8a836def34010,70275,La Liga,2012-2013,Barcelona,Xavi,2,66 min 28 sec,94.3,36.1,25.99,17.31,3.9,Right Foot,direct,59,0.0755,0
c7423958df96b4caf8b753258c513a69,70276,La Liga,2012-2013,Barcelona,Lionel Messi,2,70 min 36 sec,87.9,31.1,33.31,13.21,8.9,Left Foot,direct,473,0.0253,0
5b064ea43208b96924f5f8f98407738d,70276,La Liga,2012-2013,Barcelona,Lionel Messi,1,33 min 11 sec,104.8,62.9,27.49,9.34,22.9,Left Foot,direct,473,0.0076,0
d19b51698f89ae411af7b2429f698bdb,70281,La Liga,2012-2013,Barcelona,Lionel Messi,2,59 min 3 sec,96.1,55.7,28.6,13.41,15.7,Left Foot,direct,473,0.0433,1
8ba3dd08a39d0aae2b469a89a5bf9f9d,70281,La Liga,2012-2013,Barcelona,Lionel Messi,2,68 min 33 sec,98.8,28.8,23.98,16.88,11.2,Left Foot,direct,473,0.0694,0
fa2c81665bcf3d4566a73aad6f7d4e39,70282,La Liga,2012-2013,Valencia,Tino Costa,1,23 min 17 sec,95.6,38.8,24.43,18.58,1.2,Left Foot,direct,3,0.0759,0
449335e85cbdd9da528b298a454c4750,70282,La Liga,2012-2013,Barcelona,Lionel Messi,2,78 min 9 sec,82.0,39.8,38.0,12.02,0.2,Left Foot,direct,473,0.0059,0
0eb4b2df74ece8d3e21582a3c1401bb5,70282,La Liga,2012-2013,Valencia,Tino Costa,2,57 min 6 sec,92.6,57.3,32.4,11.97,17.3,Left Foot,direct,3,0.0088,0
9c144a12a0f3be61b86d06085614942a,70284,La Liga,2012-2013,Barcelona,Lionel Messi,1,16 min 23 sec,88.9,33.0,31.88,13.97,7.0,Left Foot,direct,473,0.0269,0
641c50e359c27a224324fe9679eeeca5,70284,La Liga,2012-2013,Barcelona,Lionel Messi,2,53 min 39 sec,88.9,33.3,31.81,14.02,6.7,Left Foot,direct,473,0.0328,0
0382638e67b672122dc8fc007658823d,70284,La Liga,2012-2013,Barcelona,David Villa,2,69 min 37 sec,100.1,55.5,25.22,14.4,15.5,Right Foot,direct,8,0.0495,0
78a9b447773425517e7c9bf2dcff7083,70286,La Liga,2012-2013,Barcelona,Lionel Messi,2,81 min 36 sec,96.7,37.5,23.43,19.27,2.5,Left Foot,direct,473,0.0868,0
224ef64a7dad0f32faa3e16d05d6525c,70287,La Liga,2012-2013,Real Sociedad,Chory Castro,2,59 min 47 sec,96.0,50.5,26.2,15.98,10.5,Left Foot,direct,1,0.0606,0
e6b0ca72d01407308658440326f1e5bc,70287,La Liga,2012-2013,Barcelona,Lionel Messi,2,71 min 47 sec,91.0,22.2,34.03,11.49,17.8,Left Foot,direct,473,0.0077,0
ee47fa6d505882a7af7a91e3538e4740,70294,La Liga,2012-2013,Barcelona,Lionel Messi,2,72 min 38 sec,93.3,35.0,27.16,16.48,5.0,Left Foot,direct,473,0.0619,1
75fee918cc3de89eadcfa9e5ef36fa3d,70294,La Liga,2012-2013,Barcelona,Lionel Messi,1,35 min 28 sec,91.7,34.5,28.83,15.52,5.5,Left Foot,direct,473,0.0525,0
b1363a1040433f73434a444f5864ed4f,70295,La Liga,2012-2013,Barcelona,Xavi,2,87 min 45 sec,91.5,39.9,28.5,15.98,0.1,Right Foot,direct,59,0.0491,0
c6ccf0bf093ebb81458a0d0b3d223b77,70296,La Liga,2012-2013,Barcelona,Lionel Messi,1,22 min 21 sec,90.9,33.2,29.88,14.87,6.8,Left Foot,direct,473,0.0383,0
195654c9e8920bc616db3aad57068b5d,70300,La Liga,2012-2013,Barcelona,Lionel Messi,2,75 min 30 sec,97.0,54.5,27.19,14.27,14.5,Left Foot,direct,473,0.0458,0
b7b62a92432ca4ef2ed8b3c0dd62b749,70300,La Liga,2012-2013,Barcelona,Lionel Messi,2,60 min 12 sec,93.3,45.9,27.34,16.27,5.9,Left Foot,direct,473,0.0589,1
128f6a19f6acbbf449f89c72b0cecfe4,70300,La Liga,2012-2013,Real Madrid,Cristiano Ronaldo,2,54 min 29 sec,89.0,36.8,31.16,14.55,3.2,Right Foot,direct,70,0.0276,0
f8fccbc6416b7c614c1e65932ef98e52,70300,La Liga,2012-2013,Barcelona,Xavi,2,90 min 16 sec,95.3,26.7,28.05,14.38,13.3,Right Foot,direct,59,0.0391,0
77dab58b07d02f7cbc799f96d0cc64a6,70304,La Liga,2012-2013,Barcelona,Lionel Messi,2,52 min 12 sec,94.3,49.6,27.43,15.59,9.6,Left Foot,direct,473,0.0622,0
277acfab0471fa40f6b0191428a7e70f,70304,La Liga,2012-2013,RC Deportivo La Coruña,Pizzi,2,46 min 17 sec,93.4,39.5,26.6,17.1,0.5,Right Foot,direct,1,0.0616,1
8feaa5f7a11ebd645cb3510941d97426,70304,La Liga,2012-2013,Barcelona,Xavi,2,80 min 19 sec,100.5,24.2,25.1,14.26,15.8,Right Foot,direct,59,0.0486,0
54e177938ecc11efebb0baa2326ba473,70307,La Liga,2012-2013,Rayo Vallecano,Alejandro Gálvez,2,88 min 12 sec,92.4,43.5,27.82,16.24,3.5,Right Foot,direct,4,0.0501,0
fbcdeae53cb66ff2f8871fc2d1b41afb,70307,La Liga,2012-2013,Barcelona,Lionel Messi,1,7 min 7 sec,92.8,40.9,27.21,16.71,0.9,Left Foot,direct,473,0.0628,0
68470e87ea634f98ba8cce77109cdf8d,70308,La Liga,2012-2013,Celta Vigo,Iago Aspas,2,55 min 58 sec,91.6,26.4,31.49,13.11,13.6,Left Foot,direct,7,0.0295,0
54ac3e1a95d2951cc829508d1683140c,70308,La Liga,2012-2013,Barcelona,Lionel Messi,2,49 min 35 sec,89.4,42.8,30.73,14.77,2.8,Left Foot,direct,473,0.0345,0
53a224aabe36b8bc542f2cc8b2a83964,266015,La Liga,2012-2013,Barcelona,Lionel Messi,1,35 min 29 sec,100.4,29.8,22.1,18.37,10.2,Left Foot,direct,473,0.0744,0
40023b221e88387118a1d49b4a457702,266015,La Liga,2012-2013,Barcelona,Xavi,1,26 min 31 sec,90.0,53.8,33.02,12.59,13.8,Right Foot,direct,59,0.0132,0
55e4f3697d1450531b3c2790a11f2c15,266015,La Liga,2012-2013,Barcelona,Lionel Messi,1,10 min 2 sec,91.9,53.6,31.22,13.2,13.6,Left Foot,direct,473,0.0319,0
fbdf5024ea70d2c05c7ded45a97b58fc,266433,La Liga,2012-2013,Barcelona,Lionel Messi,2,80 min 23 sec,89.7,48.5,31.47,13.97,8.5,Left Foot,direct,473,0.0327,0
6a9e08fdbe08790961d647e40b148559,266433,La Liga,2012-2013,Barcelona,Lionel Messi,2,85 min 2 sec,86.6,38.6,33.43,13.64,1.4,Left Foot,direct,473,0.022,0
0313952690926877f6c3d33cb5e5f939,266724,La Liga,2012-2013,Barcelona,Xavi,1,27 min 28 sec,94.1,33.8,26.63,16.64,6.2,Right Foot,direct,59,0.0623,1
5fd0e22d9ce1b8f153e53db731ed4d5b,266724,La Liga,2012-2013,Barcelona,Lionel Messi,2,56 min 0 sec,95.1,48.8,26.41,16.29,8.8,Left Foot,direct,473,0.0626,0
8a1faa77c7cae1cefe93edfaddd64d83,266827,La Liga,2012-2013,Málaga,Eliseu,2,47 min 54 sec,93.4,54.6,30.34,13.24,14.6,Left Foot,direct,1,0.0316,0
b914f753415085b5e4f407c4d42f4854,266827,La Liga,2012-2013,Málaga,Diego Buonanotte,2,88 min 30 sec,96.0,41.0,24.02,18.89,1.0,Left Foot,direct,1,0.0871,1
0e2efc324dbfa408eabe86600ca26d6b,267502,La Liga,2012-2013,Barcelona,Lionel Messi,2,86 min 42 sec,93.7,37.3,26.44,17.12,2.7,Left Foot,direct,473,0.0692,0
c8ccc8a87cff9781185abd0358a1d4d1,267502,La Liga,2012-2013,Athletic Club,Markel Susaeta,2,55 min 18 sec,101.1,53.3,23.11,16.27,13.3,Right Foot,direct,6,0.067,0
1dcfa3ac473ee44a36dab170dc128cec,18241,Champions League,2013-2014,Real Madrid,Cristiano Ronaldo,3,100 min 0 sec,99.0,21.0,28.32,12.06,19.0,Right Foot,direct,70,0.0131,0
488f18397382ba397d1e14c70a70070a,18241,Champions League,2013-2014,Real Madrid,Cristiano Ronaldo,2,53 min 45 sec,93.0,29.0,29.15,14.52,11.0,Right Foot,direct,70,0.0389,0
286d16cd3d2bcb078fb4de14d931e9ae,18241,Champions League,2013-2014,Real Madrid,Cristiano Ronaldo,1,27 min 19 sec,94.0,22.0,31.62,11.94,18.0,Right Foot,direct,70,0.0106,0
d4aeef96d5d14156b6f6b3306349f686,18241,Champions League,2013-2014,Atlético Madrid,José Sosa,2,90 min 15 sec,100.0,24.0,25.61,14.04,16.0,Right Foot,direct,1,0.0515,0
5bcb8e07ceda3850758c3b9dcccd871b,70277,La Liga,2013-2014,Levante UD,Andreas Ivanschitz,2,90 min 59 sec,94.6,60.5,32.64,10.96,20.5,Left Foot,direct,1,0.0093,0
87e6745868a966576fe1edec403ea848,70277,La Liga,2013-2014,Barcelona,Lionel Messi,1,14 min 44 sec,90.1,47.8,30.9,14.29,7.8,Left Foot,direct,473,0.0354,0
d2f47afb568830a4a90c980e84b14688,70277,La Liga,2013-2014,Barcelona,Xavi,1,32 min 55 sec,93.8,54.1,29.75,13.56,14.1,Right Foot,direct,59,0.0375,0
e8c1f77db5de26dfba21e0afcac5fef3,70277,La Liga,2013-2014,Barcelona,Xavi,2,68 min 16 sec,100.8,24.1,24.93,14.24,15.9,Right Foot,direct,59,0.0493,0
48f43b4eb55c3c7e24ee3d6cdd8c6bb4,70277,La Liga,2013-2014,Barcelona,Lionel Messi,2,65 min 26 sec,98.5,24.1,26.74,13.82,15.9,Left Foot,direct,473,0.0459,0
93af7947c63dfc030b969f611232fe45,70283,La Liga,2013-2014,Barcelona,Lionel Messi,1,34 min 22 sec,96.1,52.3,26.88,15.14,12.3,Left Foot,direct,473,0.0545,0
be308159dba07c43955f53920015f58d,70283,La Liga,2013-2014,Barcelona,Lionel Messi,2,82 min 8 sec,93.9,39.9,26.1,17.43,0.1,Left Foot,direct,473,0.0638,0
413acb08461d0d8600f79ba151cbbb8b,70288,La Liga,2013-2014,Levante UD,Sérgio Pinto,2,90 min 29 sec,84.8,32.8,35.93,12.46,7.2,Right Foot,direct,1,0.0094,0
8a9d37f23ce7e0e40328f13a74520469,70288,La Liga,2013-2014,Barcelona,Lionel Messi,1,40 min 6 sec,81.5,43.5,38.66,11.77,3.5,Left Foot,direct,473,0.0073,0
80223714debc0114fddb85f514d60684,70289,La Liga,2013-2014,Barcelona,Lionel Messi,2,80 min 46 sec,94.5,36.4,25.75,17.49,3.6,Left Foot,direct,473,0.0758,0
fcd3a8b6dc5539f86beb6e3f95be9eb9,70289,La Liga,2013-2014,Barcelona,Xavi,1,7 min 37 sec,88.4,39.2,31.61,14.42,0.8,Right Foot,direct,59,0.0288,0
8d92bb25e6c6f6dc1c94199912344806,70289,La Liga,2013-2014,Barcelona,Lionel Messi,2,56 min 35 sec,86.6,36.3,33.6,13.5,3.7,Left Foot,direct,473,0.0276,0
4696e79e180f142814d6393de196ddc8,70289,La Liga,2013-2014,Barcelona,Lionel Messi,2,53 min 24 sec,93.2,45.8,27.42,16.24,5.8,Left Foot,direct,473,0.0645,0
a4dc8dc38dd41a097004e9b739a1e183,70291,La Liga,2013-2014,Barcelona,Lionel Messi,2,66 min 2 sec,93.3,29.2,28.8,14.71,10.8,Left Foot,direct,473,0.0483,0
c7860e68b55868434aef3ca1e7eb61c0,70291,La Liga,2013-2014,Barcelona,Xavi,1,5 min 45 sec,108.8,16.9,25.67,7.93,23.1,Right Foot,direct,59,0.0077,0
19ebf0c8d8f410df53087cd535a1e5ea,70291,La Liga,2013-2014,Barcelona,Lionel Messi,1,44 min 56 sec,93.8,51.0,28.42,14.83,11.0,Left Foot,direct,473,0.0504,0
b35a4ce1ec74a4a3ab8bc5b18bc53f06,70291,La Liga,2013-2014,Barcelona,Xavi,2,71 min 36 sec,99.4,35.1,21.17,20.86,4.9,Right Foot,direct,59,0.0919,0
c0114b4150f3df7373545130d026657c,70291,La Liga,2013-2014,Málaga,Duda,1,8 min 31 sec,91.4,49.6,30.17,14.35,9.6,Left Foot,direct,15,0.037,0
c5e9034798434bdc44898beb989f5645,70293,La Liga,2013-2014,Barcelona,Lionel Messi,1,41 min 40 sec,108.3,62.8,25.63,8.31,22.8,Left Foot,direct,473,0.0076,0
39b2f49e25af490fb78f31a18fb6b030,70301,La Liga,2013-2014,Barcelona,Lionel Messi,1,31 min 22 sec,99.2,27.4,24.32,16.13,12.6,Left Foot,direct,473,0.0671,0
a9799eeea7c45294fbc1f3212856af0f,70302,La Liga,2013-2014,Rayo Vallecano,Alejandro Gálvez,2,70 min 20 sec,81.2,28.7,40.41,10.87,11.3,Right Foot,direct,4,0.0072,0
c85f837a1495ce54a7bd19ca88f09c79,70302,La Liga,2013-2014,Barcelona,Lionel Messi,2,51 min 8 sec,88.5,48.4,32.6,13.54,8.4,Left Foot,direct,473,0.0275,0
771470db7e2b08b32d3f067cf3984f05,70306,La Liga,2013-2014,Barcelona,Lionel Messi,2,84 min 43 sec,96.0,24.1,28.79,13.29,15.9,Left Foot,direct,473,0.0376,0
d4628995951b28d62f1baede1f2cbacb,265830,La Liga,2013-2014,Barcelona,Lionel Messi,2,74 min 29 sec,92.0,37.1,28.15,16.09,2.9,Left Foot,direct,473,0.0522,0
0b995dd2d274419b09aebe00a471d535,265837,La Liga,2013-2014,Real Sociedad,Antoine Griezmann,1,4 min 17 sec,88.3,44.0,31.95,14.16,4.0,Left Foot,direct,16,0.0275,0
8164a99a7c112a00d7a1eb7c615f48e0,265857,La Liga,2013-2014,Barcelona,Lionel Messi,1,25 min 35 sec,91.9,40.8,28.11,16.19,0.8,Left Foot,direct,473,0.0403,0
62479acc8fba2f52a77b39be96c20689,265857,La Liga,2013-2014,Real Madrid,Cristiano Ronaldo,1,26 min 53 sec,99.9,28.3,23.26,17.03,11.7,Right Foot,direct,70,0.0742,0
76463489de46899f133e1110733207a1,265857,La Liga,2013-2014,Barcelona,Xavi,1,29 min 47 sec,88.7,35.6,31.61,14.29,4.4,Right Foot,direct,59,0.0274,0
edfd6771c82c572bc617dc47ba1a7f0b,265918,La Liga,2013-2014,Barcelona,Lionel Messi,1,19 min 53 sec,96.9,36.6,23.35,19.25,3.4,Left Foot,direct,473,0.0958,0
0973a1f80ec56fed43fe76dcde8c53e2,266066,La Liga,2013-2014,Barcelona,Lionel Messi,1,23 min 30 sec,90.6,36.1,29.66,15.24,3.9,Left Foot,direct,473,0.0413,1
a16e94bdf144eb36a63320362372885c,266066,La Liga,2013-2014,Barcelona,Lionel Messi,2,86 min 37 sec,93.6,46.2,27.12,16.36,6.2,Left Foot,direct,473,0.0631,0
ff3a19bba749c7d70d8d8ea969a61a15,266066,La Liga,2013-2014,Almería,Corona,1,15 min 18 sec,103.9,16.8,28.24,9.36,23.2,Right Foot,direct,2,0.0086,0
32c448777b57e9199a1e97b4012294de,266201,La Liga,2013-2014,Barcelona,Lionel Messi,1,37 min 20 sec,105.0,70.1,33.63,6.14,30.1,Left Foot,direct,473,0.0076,0
4ec9508ee6b56531a1d3515ebce204b9,266201,La Liga,2013-2014,Barcelona,Lionel Messi,2,91 min 37 sec,98.5,24.0,26.8,13.76,16.0,Left Foot,direct,473,0.0446,0
0a9e3326e12808cf4105d8a0dabdcbcb,266201,La Liga,2013-2014,Elche,Rubén Pérez,1,3 min 46 sec,114.6,3.9,36.5,1.88,36.1,Right Foot,direct,2,0.0065,0
d2db7237b882283539a77d3a4b2fcd95,266256,La Liga,2013-2014,Barcelona,Lionel Messi,2,70 min 32 sec,97.7,54.9,26.82,14.23,14.9,Left Foot,direct,473,0.0514,0
727f1b20d6e84a0ff5ee3133ac335f3e,266274,La Liga,2013-2014,Celta Vigo,Fabián Orellana,1,20 min 36 sec,100.6,24.3,24.96,14.35,15.7,Right Foot,direct,4,0.049,0
d4caf6c9a170cd54b8061807d63fe466,266491,La Liga,2013-2014,Getafe,Pablo Sarabia,1,31 min 36 sec,96.3,47.4,24.83,17.52,7.4,Left Foot,direct,6,0.0724,0
fc1a4835aaf91cb2ef9d03700cde82b9,266603,La Liga,2013-2014,Barcelona,Lionel Messi,2,82 min 45 sec,95.2,35.5,25.2,17.76,4.5,Left Foot,direct,473,0.0858,0
88d2f03b30b1ee0acacc25f0121a9773,266603,La Liga,2013-2014,Barcelona,Lionel Messi,1,32 min 11 sec,98.1,31.4,23.53,18.05,8.6,Left Foot,direct,473,0.0818,0
dcc203381deb4d88d00c06803ef246b2,266603,La Liga,2013-2014,Real Valladolid,Fausto Rossi,1,28 min 3 sec,96.1,43.0,24.09,18.72,3.0,Right Foot,direct,1,0.0834,0
c1f94923e9285fa27a376b3cce559470,266603,La Liga,2013-2014,Real Valladolid,Jesús Rueda,2,65 min 19 sec,93.3,41.9,26.77,16.96,1.9,Right Foot,direct,1,0.0591,0
879c54a0e92f47ee4e55cd8a4d736d6c,267138,La Liga,2013-2014,Barcelona,Lionel Messi,1,6 min 57 sec,100.2,58.3,26.96,12.56,18.3,Left Foot,direct,473,0.0219,0
d537c693a5f9bab4e173979fc5fb103a,267138,La Liga,2013-2014,Barcelona,Lionel Messi,2,62 min 21 sec,93.6,28.2,28.92,14.44,11.8,Left Foot,direct,473,0.0438,0
b7bfad111e2d60d6c681bf9d8e616509,267192,La Liga,2013-2014,Celta Vigo,Nolito,2,66 min 46 sec,97.4,27.5,25.83,15.52,12.5,Right Foot,direct,14,0.0615,0
f32c6fa69446025332c3446e41ebc310,267192,La Liga,2013-2014,Barcelona,Lionel Messi,1,24 min 3 sec,88.9,48.9,32.35,13.57,8.9,Left Foot,direct,473,0.0301,0
67241ac8080e60bf627ddff096535275,267368,La Liga,2013-2014,Barcelona,Xavi,2,50 min 18 sec,96.2,46.5,24.67,17.81,6.5,Right Foot,direct,59,0.0856,0
e802d61aed7894da9e7772a20e6efcd6,267567,La Liga,2013-2014,Barcelona,Lionel Messi,2,73 min 57 sec,100.9,41.3,19.14,23.55,1.3,Left Foot,direct,473,0.0881,1
0e6b24f72f531aba23305dd9aebb64f7,267567,La Liga,2013-2014,Barcelona,Lionel Messi,2,48 min 6 sec,94.6,46.4,26.19,16.87,6.4,Left Foot,direct,473,0.0706,0
d89c82be1f1e58ff895e257c91b4863c,18242,Champions League,2014-2015,Barcelona,Lionel Messi,2,76 min 30 sec,96.0,21.0,30.61,11.78,19.0,Left Foot,direct,473,0.0127,0
62303bb576efb78bb9d05bd32b088c98,70264,La Liga,2014-2015,Barcelona,Lionel Messi,2,57 min 6 sec,98.4,60.7,29.92,11.12,20.7,Left Foot,direct,473,0.0114,0
0a39a052bc837dd2760449dcbe009770,70264,La Liga,2014-2015,Barcelona,Lionel Messi,2,51 min 38 sec,95.3,40.6,24.71,18.39,0.6,Left Foot,direct,473,0.0809,0
fb82f6307bc43a609eef0c4dfd75cd98,70303,La Liga,2014-2015,Barcelona,Lionel Messi,2,65 min 35 sec,89.2,31.2,32.03,13.71,8.8,Left Foot,direct,473,0.0297,0
8854255b74c2a0fdc06db307a279a74b,265835,La Liga,2014-2015,Barcelona,Lionel Messi,1,20 min 42 sec,96.0,36.2,24.3,18.48,3.8,Left Foot,direct,473,0.0776,1
733a845fe00b1e9e55ba5c0a6c1dd124,265866,La Liga,2014-2015,Barcelona,Lionel Messi,1,41 min 1 sec,93.3,34.3,27.3,16.32,5.7,Left Foot,direct,473,0.0601,0
c95540074b8b5f5935206190fff61141,265963,La Liga,2014-2015,Barcelona,Lionel Messi,2,82 min 58 sec,97.2,34.7,23.41,18.93,5.3,Left Foot,direct,473,0.0753,0
bdce74e566f0a7ce2f9e454191f6e824,266117,La Liga,2014-2015,Barcelona,Xavi,2,55 min 53 sec,93.1,48.3,28.15,15.49,8.3,Right Foot,direct,59,0.0579,0
5b42bfc96970e0aa6e51eac81fc4427e,266142,La Liga,2014-2015,Barcelona,Neymar,1,30 min 2 sec,101.3,24.4,24.35,14.53,15.6,Right Foot,direct,40,0.0538,1
6115f4d141b1f6dfa81a8358fbd3efe3,266142,La Liga,2014-2015,Sevilla,Nicolás Pareja,2,62 min 50 sec,92.2,32.3,28.85,15.24,7.7,Right Foot,direct,2,0.0475,0
97a4d48dc1022ce42f0c22c2fd2f414a,266142,La Liga,2014-2015,Barcelona,Lionel Messi,2,73 min 31 sec,87.3,47.5,33.55,13.27,7.5,Left Foot,direct,473,0.0226,0
b3b767719c02cf3dea14816245ff50ad,266142,La Liga,2014-2015,Barcelona,Lionel Messi,1,44 min 11 sec,100.7,25.6,24.08,15.31,14.4,Left Foot,direct,473,0.0633,0
8489ecd18c01c5220ea39c141957c918,266148,La Liga,2014-2015,Barcelona,Lionel Messi,1,29 min 40 sec,93.8,28.2,28.73,14.51,11.8,Left Foot,direct,473,0.0475,0
2743c409f8bf71c78a651c48d04a062a,266230,La Liga,2014-2015,Barcelona,Lionel Messi,2,64 min 49 sec,89.9,50.8,31.98,13.45,10.8,Left Foot,direct,473,0.0289,0
3ea7df5830ce3662a8ad45909f8211a7,266240,La Liga,2014-2015,Barcelona,Xavi,1,20 min 55 sec,93.7,48.2,27.55,15.81,8.2,Right Foot,direct,59,0.0598,0
2fe6369a0f87ad2914ad0644f8556537,266240,La Liga,2014-2015,Barcelona,Lionel Messi,2,64 min 31 sec,92.8,34.7,27.71,16.14,5.3,Left Foot,direct,473,0.0632,0
454a60a0e061f7e95b66c40288e81dc1,266320,La Liga,2014-2015,Barcelona,Lionel Messi,2,69 min 50 sec,93.8,34.9,26.69,16.75,5.1,Left Foot,direct,473,0.0616,0
680099e57eb866624f33fc2aa187621a,266320,La Liga,2014-2015,Barcelona,Lionel Messi,1,29 min 40 sec,96.1,42.8,24.06,18.76,2.8,Left Foot,direct,473,0.0782,0
b249c5552261ee5cf8b29ee2fe9d7bdd,266406,La Liga,2014-2015,Barcelona,Lionel Messi,2,65 min 34 sec,87.2,40.3,32.8,13.9,0.3,Left Foot,direct,473,0.0237,0
2230fd72af0204bb4c98b862fcee24a4,266406,La Liga,2014-2015,Barcelona,Lionel Messi,1,27 min 53 sec,104.1,62.4,27.47,9.77,22.4,Left Foot,direct,473,0.009,0
d46f312ba8a83d6d65973634f7eecb14,266525,La Liga,2014-2015,Barcelona,Lionel Messi,2,63 min 48 sec,99.1,57.8,27.45,12.77,17.8,Left Foot,direct,473,0.0315,0
cb63bc5c37500ead2dd9a4552d73e87d,266531,La Liga,2014-2015,Espanyol,Salva Sevilla,2,93 min 51 sec,97.3,24.2,27.66,13.63,15.8,Right Foot,direct,4,0.0476,0
a060d43a9cd35d4cb3f8d51d869d3388,266531,La Liga,2014-2015,Barcelona,Lionel Messi,2,67 min 37 sec,94.6,25.1,29.45,13.43,14.9,Left Foot,direct,473,0.0411,0
84104c8536c3b1dd62fc310f8d7124fd,266560,La Liga,2014-2015,Valencia,Dani Parejo,1,18 min 22 sec,94.9,29.5,27.21,15.5,10.5,Right Foot,direct,20,0.0564,0
f7c2583dfba78d266c2e89fb4fd30104,266560,La Liga,2014-2015,Barcelona,Lionel Messi,2,79 min 59 sec,91.4,36.6,28.8,15.71,3.4,Left Foot,direct,473,0.0447,0
2bf3d2b2f7b017fb2c947f7d2bb19ab7,266631,La Liga,2014-2015,Barcelona,Lionel Messi,1,33 min 2 sec,109.7,62.7,24.93,7.75,22.7,Left Foot,direct,473,0.0076,0
698b7b6d579d31122cd3aff34c634125,266631,La Liga,2014-2015,Barcelona,Lionel Messi,2,89 min 52 sec,95.9,26.8,27.48,14.62,13.2,Left Foot,direct,473,0.0488,0
6274235e9cc27cee69f1d39d4a57707e,266741,La Liga,2014-2015,Barcelona,Lionel Messi,1,31 min 46 sec,88.6,46.6,32.09,13.92,6.6,Left Foot,direct,473,0.0277,0
29966c16d416f0a9016d7bf02169275a,266770,La Liga,2014-2015,Levante UD,Pape Diop,2,53 min 49 sec,98.7,29.8,23.62,17.46,10.2,Right Foot,direct,2,0.0815,0
e9d095052ccd8d2a453f65aa2582ff34,266794,La Liga,2014-2015,Barcelona,Lionel Messi,1,20 min 10 sec,97.9,60.3,30.01,11.3,20.3,Left Foot,direct,473,0.0107,0
eed3f9a1b7d5bcb90227d97de19f7709,266794,La Liga,2014-2015,Barcelona,Lionel Messi,2,79 min 0 sec,93.5,42.1,26.58,17.06,2.1,Left Foot,direct,473,0.0664,0
8f91371f9c216490093c27d83b262782,266794,La Liga,2014-2015,Elche,Fayçal Fajr,1,25 min 25 sec,87.3,42.3,32.78,13.88,2.3,Right Foot,direct,8,0.0305,0
e05f442b3330cfdc85bbba553d8bb770,266838,La Liga,2014-2015,Málaga,Luis Alberto,2,70 min 5 sec,113.0,17.3,23.75,5.83,22.7,Right Foot,direct,1,0.0083,0
18764fb527cebaeb8ec102abb90b328f,266838,La Liga,2014-2015,Barcelona,Lionel Messi,1,14 min 55 sec,93.5,52.1,29.13,14.28,12.1,Left Foot,direct,473,0.0424,0
fa78731ca2b571edba1a2abcda1afcd8,266846,La Liga,2014-2015,Córdoba CF,Fede Cartabia,2,62 min 42 sec,98.1,59.9,29.59,11.52,19.9,Left Foot,direct,6,0.0124,0
4f60ebf1ce464496aa3010fd2022295c,266871,La Liga,2014-2015,Athletic Club,Markel Susaeta,1,23 min 35 sec,99.9,20.1,28.28,11.59,19.9,Right Foot,direct,6,0.0111,0
fcf29ca29657cfaaf75dea579cf5a98c,266871,La Liga,2014-2015,Barcelona,Lionel Messi,1,14 min 46 sec,91.6,54.6,31.93,12.75,14.6,Left Foot,direct,473,0.021,1
c37f5225f45d0129991a8f6a97802087,266916,La Liga,2014-2015,Rayo Vallecano,Roberto Trashorras,1,29 min 40 sec,94.6,34.7,25.95,17.18,5.3,Right Foot,direct,7,0.0738,0
b041dca85873a3235b5fb040cb747ff7,266916,La Liga,2014-2015,Barcelona,Lionel Messi,2,66 min 31 sec,99.6,52.9,24.14,16.07,12.9,Left Foot,direct,473,0.0673,0
8d078946a35c03e324f865ae3122efcb,266921,La Liga,2014-2015,Elche,Edu Albácar,1,44 min 38 sec,92.2,38.1,27.86,16.3,1.9,Left Foot,direct,1,0.0573,0
fa1ada75c7a48bf0a83411aaf6375a3e,266967,La Liga,2014-2015,Barcelona,Neymar,1,17 min 6 sec,95.9,32.5,25.24,17.25,7.5,Right Foot,direct,40,0.0755,0
9dda6f6c5c2aa0276509f7073688ccb0,267085,La Liga,2014-2015,Real Madrid,Cristiano Ronaldo,1,4 min 42 sec,95.3,19.7,31.97,11.11,20.3,Right Foot,direct,70,0.0096,0
36c55962da066365cdabdca04684c340,267085,La Liga,2014-2015,Barcelona,Lionel Messi,2,47 min 1 sec,93.0,55.3,31.03,12.85,15.3,Left Foot,direct,473,0.0247,0
ab64e05ce8c9ea2fa2513b83320c1578,267085,La Liga,2014-2015,Barcelona,Lionel Messi,2,92 min 4 sec,89.0,38.3,31.05,14.66,1.7,Left Foot,direct,473,0.031,0
80681e427cc7c6fdaa13fdc5170a45c2,267183,La Liga,2014-2015,Barcelona,Lionel Messi,1,22 min 22 sec,93.5,27.6,29.26,14.16,12.4,Left Foot,direct,473,0.0443,0
f0df87f8fcc97b85191c01897d017e1a,267197,La Liga,2014-2015,RC Deportivo La Coruña,Haris Medunjanin,2,69 min 59 sec,106.4,63.1,26.81,8.8,23.1,Left Foot,direct,3,0.0092,0
62fd03fb688d57dd0effa48b83d47231,267197,La Liga,2014-2015,RC Deportivo La Coruña,Haris Medunjanin,2,75 min 18 sec,100.4,43.0,19.83,22.57,3.0,Left Foot,direct,3,0.0906,0
2586896c2bbd87595eaffa0d224df292,267197,La Liga,2014-2015,Barcelona,Xavi,2,58 min 16 sec,92.1,45.0,28.34,15.83,5.0,Right Foot,direct,59,0.0593,0
577d758620174c229253aeb146298f3d,267301,La Liga,2014-2015,Celta Vigo,Nolito,1,16 min 26 sec,97.1,32.4,24.13,17.93,7.6,Right Foot,direct,14,0.0809,0
4551c1b1e4cf84c77ae05d8df27683f2,267301,La Liga,2014-2015,Barcelona,Lionel Messi,2,72 min 58 sec,98.6,34.4,22.12,19.89,5.6,Left Foot,direct,473,0.083,0
6969ef3752f56446313015b70162f5ea,267301,La Liga,2014-2015,Barcelona,Lionel Messi,2,79 min 27 sec,88.8,45.8,31.73,14.14,5.8,Left Foot,direct,473,0.0356,0
080fcf938f08c4e49c91d7b3aa1cfd5a,267343,La Liga,2014-2015,Barcelona,Lionel Messi,2,64 min 30 sec,95.3,57.0,29.98,12.61,17.0,Left Foot,direct,473,0.0185,0
9db4348c6bd1c522d4ac47919093e806,267400,La Liga,2014-2015,Barcelona,Lionel Messi,2,83 min 8 sec,93.5,24.3,30.8,12.81,15.7,Left Foot,direct,473,0.0242,0
86fb6e2cdf8660902f21c19498dd3f46,267400,La Liga,2014-2015,Barcelona,Lionel Messi,2,87 min 50 sec,100.3,58.3,26.89,12.57,18.3,Left Foot,direct,473,0.0205,0
9870a055bc10e0f699f8fd661f785cb5,267400,La Liga,2014-2015,Barcelona,Lionel Messi,2,84 min 51 sec,90.0,51.6,32.16,13.26,11.6,Left Foot,direct,473,0.0249,0
4d966740cc33e319b7bd51a348484518,267561,La Liga,2014-2015,Barcelona,Lionel Messi,2,60 min 42 sec,94.2,33.6,26.58,16.64,6.4,Left Foot,direct,473,0.0635,0
ab13f2acb4a3919bd677dfedc312a1bb,267561,La Liga,2014-2015,Barcelona,Xavi,2,89 min 2 sec,96.9,34.5,23.75,18.64,5.5,Right Foot,direct,59,0.0763,0
23017ff1c768048e8b585235e5e06fb0,267561,La Liga,2014-2015,Rayo Vallecano,Roberto Trashorras,1,10 min 10 sec,96.1,38.3,23.96,18.91,1.7,Right Foot,direct,7,0.0776,0
c33cf8962758ba4963a3a1556c1c7068,267597,La Liga,2014-2015,Barcelona,Lionel Messi,1,18 min 19 sec,98.3,33.7,22.6,19.34,6.3,Left Foot,direct,473,0.0832,0
53b79a39ccaf597f043648ac9eb7bbb4,3890259,1. Bundesliga,2015-2016,Bayern Munich,David Alaba,2,50 min 18 sec,95.7,54.3,28.2,14.01,14.3,Left Foot,direct,9,0.0388,0
ae05c66e85674a68b8adbe909aff56b5,3890260,1. Bundesliga,2015-2016,Bayer Leverkusen,Hakan Çalhanoğlu,1,15 min 20 sec,89.7,26.5,33.17,12.6,13.5,Right Foot,direct,33,0.0142,0
01d27b65b403c7cd862e10c257262615,3890260,1. Bundesliga,2015-2016,Bayer Leverkusen,Hakan Çalhanoğlu,1,41 min 37 sec,89.4,49.8,32.13,13.54,9.8,Right Foot,direct,33,0.0323,0
5fd627555301e05711df8dbd6f6c807d,3890261,1. Bundesliga,2015-2016,Borussia Dortmund,İlkay Gündoğan,1,20 min 1 sec,87.5,45.1,32.9,13.7,5.1,Right Foot,direct,8,0.0264,0
3e4ae1b60b3c32df3cc96aec052d5de1,3890263,1. Bundesliga,2015-2016,FSV Mainz 05,Pierre Bengtsson,1,15 min 50 sec,97.7,47.0,23.37,18.59,7.0,Left Foot,direct,2,0.076,0
5a25a6a27924eb73866f975945ea4c78,3890263,1. Bundesliga,2015-2016,FSV Mainz 05,Fabian Frei,1,12 min 23 sec,88.0,39.1,32.01,14.24,0.9,Right Foot,direct,1,0.0275,0
062fd62c9fa1eeae1d16fd2f70c4467a,3890264,1. Bundesliga,2015-2016,Schalke 04,Johannes Geis,1,10 min 44 sec,92.0,23.2,32.65,12.04,16.8,Right Foot,direct,23,0.0098,0
e2748d28ae140f5efc03d01db7e698cf,3890264,1. Bundesliga,2015-2016,Werder Bremen,Zlatko Junuzović,2,74 min 6 sec,92.9,45.3,27.61,16.19,5.3,Right Foot,direct,13,0.0584,0
89648b71e9b9a218ea12ec91aa51e3bb,3890264,1. Bundesliga,2015-2016,Werder Bremen,Zlatko Junuzović,1,40 min 35 sec,96.8,34.4,23.87,18.53,5.6,Right Foot,direct,13,0.0789,0
b6499cbda7d33b900bad87396e4359d0,3890265,1. Bundesliga,2015-2016,Hertha Berlin,Jens Hegeler,2,78 min 26 sec,95.1,26.7,28.23,14.31,13.3,Right Foot,direct,1,0.0429,0
67f8ddcd0a73b145db300c826df967a0,3890265,1. Bundesliga,2015-2016,Augsburg,Alexander Esswein,2,74 min 53 sec,99.1,38.1,20.99,21.5,1.9,Right Foot,direct,5,0.0875,0
4b72e9a9d05839c4535c62d6cf974d3d,3890266,1. Bundesliga,2015-2016,FC Köln,Miloš Jojić,1,34 min 43 sec,96.1,23.1,29.27,12.81,16.9,Right Foot,direct,3,0.0277,0
e6f359475a1f38d46a5e9f9ebe26c1e4,3890266,1. Bundesliga,2015-2016,VfB Stuttgart,Daniel Didavi,2,90 min 0 sec,84.1,42.3,35.97,12.66,2.3,Left Foot,direct,20,0.0132,0
63b5630e0afd989264dff9dfa6ebe6dd,3890267,1. Bundesliga,2015-2016,Wolfsburg,Ricardo Rodríguez,2,64 min 2 sec,93.3,57.1,31.71,12.18,17.1,Left Foot,direct,7,0.0091,0
5912d70693348868aa1d270fd7dd4ab4,3890267,1. Bundesliga,2015-2016,Eintracht Frankfurt,Joel Gerezgiher,2,89 min 23 sec,94.5,24.4,29.89,13.09,15.6,Right Foot,direct,1,0.0352,0
7adea4b9698f8131875be1f739026093,3890268,1. Bundesliga,2015-2016,Werder Bremen,Zlatko Junuzović,2,46 min 32 sec,87.1,38.5,32.93,13.84,1.5,Right Foot,direct,13,0.025,0
569747fb8d3c9e518e3208fa9365b9f9,3890269,1. Bundesliga,2015-2016,VfB Stuttgart,Daniel Didavi,2,58 min 27 sec,86.1,55.1,37.11,11.27,15.1,Left Foot,direct,20,0.0071,0
3fda887ec83bd2de736d4f33c5b9bf55,3890269,1. Bundesliga,2015-2016,VfB Stuttgart,Daniel Didavi,2,49 min 12 sec,84.8,41.1,35.22,12.95,1.1,Left Foot,direct,20,0.0185,0
64c613eeff91533dc33be9927632272c,3890270,1. Bundesliga,2015-2016,Hoffenheim,Sebastian Rudy,2,71 min 50 sec,97.7,29.6,24.61,16.84,10.4,Right Foot,direct,1,0.0697,0
e2c4b21e425e185f09e74432b8e0c927,3890270,1. Bundesliga,2015-2016,Bayern Munich,David Alaba,2,49 min 39 sec,89.3,32.5,31.6,14.03,7.5,Left Foot,direct,9,0.0259,0
5687cfd8810082f543dbae32760f01ea,3890271,1. Bundesliga,2015-2016,Schalke 04,Johannes Geis,2,73 min 47 sec,93.1,37.4,27.03,16.76,2.6,Right Foot,direct,23,0.0553,0
2a209a53cfa05fd7080c652455259756,3890271,1. Bundesliga,2015-2016,Darmstadt 98,Konstantin Rausch,2,52 min 53 sec,87.6,24.2,36.05,11.42,15.8,Left Foot,direct,11,0.0082,0
c50b217f0cbdb1ac2cd635391cf7a7b3,3890271,1. Bundesliga,2015-2016,Schalke 04,Johannes Geis,1,43 min 43 sec,90.2,48.5,30.99,14.17,8.5,Right Foot,direct,23,0.041,0
6ef67afbeeb3626be998a31c89b19771,3890272,1. Bundesliga,2015-2016,Augsburg,Hong Jeong-Ho,1,20 min 19 sec,79.0,44.9,41.29,10.99,4.9,Right Foot,direct,3,0.0073,0
2aff7bb65d57c5d2315fdcb391de9fdc,3890273,1. Bundesliga,2015-2016,Bayer Leverkusen,Hakan Çalhanoğlu,1,17 min 1 sec,92.3,35.5,28.06,16.03,4.5,Right Foot,direct,33,0.0577,1
0455484024468a42c05ad3662643029b,3890273,1. Bundesliga,2015-2016,Bayer Leverkusen,Hakan Çalhanoğlu,2,46 min 4 sec,90.2,46.0,30.4,14.71,6.0,Right Foot,direct,33,0.0376,0
7ec76677856bfa8ff136b173d3d0c488,3890277,1. Bundesliga,2015-2016,Schalke 04,Johannes Geis,2,80 min 11 sec,92.7,15.2,36.88,9.23,24.8,Right Foot,direct,23,0.0058,0
ab8d3a6723dfce3120659100b27dade0,3890278,1. Bundesliga,2015-2016,Bayer Leverkusen,Hakan Çalhanoğlu,1,36 min 32 sec,90.8,22.6,33.99,11.59,17.4,Right Foot,direct,33,0.0082,0
0075db452c782d862201f3863a07d3ff,3890279,1. Bundesliga,2015-2016,VfB Stuttgart,Daniel Didavi,1,31 min 36 sec,79.7,38.3,40.34,11.32,1.7,Left Foot,direct,20,0.0072,0
3d6e1404a3c2764798a4c0f39026590a,3890279,1. Bundesliga,2015-2016,VfB Stuttgart,Daniel Didavi,2,59 min 45 sec,99.5,71.4,37.5,6.73,31.4,Left Foot,direct,20,0.0065,0
d08b89cbf70bf7c33a8d3a7ab6fcb34f,3890280,1. Bundesliga,2015-2016,FC Köln,Marcel Risse,1,24 min 58 sec,85.8,35.5,34.49,13.12,4.5,Right Foot,direct,13,0.021,0
db282d381f308e9bf43da7f262b210f4,3890280,1. Bundesliga,2015-2016,Hamburger SV,Michael Gregoritsch,2,69 min 9 sec,95.6,50.4,26.52,15.85,10.4,Left Foot,direct,11,0.0554,0
2f7ed0731485ab437b0851860a0b4af1,3890280,1. Bundesliga,2015-2016,Hamburger SV,Ivo Iličević,1,20 min 56 sec,89.8,28.8,32.21,13.31,11.2,Right Foot,direct,1,0.0273,0
c5c251d9f2354990146336517cf33740,3890281,1. Bundesliga,2015-2016,Augsburg,Tobias Werner,2,71 min 16 sec,80.4,66.2,47.48,8.05,26.2,Left Foot,direct,1,0.0046,0
5bf265324fae454e47c6ebcab9f549f5,3890281,1. Bundesliga,2015-2016,Augsburg,Hong Jeong-Ho,1,3 min 14 sec,92.4,43.0,27.76,16.31,3.0,Right Foot,direct,3,0.0574,0
559fbaf4214dd9e2904a4c869a3f2554,3890281,1. Bundesliga,2015-2016,Ingolstadt,Markus Suttner,1,30 min 20 sec,91.8,48.2,29.37,14.92,8.2,Left Foot,direct,5,0.0472,0
acfe79f380743f9a7b197e18fa094f95,3890283,1. Bundesliga,2015-2016,Darmstadt 98,Konstantin Rausch,1,37 min 59 sec,101.5,31.3,20.44,20.21,8.7,Left Foot,direct,11,0.0859,0
6e70b5d7e970f8ee8f181cb686d495a7,3890283,1. Bundesliga,2015-2016,Hoffenheim,Steven Zuber,2,52 min 14 sec,92.5,37.5,27.61,16.42,2.5,Right Foot,direct,1,0.0571,0
e805ddb6c68e3ae86218a397065c8c51,3890285,1. Bundesliga,2015-2016,Werder Bremen,Jannik Vestergaard,1,20 min 14 sec,88.9,49.6,32.55,13.41,9.6,Right Foot,direct,1,0.0257,0
3c2f7a6669edba5ff6f9d39b4de55875,3890285,1. Bundesliga,2015-2016,Werder Bremen,Zlatko Junuzović,1,25 min 5 sec,94.5,39.3,25.51,17.82,0.7,Right Foot,direct,13,0.0667,0
cfb5118601e4b53289835f02df047452,3890286,1. Bundesliga,2015-2016,Borussia Mönchengladbach,Ibrahima Traoré,2,78 min 27 sec,90.9,43.1,29.26,15.48,3.1,Left Foot,direct,2,0.0444,0
c9eb86e591841f046c3d2962800523e9,3890286,1. Bundesliga,2015-2016,Borussia Mönchengladbach,Håvard Nordtveit,1,23 min 10 sec,82.3,36.7,37.84,12.02,3.3,Right Foot,direct,6,0.0076,0
39203fcf1bdd99dfe83bad74e6acb097,3890287,1. Bundesliga,2015-2016,Bayern Munich,Thiago Alcântara,2,92 min 58 sec,97.0,29.2,25.41,16.29,10.8,Right Foot,direct,4,0.0656,0
de426e170094c26cef3fe72004b8d335,3890287,1. Bundesliga,2015-2016,Bayern Munich,Xabi Alonso,2,64 min 5 sec,100.1,26.9,23.82,16.1,13.1,Right Foot,direct,4,0.0649,0
9aa448b94036a87e82032e9afea63e98,3890287,1. Bundesliga,2015-2016,Bayern Munich,David Alaba,1,24 min 31 sec,97.3,47.3,23.84,18.19,7.3,Left Foot,direct,9,0.0719,0
535ce8a5a53da7c9b4fd54b512c634fc,3890287,1. Bundesliga,2015-2016,Bayern Munich,David Alaba,2,66 min 2 sec,87.6,34.9,32.8,13.74,5.1,Left Foot,direct,9,0.0211,0
b823fd8c1b19f7d3fde34de2be14ab61,3890288,1. Bundesliga,2015-2016,Darmstadt 98,Konstantin Rausch,1,9 min 33 sec,116.0,75.6,35.82,1.45,35.6,Left Foot,direct,11,0.007,0
3a9e5ccf959ca8187e950df0c6716e84,3890288,1. Bundesliga,2015-2016,Bayer Leverkusen,Hakan Çalhanoğlu,2,54 min 7 sec,98.0,32.0,23.41,18.31,8.0,Right Foot,direct,33,0.0725,0
eb09c726ccd242c6669001ed680d99a2,3890289,1. Bundesliga,2015-2016,FC Köln,Marcel Risse,2,85 min 5 sec,99.3,45.4,21.39,20.55,5.4,Right Foot,direct,13,0.0982,0
fa5747d9343bc9dda3d4f853317c63e2,3890289,1. Bundesliga,2015-2016,Eintracht Frankfurt,Alexander Meier,1,5 min 37 sec,93.0,36.8,27.19,16.63,3.2,Right Foot,direct,2,0.0571,0
204b33ebdb8cd0e3f16be0ed49704967,3890290,1. Bundesliga,2015-2016,Hertha Berlin,Marvin Plattenhardt,1,47 min 49 sec,96.5,52.6,26.66,15.14,12.6,Left Foot,direct,8,0.0496,0
bb974f5e62dcc60581ee79a481e8d372,3890291,1. Bundesliga,2015-2016,Ingolstadt,Pascal Groß,1,25 min 5 sec,104.6,17.5,27.27,9.61,22.5,Right Foot,direct,11,0.009,0
b79cbff217be81ffc4f61fbf6da00623,3890292,1. Bundesliga,2015-2016,Hannover 96,Hiroshi Kiyotake,2,57 min 29 sec,89.6,44.9,30.79,14.62,4.9,Right Foot,direct,5,0.035,0
2bc178ccafaf0bdf69866b49509bda47,3890293,1. Bundesliga,2015-2016,Schalke 04,Johannes Geis,2,48 min 32 sec,98.4,53.3,25.37,15.4,13.3,Right Foot,direct,23,0.0544,0
0b814b984e9528eca0d3d62bc636f9f7,3890293,1. Bundesliga,2015-2016,FSV Mainz 05,Danny Latza,1,27 min 53 sec,84.6,33.3,36.03,12.46,6.7,Right Foot,direct,4,0.0085,0
854705752f06ac5015c72db7eedabffe,3890293,1. Bundesliga,2015-2016,Schalke 04,Dennis Aogo,1,45 min 9 sec,110.2,66.3,28.07,5.8,26.3,Left Foot,direct,2,0.0074,0
679f5fd16f60270cecf894d93c667a07,3890294,1. Bundesliga,2015-2016,Hoffenheim,Kevin Volland,2,66 min 42 sec,89.6,59.5,36.12,10.69,19.5,Left Foot,direct,3,0.0068,0
14dc7282e099a03feaee580170ecd56a,3890295,1. Bundesliga,2015-2016,FSV Mainz 05,Yunus Mallı,2,49 min 24 sec,99.2,23.6,26.49,13.64,16.4,Right Foot,direct,1,0.0431,0
d80b5459db672107475cacac70a9871b,3890296,1. Bundesliga,2015-2016,Bayern Munich,Xabi Alonso,2,78 min 13 sec,95.0,30.2,26.85,15.84,9.8,Right Foot,direct,4,0.063,0
88bcea3568b19fe8ad9523dc25b50306,3890296,1. Bundesliga,2015-2016,Bayern Munich,Douglas Costa,1,18 min 4 sec,93.3,22.9,31.71,12.18,17.1,Left Foot,direct,4,0.0101,0
a004115454dc0f0feafa855140412968,3890297,1. Bundesliga,2015-2016,Hamburger SV,Michael Gregoritsch,2,83 min 34 sec,89.5,55.3,34.12,12.0,15.3,Left Foot,direct,11,0.0079,0
174861e5064413a0956a4fac18dbadfd,3890297,1. Bundesliga,2015-2016,Hamburger SV,Pierre-Michel Lasogga,2,67 min 27 sec,98.5,27.0,25.12,15.62,13.0,Right Foot,direct,2,0.0562,0
279f734baa2e640b265eb9eb00df147e,3890300,1. Bundesliga,2015-2016,Ingolstadt,Pascal Groß,2,66 min 48 sec,84.5,33.1,36.16,12.4,6.9,Right Foot,direct,11,0.0067,0
e712c4dc73f4f20bb3969186e3de7a4d,3890301,1. Bundesliga,2015-2016,Borussia Dortmund,İlkay Gündoğan,2,53 min 30 sec,95.8,25.2,28.37,13.79,14.8,Right Foot,direct,8,0.0403,0
f31fb17ba357a40169b7b645bc7c1c9b,3890301,1. Bundesliga,2015-2016,Bayer Leverkusen,Hakan Çalhanoğlu,2,61 min 12 sec,100.1,54.3,24.51,15.24,14.3,Right Foot,direct,33,0.0604,0
4ffb85d1a4a7492748744620cb081eb0,3890302,1. Bundesliga,2015-2016,Augsburg,Konstantinos Stafylidis,2,71 min 41 sec,99.5,43.0,20.72,21.65,3.0,Left Foot,direct,1,0.0805,0
b79ba82fb807542d934208fb1a22efdb,3890303,1. Bundesliga,2015-2016,VfB Stuttgart,Alexandru Maxim,1,32 min 35 sec,90.3,27.1,32.38,12.96,12.9,Right Foot,direct,7,0.0225,0
ad2b62daf10b6eda249bcb835c3d9918,3890304,1. Bundesliga,2015-2016,Hamburger SV,Michael Gregoritsch,2,86 min 23 sec,90.3,40.9,29.71,15.33,0.9,Left Foot,direct,11,0.0343,1
bd320b64b563ae3a81a815f2cca08fab,3890304,1. Bundesliga,2015-2016,Hamburger SV,Marcelo Díaz,2,82 min 18 sec,90.0,27.4,32.54,12.96,12.6,Right Foot,direct,4,0.0218,0
b7bb6a51f41ae9bb036bc20ef216cb54,3890307,1. Bundesliga,2015-2016,Werder Bremen,Alejandro Gálvez,1,28 min 17 sec,84.9,57.2,39.09,10.52,17.2,Right Foot,direct,4,0.0085,0
22b6d555f9eaaa04fa4d86c9294b313d,3890307,1. Bundesliga,2015-2016,Darmstadt 98,Jérôme Gondorf,1,15 min 3 sec,100.9,21.3,26.73,12.34,18.7,Right Foot,direct,1,0.012,0
4e7b6a81d1a412dbac58187ab68f5184,3890308,1. Bundesliga,2015-2016,Augsburg,Alexander Esswein,2,53 min 31 sec,98.3,24.5,26.67,14.02,15.5,Right Foot,direct,5,0.0413,0
298b6021b0d4b7e557bafb1d43876ee1,3890308,1. Bundesliga,2015-2016,Borussia Mönchengladbach,Granit Xhaka,1,3 min 53 sec,86.8,50.2,34.73,12.58,10.2,Left Foot,direct,4,0.0126,0
28a553df4875ceb52e92b458d681b29b,3890308,1. Bundesliga,2015-2016,Borussia Mönchengladbach,Ibrahima Traoré,2,86 min 50 sec,99.8,62.1,29.94,10.4,22.1,Left Foot,direct,2,0.01,0
93fe9922a16a3f4c511af1a2d21695b4,3890308,1. Bundesliga,2015-2016,Borussia Mönchengladbach,Håvard Nordtveit,2,80 min 55 sec,91.3,27.7,31.22,13.46,12.3,Right Foot,direct,6,0.0368,0
b2fc3edf8ab02f0b2294249b60fc64be,3890309,1. Bundesliga,2015-2016,VfB Stuttgart,Alexandru Maxim,2,79 min 18 sec,104.8,16.0,28.41,8.74,24.0,Right Foot,direct,7,0.0087,0
470da9cdf43f8e60dd37e6daa82e5223,3890309,1. Bundesliga,2015-2016,VfB Stuttgart,Daniel Didavi,2,58 min 43 sec,96.5,50.0,25.54,16.46,10.0,Left Foot,direct,20,0.0628,0
eb810d1acfdc8ba4f61d092a2955f994,3890310,1. Bundesliga,2015-2016,Borussia Dortmund,Pierre-Emerick Aubameyang,1,20 min 2 sec,90.7,53.1,32.1,13.01,13.1,Right Foot,direct,6,0.0255,0
09d46837719e102015f3cf00f479938c,3890311,1. Bundesliga,2015-2016,Eintracht Frankfurt,Marc Stendera,2,68 min 26 sec,89.7,47.4,31.19,14.22,7.4,Right Foot,direct,3,0.0426,0
68dbb1a1b017c1cdb7ddb58185f246dc,3890311,1. Bundesliga,2015-2016,Schalke 04,Johannes Geis,1,9 min 34 sec,100.2,25.0,24.84,14.76,15.0,Right Foot,direct,23,0.0509,0
ee4de4b44dbc97ff003031de21d64191,3890311,1. Bundesliga,2015-2016,Schalke 04,Johannes Geis,2,65 min 43 sec,100.5,20.0,27.93,11.54,20.0,Right Foot,direct,23,0.0133,0
6f4f9c3d954997cae1f1ea369fe50c24,3890312,1. Bundesliga,2015-2016,FSV Mainz 05,Christian Clemens,2,76 min 0 sec,100.1,44.7,20.45,21.6,4.7,Right Foot,direct,5,0.087,0
f7e5f6bf36eee3cd8d7fe0bdfdb2fcfe,3890312,1. Bundesliga,2015-2016,Bayer Leverkusen,Hakan Çalhanoğlu,1,23 min 59 sec,80.3,26.9,41.81,10.39,13.1,Right Foot,direct,33,0.0065,0
2d6bf39301853b366cd49170bc4c3acd,3890313,1. Bundesliga,2015-2016,Ingolstadt,Markus Suttner,2,62 min 40 sec,98.1,48.6,23.53,18.05,8.6,Left Foot,direct,5,0.0784,0
4c17909e2e6ef5859e25239126e01d8a,3890313,1. Bundesliga,2015-2016,FC Köln,Marcel Risse,1,38 min 7 sec,87.4,41.8,32.65,13.95,1.8,Right Foot,direct,13,0.0262,0
a702b9de3623d128d2a6bb2b277e3dd7,3890313,1. Bundesliga,2015-2016,Ingolstadt,Markus Suttner,1,8 min 21 sec,95.6,64.3,34.44,9.47,24.3,Left Foot,direct,5,0.0069,0
0af227eae7e03963e9a4a31bb198708a,3890314,1. Bundesliga,2015-2016,Augsburg,Piotr Trochowski,2,78 min 44 sec,99.7,31.4,22.05,19.06,8.6,Right Foot,direct,3,0.0821,0
86279cc18c5448a4ea4a4e7c9b2977d7,3890314,1. Bundesliga,2015-2016,Augsburg,Raúl Bobadilla,2,65 min 2 sec,109.4,16.5,25.78,7.45,23.5,Right Foot,direct,7,0.0077,0
8e338f80eca4d7b78c3c9e3b3eb8546b,3890314,1. Bundesliga,2015-2016,Augsburg,Raúl Bobadilla,2,46 min 51 sec,94.7,47.0,26.25,16.74,7.0,Right Foot,direct,7,0.0611,0
7f5d447a49532262aec4fe09c7bd7274,3890314,1. Bundesliga,2015-2016,Hoffenheim,Kevin Volland,2,56 min 27 sec,85.3,54.4,37.57,11.25,14.4,Left Foot,direct,3,0.0073,0
a8d24eb87da562ffe8a3d44d69b598e8,3890315,1. Bundesliga,2015-2016,Bayer Leverkusen,Julian Brandt,2,57 min 14 sec,100.3,35.0,20.32,21.65,5.0,Right Foot,direct,1,0.0857,1
61d6d88ddb0eeb4ab2db83cfe506ee5d,3890315,1. Bundesliga,2015-2016,Bayer Leverkusen,Hakan Çalhanoğlu,2,78 min 20 sec,78.2,38.5,41.83,10.92,1.5,Right Foot,direct,33,0.0067,0
c55da692f3db9ce46e0f8d25f03775a5,3890316,1. Bundesliga,2015-2016,Bayern Munich,David Alaba,1,23 min 41 sec,85.9,40.7,34.11,13.38,0.7,Left Foot,direct,9,0.0211,0
b5e348d00cfb8fb63c1ad7f1b0227293,3890316,1. Bundesliga,2015-2016,Bayern Munich,Thiago Alcântara,2,64 min 13 sec,83.8,35.9,36.43,12.45,4.1,Right Foot,direct,4,0.0076,0
32b2922132e281fa49990b38283cacf7,3890318,1. Bundesliga,2015-2016,Borussia Mönchengladbach,Fabian Johnson,2,61 min 47 sec,98.3,47.6,22.99,18.71,7.6,Right Foot,direct,1,0.0794,0
8f90d19fcdf84a0b2f3f8919b9a30dcf,3890318,1. Bundesliga,2015-2016,VfB Stuttgart,Daniel Didavi,2,47 min 47 sec,89.8,57.5,34.9,11.36,17.5,Left Foot,direct,20,0.0079,0
8f18b6a1b71143505aad3d143f6704b8,3890318,1. Bundesliga,2015-2016,VfB Stuttgart,Alexandru Maxim,2,73 min 51 sec,92.8,32.9,28.11,15.7,7.1,Right Foot,direct,7,0.0553,0
9eb4c151b46b635816d68ac5e0ae84eb,3890319,1. Bundesliga,2015-2016,Hannover 96,Hiroshi Kiyotake,1,28 min 21 sec,99.5,26.7,24.44,15.76,13.3,Right Foot,direct,5,0.0673,0
c79eae1c2c94525001e62ee6ddbeccb4,3890320,1. Bundesliga,2015-2016,Hertha Berlin,Alexander Baumjohann,2,86 min 33 sec,108.9,13.7,28.55,6.34,26.3,Right Foot,direct,1,0.0075,0
e943b01403218182a2e21fd718da2387,3890324,1. Bundesliga,2015-2016,Hamburger SV,Lewis Holtby,2,61 min 8 sec,88.9,47.9,32.09,13.79,7.9,Left Foot,direct,1,0.0283,0
20e86188625fb6af7bccf2c95acd6eb2,3890327,1. Bundesliga,2015-2016,Hoffenheim,Jonathan Schmid,2,73 min 15 sec,105.1,16.1,28.16,8.72,23.9,Right Foot,direct,5,0.0087,0
4f74686beab4a509b9365bb2fcac6330,3890328,1. Bundesliga,2015-2016,Schalke 04,Johannes Geis,2,49 min 59 sec,89.9,28.0,32.4,13.11,12.0,Right Foot,direct,23,0.024,0
8d7afcb9651efc0f6748ca7d8230b6fc,3890328,1. Bundesliga,2015-2016,Schalke 04,Johannes Geis,2,72 min 18 sec,91.7,45.7,28.87,15.48,5.7,Right Foot,direct,23,0.0476,0
6141681629d7da87ffbc386838a363c8,3890328,1. Bundesliga,2015-2016,Schalke 04,Johannes Geis,1,42 min 1 sec,84.6,30.9,36.55,12.11,9.1,Right Foot,direct,23,0.0079,0
dcddc3fc7a30143e3a6851441aa8cdfd,3890329,1. Bundesliga,2015-2016,Borussia Dortmund,Adnan Januzaj,2,78 min 42 sec,100.8,48.1,20.84,20.17,8.1,Left Foot,direct,1,0.0827,0
29378d135e43b15f32a05c4fd218f813,3890329,1. Bundesliga,2015-2016,Borussia Dortmund,Marco Reus,2,75 min 7 sec,95.6,32.8,25.44,17.18,7.2,Right Foot,direct,7,0.0793,0
ef48ec508707b7bf75c2165fe138ed35,3890329,1. Bundesliga,2015-2016,Borussia Dortmund,İlkay Gündoğan,1,4 min 24 sec,94.8,30.1,27.07,15.7,9.9,Right Foot,direct,8,0.0608,0
4b3ee750fbe436e8a4bf8c3d3cebd5dc,3890330,1. Bundesliga,2015-2016,Bayer Leverkusen,Hakan Çalhanoğlu,2,72 min 42 sec,90.1,47.0,30.71,14.47,7.0,Right Foot,direct,33,0.0326,0
57411690b7a45691184ead7aa82a1a4e,3890330,1. Bundesliga,2015-2016,Bayer Leverkusen,Hakan Çalhanoğlu,1,30 min 29 sec,93.6,28.7,28.72,14.64,11.3,Right Foot,direct,33,0.0444,0
500077365e47ec56f758ae71ea609725,3890331,1. Bundesliga,2015-2016,FSV Mainz 05,Phillipp Klement,2,70 min 38 sec,98.1,35.1,22.44,19.76,4.9,Left Foot,direct,1,0.0831,0
8bbc74b622e00b6867519de80fac3384,3890331,1. Bundesliga,2015-2016,FSV Mainz 05,Jairo Samperio,1,32 min 35 sec,97.7,41.8,22.37,20.21,1.8,Right Foot,direct,2,0.0815,0
1d0d5cd9066ce68831587339fe8554b0,3890331,1. Bundesliga,2015-2016,FSV Mainz 05,Pierre Bengtsson,1,10 min 48 sec,99.5,49.3,22.51,18.48,9.3,Left Foot,direct,2,0.0779,0
5d2ea6c8d0a9b7de6d565a5b23edca88,3890332,1. Bundesliga,2015-2016,Bayern Munich,Xabi Alonso,1,3 min 8 sec,91.0,36.0,29.27,15.42,4.0,Right Foot,direct,4,0.0432,0
0ec8559c0dd39fe32441c7c8cbd5f8e9,3890332,1. Bundesliga,2015-2016,Werder Bremen,Zlatko Junuzović,1,43 min 10 sec,101.4,21.9,25.95,12.75,18.1,Right Foot,direct,13,0.0303,0
5dac1350c8087ae07170bf0fe901264a,3890333,1. Bundesliga,2015-2016,Augsburg,Piotr Trochowski,2,85 min 0 sec,92.8,44.6,27.59,16.28,4.6,Right Foot,direct,3,0.0589,0
54e2ae6d0fa73143e4f9cb76ac05f9cb,3890333,1. Bundesliga,2015-2016,Augsburg,Piotr Trochowski,2,81 min 41 sec,84.1,32.4,36.7,12.18,7.6,Right Foot,direct,3,0.0082,0
778bfd7cb4d7427c8124c01d86443308,3890333,1. Bundesliga,2015-2016,Augsburg,Alexander Esswein,1,18 min 40 sec,87.4,38.9,32.62,13.97,1.1,Right Foot,direct,5,0.0257,0
b58ecd91a15ed4a6acd8db873ebce34c,3890334,1. Bundesliga,2015-2016,Eintracht Frankfurt,Marc Stendera,1,2 min 55 sec,90.4,32.6,30.51,14.51,7.4,Right Foot,direct,3,0.0379,0
9225a0b47df479519887cfb49ba48f66,3890334,1. Bundesliga,2015-2016,Eintracht Frankfurt,Alexander Meier,1,26 min 36 sec,91.9,51.6,30.4,13.9,11.6,Right Foot,direct,2,0.0359,0
4bcc4838c598fb02f338e846e7c997ab,3890336,1. Bundesliga,2015-2016,Schalke 04,Johannes Geis,2,60 min 14 sec,99.8,23.9,25.83,13.94,16.1,Right Foot,direct,23,0.0504,0
11f323dcd3c003612ab5d51d1fe88af5,3890336,1. Bundesliga,2015-2016,Schalke 04,Dennis Aogo,2,77 min 19 sec,99.1,54.4,25.38,14.9,14.4,Left Foot,direct,2,0.0534,0
10850e47e574b3ea65159cf0819ebce7,3890337,1. Bundesliga,2015-2016,Bayer Leverkusen,Hakan Çalhanoğlu,2,77 min 20 sec,81.8,38.2,38.24,11.93,1.8,Right Foot,direct,33,0.0074,0
9cc0a2655df8a1e01553bb353e8d0e93,3890338,1. Bundesliga,2015-2016,Ingolstadt,Pascal Groß,2,90 min 10 sec,102.9,12.4,32.47,7.51,27.6,Right Foot,direct,11,0.0079,0
a46f463636bc65933f7f5c8e4a1d1def,3890338,1. Bundesliga,2015-2016,Ingolstadt,Pascal Groß,2,89 min 28 sec,116.1,15.7,24.61,3.03,24.3,Right Foot,direct,11,0.0055,0
dee6f47282885287254e5fc7e73ecb30,3890339,1. Bundesliga,2015-2016,FC Köln,Miloš Jojić,2,67 min 18 sec,92.7,35.2,27.72,16.19,4.8,Right Foot,direct,3,0.0614,0
89cc99b83585a0bee453e23cee327e1b,3890340,1. Bundesliga,2015-2016,Hoffenheim,Jonathan Schmid,1,30 min 33 sec,87.0,36.0,33.24,13.63,4.0,Right Foot,direct,5,0.0244,0
d06aebeef27f97d967c4ffcc04499241,3890340,1. Bundesliga,2015-2016,Hamburger SV,Michael Gregoritsch,1,22 min 1 sec,90.7,55.8,33.29,12.11,15.8,Left Foot,direct,11,0.0073,0
69e042e437bcb98efd5202978b34c664,3890340,1. Bundesliga,2015-2016,Hamburger SV,Marcelo Díaz,2,68 min 28 sec,100.6,21.7,26.67,12.58,18.3,Right Foot,direct,4,0.0198,0
151e7bfd8c196b62625e766ba33c54c4,3890345,1. Bundesliga,2015-2016,Hannover 96,Hiroshi Kiyotake,1,31 min 43 sec,91.3,30.4,30.26,14.31,9.6,Right Foot,direct,5,0.0399,0
dbeaf0a3f2c6589667bef66d1eb02ae6,3890346,1. Bundesliga,2015-2016,VfB Stuttgart,Daniel Didavi,1,34 min 50 sec,89.7,38.3,30.35,14.99,1.7,Left Foot,direct,20,0.0334,0
7a7e57dfdae9e5bcbfff62993ec1d1a5,3890346,1. Bundesliga,2015-2016,Bayer Leverkusen,Hakan Çalhanoğlu,2,80 min 17 sec,96.6,41.1,23.43,19.36,1.1,Right Foot,direct,33,0.0759,0
3c109b675ad0c366212bfe204d21e2ff,3890348,1. Bundesliga,2015-2016,Schalke 04,Johannes Geis,1,10 min 13 sec,90.1,22.7,34.54,11.48,17.3,Right Foot,direct,23,0.0082,0
a9cd14abdccd5350ec6aa281793141c1,3890348,1. Bundesliga,2015-2016,Borussia Mönchengladbach,Raffael,2,69 min 39 sec,100.7,26.6,23.5,16.07,13.4,Right Foot,direct,8,0.0654,1
f40b296603aeb93c57e3b4a222bd0ef9,3890350,1. Bundesliga,2015-2016,Bayer Leverkusen,Wendell,2,83 min 8 sec,93.4,52.6,29.43,14.05,12.6,Left Foot,direct,2,0.042,0
0d6e6f3e64343399d916ffcacd9640dd,3890350,1. Bundesliga,2015-2016,Wolfsburg,Ricardo Rodríguez,1,44 min 54 sec,100.6,57.9,26.4,12.84,17.9,Left Foot,direct,7,0.0318,0
0ba342da3e62abf027fcd7ba9fcb0f70,3890352,1. Bundesliga,2015-2016,Hoffenheim,Jonathan Schmid,2,74 min 27 sec,97.8,34.5,22.87,19.3,5.5,Right Foot,direct,5,0.0766,0
c5b70fa687edae60629f5177bbf4f522,3890353,1. Bundesliga,2015-2016,Werder Bremen,Zlatko Junuzović,1,15 min 8 sec,108.0,12.9,29.64,6.35,27.1,Right Foot,direct,13,0.0068,0
95bc9cb71bb373ca6582f854f65e1ee7,3890354,1. Bundesliga,2015-2016,Augsburg,Raúl Bobadilla,1,47 min 36 sec,91.9,29.9,29.86,14.4,10.1,Right Foot,direct,7,0.0356,0
9a52a93befeb0eccddcd459fea65bc2d,3890354,1. Bundesliga,2015-2016,Augsburg,Hong Jeong-Ho,1,36 min 47 sec,87.7,40.9,32.31,14.11,0.9,Right Foot,direct,3,0.0263,0
705d4bfacfc9d838200aaf446feab7ff,3890354,1. Bundesliga,2015-2016,Augsburg,Raúl Bobadilla,2,48 min 0 sec,97.3,36.4,22.98,19.52,3.6,Right Foot,direct,7,0.0805,0
27640ab6ba2bd9fda188c6f7816c594e,3890356,1. Bundesliga,2015-2016,Hamburger SV,Marcelo Díaz,1,26 min 6 sec,97.6,38.5,22.45,20.16,1.5,Right Foot,direct,4,0.0792,0
be31e4b4ccc2031373925b7b87e072a9,3890357,1. Bundesliga,2015-2016,VfB Stuttgart,Alexandru Maxim,2,67 min 12 sec,91.8,23.9,32.47,12.26,16.1,Right Foot,direct,7,0.0096,0
3029ea4e845a07e79cdb3263fb91d7fe,3890357,1. Bundesliga,2015-2016,VfB Stuttgart,Daniel Didavi,1,39 min 11 sec,97.8,55.7,27.19,13.8,15.7,Left Foot,direct,20,0.0475,0
ffa5146784413b0eca9ed9bb8adff569,3890358,1. Bundesliga,2015-2016,Hertha Berlin,Marvin Plattenhardt,1,39 min 23 sec,91.1,42.0,28.97,15.69,2.0,Left Foot,direct,8,0.044,0
54b5c6b565f14c85f9532449ee56c948,3890359,1. Bundesliga,2015-2016,FC Köln,Marcel Risse,2,53 min 49 sec,95.0,31.6,26.37,16.4,8.4,Right Foot,direct,13,0.0599,0
e247dde24a7beb5faee70cef7532b054,3890359,1. Bundesliga,2015-2016,Bayer Leverkusen,Hakan Çalhanoğlu,2,87 min 58 sec,94.1,24.8,30.03,13.16,15.2,Right Foot,direct,33,0.0365,0
446adb14c732531b8a57566bf2c102d1,3890360,1. Bundesliga,2015-2016,Darmstadt 98,Konstantin Rausch,1,15 min 56 sec,94.3,22.4,31.15,12.16,17.6,Left Foot,direct,11,0.011,0
d2aad49e495648f5115e93cc8589db3c,3890360,1. Bundesliga,2015-2016,Darmstadt 98,Konstantin Rausch,1,4 min 54 sec,98.8,24.2,26.44,13.94,15.8,Left Foot,direct,11,0.0466,0
f2c06dbc54a2cb94427ab5ad3c2aabd2,3890361,1. Bundesliga,2015-2016,FSV Mainz 05,Danny Latza,1,35 min 23 sec,86.4,41.9,33.65,13.54,1.9,Right Foot,direct,4,0.0219,0
58b15f933ad8b85ffb22eac3c53cb4a0,3890361,1. Bundesliga,2015-2016,Wolfsburg,Naldo,1,17 min 14 sec,95.3,46.8,25.62,17.15,6.8,Right Foot,direct,4,0.071,0
279ed4b77a04ce67106feb83b31cd77c,3890361,1. Bundesliga,2015-2016,FSV Mainz 05,Pablo de Blasis,1,22 min 26 sec,87.4,28.3,34.64,12.43,11.7,Right Foot,direct,2,0.0068,0
06c973a50c1a03623621ca33810a6e49,3890362,1. Bundesliga,2015-2016,Eintracht Frankfurt,Marc Stendera,2,72 min 56 sec,115.7,8.8,31.49,2.02,31.2,Right Foot,direct,3,0.0073,0
2be7fb3adacd0d19a7288fffe98fa49b,3890364,1. Bundesliga,2015-2016,Bayern Munich,Arturo Vidal,2,81 min 53 sec,96.9,25.2,27.43,14.08,14.8,Right Foot,direct,2,0.0426,0
c67eaff7e6e0769eea29ef105a232bf4,3890365,1. Bundesliga,2015-2016,Borussia Dortmund,İlkay Gündoğan,2,46 min 20 sec,114.2,16.1,24.59,4.51,23.9,Right Foot,direct,8,0.0082,0
b497dc15b9dc8dd69b79acd2095d5fe2,3890366,1. Bundesliga,2015-2016,Augsburg,Philipp Max,1,34 min 19 sec,99.5,63.9,31.49,9.54,23.9,Left Foot,direct,3,0.0085,0
6556189e53eeb442122cbe05f556a4fc,3890366,1. Bundesliga,2015-2016,Augsburg,Alexander Esswein,2,75 min 59 sec,87.9,35.2,32.46,13.9,4.8,Right Foot,direct,5,0.0284,0
0bd7d0b3e36d8e0ef315355b61a50b09,3890366,1. Bundesliga,2015-2016,Werder Bremen,Zlatko Junuzović,1,3 min 27 sec,98.9,19.2,29.63,11.08,20.8,Right Foot,direct,13,0.0109,0
68605ea2b0548164e66c30dbd3737910,3890367,1. Bundesliga,2015-2016,Borussia Dortmund,Marco Reus,1,8 min 31 sec,98.6,28.4,24.34,16.54,11.6,Right Foot,direct,7,0.0692,0
e499d1dbb442087f30895e7a7893ced5,3890367,1. Bundesliga,2015-2016,Borussia Dortmund,İlkay Gündoğan,2,75 min 33 sec,97.3,36.9,22.91,19.64,3.1,Right Foot,direct,8,0.0767,0
5a3e795ede876f1f91925550d1374335,3890368,1. Bundesliga,2015-2016,Wolfsburg,Naldo,2,89 min 52 sec,84.8,37.4,35.3,12.9,2.6,Right Foot,direct,4,0.02,0
7fd129b1d15ec4f109d3668e0bfdbd62,3890369,1. Bundesliga,2015-2016,Bayern Munich,David Alaba,2,62 min 44 sec,87.1,45.4,33.34,13.51,5.4,Left Foot,direct,9,0.0253,0
1d1b777401cb898b1ac9c946394f8896,3890372,1. Bundesliga,2015-2016,VfB Stuttgart,Daniel Didavi,1,45 min 57 sec,99.5,47.9,21.97,19.36,7.9,Left Foot,direct,20,0.0841,0
1875c301b2a82a4330821da039f72b1e,3890372,1. Bundesliga,2015-2016,VfB Stuttgart,Daniel Didavi,1,12 min 34 sec,87.8,35.4,32.53,13.89,4.6,Left Foot,direct,20,0.0287,0
e3dad0f4816d442d9383075f39d335e0,3890373,1. Bundesliga,2015-2016,Hannover 96,Miiko Albornoz,2,57 min 9 sec,96.7,53.5,26.93,14.73,13.5,Left Foot,direct,2,0.0498,0
dcbaf994b192a4cf9cb2b5c85d9bafd8,3890373,1. Bundesliga,2015-2016,Borussia Mönchengladbach,Raffael,1,44 min 12 sec,89.5,33.5,31.18,14.31,6.5,Right Foot,direct,8,0.0343,0
62891c8b1a416005b4115578e6bb64fc,3890373,1. Bundesliga,2015-2016,Borussia Mönchengladbach,Mahmoud Dahoud,1,17 min 11 sec,77.9,44.8,42.37,10.72,4.8,Right Foot,direct,1,0.0068,0
300cfb90f1048b07a8177e59d4ab469f,3890374,1. Bundesliga,2015-2016,Darmstadt 98,Konstantin Rausch,2,72 min 52 sec,91.1,52.0,31.29,13.5,12.0,Left Foot,direct,11,0.0342,0
679ec0911039d2d4b20c91da1f60f042,3890374,1. Bundesliga,2015-2016,Ingolstadt,Pascal Groß,1,32 min 28 sec,91.6,44.1,28.69,15.72,4.1,Right Foot,direct,11,0.0522,0
de5390ed40e20a24599dddec4020abe5,3890374,1. Bundesliga,2015-2016,Ingolstadt,Markus Suttner,1,4 min 2 sec,85.9,48.1,35.05,12.68,8.1,Left Foot,direct,5,0.0125,0
1c36fb4e8ff484a70b77aab244dba839,3890376,1. Bundesliga,2015-2016,Darmstadt 98,Tobias Kempe,2,62 min 59 sec,97.1,59.5,30.08,11.65,19.5,Right Foot,direct,7,0.0108,0
19b9cc862947e54910a284ac5ff5281c,3890379,1. Bundesliga,2015-2016,Hamburger SV,Michael Gregoritsch,1,25 min 57 sec,82.2,46.6,38.37,11.73,6.6,Left Foot,direct,11,0.0077,1
6e4574c2ca80f54d322c644bedc8e24c,3890379,1. Bundesliga,2015-2016,Werder Bremen,Zlatko Junuzović,1,38 min 1 sec,95.7,24.4,28.88,13.37,15.6,Right Foot,direct,13,0.0378,0
6d4e6668a43a96d0ddcc5de3685c4293,3890380,1. Bundesliga,2015-2016,Ingolstadt,Pascal Groß,1,9 min 15 sec,78.1,76.7,55.7,6.2,36.7,Right Foot,direct,11,0.0042,0
1676840c6cc03a9c19b825ae24d36e9b,3890381,1. Bundesliga,2015-2016,FSV Mainz 05,Jairo Samperio,2,85 min 59 sec,92.4,35.2,28.01,16.02,4.8,Right Foot,direct,2,0.059,0
8317cba0d52126f9507eabde1f282150,3890381,1. Bundesliga,2015-2016,Eintracht Frankfurt,Bastian Oczipka,1,36 min 12 sec,96.6,48.5,24.9,17.23,8.5,Left Foot,direct,2,0.0713,0
fb02fcbca7439efcc75f0a7d82aa7938,3890382,1. Bundesliga,2015-2016,Bayer Leverkusen,Hakan Çalhanoğlu,1,38 min 18 sec,107.0,62.5,25.99,8.96,22.5,Right Foot,direct,33,0.0086,0
1873127125684d5a9d3767387fd020ea,3890382,1. Bundesliga,2015-2016,Bayer Leverkusen,Hakan Çalhanoğlu,1,3 min 44 sec,88.1,38.1,31.96,14.25,1.9,Right Foot,direct,33,0.026,0
7dc5a92a2560dd00d884beac2385caad,3890384,1. Bundesliga,2015-2016,Borussia Dortmund,İlkay Gündoğan,2,51 min 2 sec,84.6,12.6,44.77,8.11,27.4,Right Foot,direct,8,0.0044,0
26bb12dc43d2607eb5a339a0a2bb59c4,3890385,1. Bundesliga,2015-2016,Schalke 04,Johannes Geis,2,67 min 54 sec,102.7,16.8,28.94,9.56,23.2,Right Foot,direct,23,0.0081,0
f3ddd7323ab74aa2c82190d45de6375d,3890386,1. Bundesliga,2015-2016,Hamburger SV,Michael Gregoritsch,1,40 min 31 sec,89.1,26.9,33.56,12.55,13.1,Left Foot,direct,11,0.0151,0
f3a4bb7752406d2f148ab2cec8957d88,3890388,1. Bundesliga,2015-2016,Borussia Dortmund,İlkay Gündoğan,1,2 min 10 sec,90.9,37.7,29.19,15.56,2.3,Right Foot,direct,8,0.048,0
5b43cdd621af5f1dd35fcd62a190ddb3,3890389,1. Bundesliga,2015-2016,Ingolstadt,Roger Bernardo,2,65 min 51 sec,96.5,38.4,23.55,19.23,1.6,Right Foot,direct,4,0.0837,1
dc8b268c5f0f22e16719830646a9c140,3890389,1. Bundesliga,2015-2016,Ingolstadt,Pascal Groß,1,36 min 31 sec,94.8,41.9,25.27,17.94,1.9,Right Foot,direct,11,0.0652,0
967739e6fa07ee8065963282087f341e,3890391,1. Bundesliga,2015-2016,Augsburg,Raúl Bobadilla,1,21 min 37 sec,91.6,29.3,30.35,14.09,10.7,Right Foot,direct,7,0.0406,0
ca1ac3d219e0f20cfe2d6c54fc9ad112,3890391,1. Bundesliga,2015-2016,Augsburg,Raúl Bobadilla,2,63 min 38 sec,94.5,36.5,25.74,17.51,3.5,Right Foot,direct,7,0.0662,1
63f34ba603ba35a4784a827b4e0b7167,3890391,1. Bundesliga,2015-2016,Augsburg,Alexander Esswein,2,79 min 9 sec,91.4,44.8,29.0,15.5,4.8,Right Foot,direct,5,0.0474,0
d9500be66c04d7ca948cb9ab4d5eda43,3890393,1. Bundesliga,2015-2016,Darmstadt 98,Tobias Kempe,1,10 min 26 sec,86.4,41.8,33.65,13.54,1.8,Right Foot,direct,7,0.0218,0
425bf7bc02b6200ec3d1c657539cc2ad,3890393,1. Bundesliga,2015-2016,Darmstadt 98,Tobias Kempe,2,59 min 36 sec,92.2,31.2,29.16,14.93,8.8,Right Foot,direct,7,0.0469,0
5004f29a11a2827bb7cc82473b547bf0,3890393,1. Bundesliga,2015-2016,Eintracht Frankfurt,Bastian Oczipka,2,50 min 2 sec,95.4,46.2,25.37,17.41,6.2,Left Foot,direct,2,0.0656,0
8740ba7aefaec03a9e475b51a980c194,3890395,1. Bundesliga,2015-2016,Borussia Mönchengladbach,Raffael,2,54 min 44 sec,99.3,24.8,25.68,14.43,15.2,Right Foot,direct,8,0.0522,0
05ea2f980e92ed250e99575a0d83e6fe,3890395,1. Bundesliga,2015-2016,Bayer Leverkusen,Hakan Çalhanoğlu,1,40 min 29 sec,110.7,11.6,29.88,4.85,28.4,Right Foot,direct,33,0.0077,0
5a1d75edebcf51bd6b4a409c5294466a,3890395,1. Bundesliga,2015-2016,Bayer Leverkusen,Hakan Çalhanoğlu,1,18 min 19 sec,87.2,23.5,36.72,11.14,16.5,Right Foot,direct,33,0.0087,0
1e78ada912184988630b5235381f0629,3890396,1. Bundesliga,2015-2016,Wolfsburg,Maximilian Arnold,2,74 min 48 sec,98.5,54.7,26.04,14.56,14.7,Left Foot,direct,1,0.0511,0
3146b6e85503509f5092eb7a9f6f966b,3890397,1. Bundesliga,2015-2016,Hoffenheim,Nadiem Amiri,1,1 min 17 sec,107.7,15.2,27.68,7.47,24.8,Right Foot,direct,3,0.0077,0
9f1399495de90cfdd72356fbb8494176,3890398,1. Bundesliga,2015-2016,Darmstadt 98,Konstantin Rausch,2,45 min 55 sec,88.3,52.9,34.22,12.38,12.9,Left Foot,direct,11,0.008,0
ba71d15330c54602b9166c394051a1b4,3890398,1. Bundesliga,2015-2016,Hertha Berlin,Marvin Plattenhardt,1,25 min 34 sec,91.0,51.0,31.02,13.78,11.0,Left Foot,direct,8,0.0321,1
74aacc21cd4452e48838d5ee16bbca14,3890400,1. Bundesliga,2015-2016,FC Köln,Marcel Risse,1,44 min 56 sec,90.0,51.5,32.13,13.29,11.5,Right Foot,direct,13,0.0308,0
646477dad9f6031954e8d2e7d948e562,3890402,1. Bundesliga,2015-2016,Schalke 04,Johannes Geis,1,18 min 25 sec,99.9,24.1,25.63,14.09,15.9,Right Foot,direct,23,0.0495,0
5241d601632273f5a2b8aa74d37eee24,3890402,1. Bundesliga,2015-2016,Augsburg,Philipp Max,2,46 min 8 sec,105.4,63.7,27.84,8.75,23.7,Left Foot,direct,3,0.0084,0
910866f5c9e040a59350d9453ee3f2bf,3890402,1. Bundesliga,2015-2016,Schalke 04,Johannes Geis,2,52 min 27 sec,109.9,17.2,24.94,7.6,22.8,Right Foot,direct,23,0.008,0
54a5876b330c88024fe6c7157b0ffc80,3890403,1. Bundesliga,2015-2016,Hoffenheim,Fabian Schär,1,29 min 37 sec,54.3,71.2,72.73,5.69,31.2,Right Foot,direct,2,0.0032,0
fbd8ac8d34ebc7ed86b6b8afd1d6ba82,3890403,1. Bundesliga,2015-2016,Hoffenheim,Jonathan Schmid,2,79 min 52 sec,92.5,52.1,30.04,13.93,12.1,Right Foot,direct,5,0.0363,0
30a964bb77daa590ca2dd9539c65cd14,3890403,1. Bundesliga,2015-2016,Hoffenheim,Eduardo Vargas,2,66 min 10 sec,92.4,44.1,27.9,16.15,4.1,Right Foot,direct,1,0.051,0
8038beede681c12ea6f1b7792b917dd3,3890404,1. Bundesliga,2015-2016,Augsburg,Philipp Max,2,73 min 16 sec,98.6,56.3,26.9,13.6,16.3,Left Foot,direct,3,0.0447,0
14cfe88e8929c809393e864184db714c,3890404,1. Bundesliga,2015-2016,Hamburger SV,Pierre-Michel Lasogga,2,47 min 21 sec,91.6,32.7,29.32,15.07,7.3,Right Foot,direct,2,0.0476,0
beb8a1c4f91fb399adb25d761fc726f2,3890406,1. Bundesliga,2015-2016,Borussia Dortmund,Marcel Schmelzer,2,72 min 20 sec,91.5,50.0,30.2,14.27,10.0,Left Foot,direct,1,0.041,0
75499ad37003be06e7df41a41119d0f1,3890406,1. Bundesliga,2015-2016,FC Köln,Marcel Risse,2,76 min 39 sec,89.4,44.7,30.96,14.56,4.7,Right Foot,direct,13,0.0329,0
e5a61a4378717df6c727460d6ae9ab8d,3890409,1. Bundesliga,2015-2016,Bayer Leverkusen,Hakan Çalhanoğlu,2,59 min 26 sec,100.9,53.5,23.39,16.05,13.5,Right Foot,direct,33,0.0593,0
5ad1b2445d7986d0f68e82337da1540d,3890409,1. Bundesliga,2015-2016,Bayer Leverkusen,Admir Mehmedi,2,76 min 57 sec,99.3,39.9,20.7,21.87,0.1,Right Foot,direct,1,0.0926,0
7151833366b44d0047617ef300c3273b,3890410,1. Bundesliga,2015-2016,Darmstadt 98,Tobias Kempe,1,3 min 56 sec,99.2,42.1,20.91,21.56,2.1,Right Foot,direct,7,0.0825,0
b3467bcdb51e35f5cee4e380fd0fe664,3890410,1. Bundesliga,2015-2016,Borussia Mönchengladbach,Håvard Nordtveit,2,50 min 23 sec,96.2,57.0,29.25,12.78,17.0,Right Foot,direct,6,0.0284,1
72ae2648bd7fc66fd9dd22db442c33c0,3890410,1. Bundesliga,2015-2016,Borussia Mönchengladbach,Raffael,2,56 min 8 sec,99.2,17.9,30.35,10.42,22.1,Right Foot,direct,8,0.01,0
feb6d14351d4aeb1c6714ed29ae31da3,3890412,1. Bundesliga,2015-2016,Hamburger SV,Michael Gregoritsch,2,91 min 15 sec,90.9,35.1,29.51,15.23,4.9,Left Foot,direct,11,0.0406,0
ffaf78ce97d1c013cad049b5824f3aa1,3890412,1. Bundesliga,2015-2016,Hamburger SV,Michael Gregoritsch,2,82 min 25 sec,100.0,36.4,20.32,21.95,3.6,Left Foot,direct,11,0.0848,0
b7e4093910417bad6f433bf3079a07f1,3890412,1. Bundesliga,2015-2016,Bayern Munich,David Alaba,2,65 min 15 sec,89.8,51.9,32.46,13.11,11.9,Left Foot,direct,9,0.0274,0
acf1eb0286c2057ca1244b8457965417,3890413,1. Bundesliga,2015-2016,VfB Stuttgart,Daniel Didavi,1,43 min 37 sec,95.2,49.6,26.59,16.02,9.6,Left Foot,direct,20,0.0587,0
bd729b2db848c8412245744af8b70650,3890414,1. Bundesliga,2015-2016,Hertha Berlin,Marvin Plattenhardt,1,47 min 1 sec,96.3,51.3,26.26,15.73,11.3,Left Foot,direct,8,0.0587,0
bdbb940afc706305035ee4288ba9a0e9,3890416,1. Bundesliga,2015-2016,FSV Mainz 05,Danny Latza,2,83 min 15 sec,91.9,20.3,34.32,10.95,19.7,Right Foot,direct,4,0.0079,0
488845c05cedc4b2ef9a60025ede4b89,3890416,1. Bundesliga,2015-2016,FSV Mainz 05,Christian Clemens,2,60 min 19 sec,84.8,41.9,35.25,12.93,1.9,Right Foot,direct,5,0.0163,0
e61a27a4118b40ac8f9cceef70f1bedb,3890420,1. Bundesliga,2015-2016,Eintracht Frankfurt,Szabolcs Huszti,2,48 min 46 sec,84.7,49.9,36.66,12.0,9.9,Left Foot,direct,4,0.0067,0
c5520bcc1baba516e45b20220e5f5767,3890423,1. Bundesliga,2015-2016,VfB Stuttgart,Daniel Didavi,2,63 min 58 sec,97.1,60.9,31.0,10.97,20.9,Left Foot,direct,20,0.0101,0
09ec8d556c5737d5b14f8ac05e5d62b3,3890423,1. Bundesliga,2015-2016,VfB Stuttgart,Daniel Didavi,1,35 min 12 sec,81.8,38.9,38.22,11.95,1.1,Left Foot,direct,20,0.0067,0
6540d1cf025ddeae4bc5b4372c958845,3890424,1. Bundesliga,2015-2016,Schalke 04,Johannes Geis,1,24 min 6 sec,99.0,55.1,25.87,14.43,15.1,Right Foot,direct,23,0.0474,0
b597f7976e4b34c35703f7774fddd454,3890425,1. Bundesliga,2015-2016,Hertha Berlin,Marvin Plattenhardt,1,40 min 59 sec,99.9,49.0,22.02,18.92,9.0,Left Foot,direct,8,0.0826,1
72ec788ac2bc85fb7fa4bb272a6fc7dc,3890425,1. Bundesliga,2015-2016,Werder Bremen,Papy Djilobodji,1,45 min 12 sec,94.2,45.1,26.3,16.99,5.1,Left Foot,direct,2,0.0616,0
9070114ab52e82e0ca6fdb265992edf0,3890427,1. Bundesliga,2015-2016,Bayer Leverkusen,Hakan Çalhanoğlu,1,25 min 6 sec,84.4,45.3,35.99,12.55,5.3,Right Foot,direct,33,0.0129,0
16f9d12d193658ed8b77c77ed49a3e1a,3890427,1. Bundesliga,2015-2016,Bayer Leverkusen,Hakan Çalhanoğlu,1,32 min 4 sec,85.3,35.3,35.02,12.92,4.7,Right Foot,direct,33,0.0195,0
e11e74eb1b1630a2e5cea890a3504fae,3890429,1. Bundesliga,2015-2016,Wolfsburg,Vieirinha,1,39 min 46 sec,102.1,14.4,31.24,8.49,25.6,Right Foot,direct,2,0.0083,0
b3460b9580c36abad581878f5a0e9679,3890432,1. Bundesliga,2015-2016,Schalke 04,Johannes Geis,1,37 min 33 sec,99.8,35.8,20.63,21.53,4.2,Right Foot,direct,23,0.0841,0
4da0aa4b9682b560c7e249b7f94cffda,3890432,1. Bundesliga,2015-2016,Wolfsburg,Ricardo Rodríguez,2,85 min 4 sec,108.8,63.9,26.39,7.5,23.9,Left Foot,direct,7,0.0082,0
03717e3a8f21ec7841c8aaf0d522a0e0,3890432,1. Bundesliga,2015-2016,Schalke 04,Johannes Geis,1,34 min 3 sec,90.8,27.9,31.61,13.37,12.1,Right Foot,direct,23,0.0322,1
52872a019606a67b6ade99f6aef13144,3890434,1. Bundesliga,2015-2016,FSV Mainz 05,Christian Clemens,2,81 min 9 sec,112.4,17.1,24.13,6.13,22.9,Right Foot,direct,5,0.0081,0
c8ee6e7fae1e4a8017718399040e185c,3890436,1. Bundesliga,2015-2016,Ingolstadt,Darío Lezcano,2,67 min 0 sec,94.0,42.7,26.14,17.31,2.7,Right Foot,direct,5,0.0615,0
aeb1570993e8d69f14802942d66a1bcd,3890436,1. Bundesliga,2015-2016,Ingolstadt,Roger Bernardo,1,34 min 3 sec,94.1,45.6,26.5,16.8,5.6,Right Foot,direct,4,0.0627,0
3b97acf0924a2d75b3c43e7ca20681c9,3890437,1. Bundesliga,2015-2016,Darmstadt 98,Tobias Kempe,2,65 min 2 sec,86.8,31.7,34.22,12.95,8.3,Right Foot,direct,7,0.019,0
28c12d212b85d3d0e733b06faaffb96c,3890438,1. Bundesliga,2015-2016,FC Köln,Filip Mladenović,2,82 min 1 sec,93.9,61.4,33.75,10.53,21.4,Left Foot,direct,2,0.0074,0
ac2d317e0d04a262215a6a7db64e6c34,3890438,1. Bundesliga,2015-2016,FC Köln,Filip Mladenović,1,45 min 20 sec,83.7,48.3,37.24,11.96,8.3,Left Foot,direct,2,0.0073,0
3940120488119e9a2b61532c728d3974,3890438,1. Bundesliga,2015-2016,FC Köln,Marcel Risse,2,65 min 37 sec,96.4,24.4,28.29,13.53,15.6,Right Foot,direct,13,0.0388,0
2cf1b31a138a29e7e3e0dbf5ba2542bb,3890439,1. Bundesliga,2015-2016,Schalke 04,Klaas-Jan Huntelaar,2,93 min 2 sec,97.6,26.9,25.95,15.25,13.1,Right Foot,direct,2,0.0533,0
83ba2593d7d3ac62c0e8c639c7214da7,3890439,1. Bundesliga,2015-2016,FSV Mainz 05,Danny Latza,2,84 min 10 sec,116.2,12.4,27.86,2.29,27.6,Right Foot,direct,4,0.0079,0
c515a8464a5dbee1d4436a7371272c04,3890441,1. Bundesliga,2015-2016,Hertha Berlin,Marvin Plattenhardt,1,35 min 19 sec,98.4,48.9,23.36,18.07,8.9,Left Foot,direct,8,0.0759,0
c24561734a41c6fc04b7435bad53d022,3890442,1. Bundesliga,2015-2016,Hannover 96,Ceyhun Gülselam,2,60 min 17 sec,86.2,32.2,34.69,12.83,7.8,Right Foot,direct,1,0.0188,0
b42895a3d34a66bde3c37859f4f41c74,3890442,1. Bundesliga,2015-2016,Borussia Dortmund,Marco Reus,1,27 min 40 sec,99.0,24.4,26.16,14.11,15.6,Right Foot,direct,7,0.0468,0
770e1a5a3dd512dbe00a06dae4fbafab,3890442,1. Bundesliga,2015-2016,Borussia Dortmund,Marco Reus,1,15 min 15 sec,97.8,30.1,24.31,17.17,9.9,Right Foot,direct,7,0.0749,0
ecbd4f32a5ead3f825dc0815880ec586,3890443,1. Bundesliga,2015-2016,Hoffenheim,Nadiem Amiri,2,51 min 19 sec,96.7,40.5,23.31,19.47,0.5,Right Foot,direct,3,0.0832,0
044942c79388ce4da1de7390a83aa774,3890444,1. Bundesliga,2015-2016,Bayer Leverkusen,Hakan Çalhanoğlu,2,92 min 17 sec,85.7,34.0,34.82,12.92,6.0,Right Foot,direct,33,0.0183,0
507752953548c33919d00f9eca41b196,3890444,1. Bundesliga,2015-2016,Darmstadt 98,Tobias Kempe,1,24 min 8 sec,88.1,40.3,31.9,14.29,0.3,Right Foot,direct,7,0.0242,0
a06f8a4f1ca638cca2d1d5f81de91571,3890445,1. Bundesliga,2015-2016,Wolfsburg,Vieirinha,1,5 min 17 sec,105.4,13.6,30.17,7.44,26.4,Right Foot,direct,2,0.0084,0
116904f4df9da5874822e9f18991cea7,3890445,1. Bundesliga,2015-2016,Ingolstadt,Pascal Groß,2,71 min 51 sec,96.7,17.2,32.6,10.1,22.8,Right Foot,direct,11,0.0086,0
58a0cb4403ed9928986a802f93bdbdf3,3890446,1. Bundesliga,2015-2016,Bayern Munich,Douglas Costa,1,45 min 2 sec,97.1,59.2,29.88,11.8,19.2,Left Foot,direct,4,0.0104,0
3f64bf15eef582ff94ca7ba44880610d,3890450,1. Bundesliga,2015-2016,Borussia Mönchengladbach,Håvard Nordtveit,2,46 min 59 sec,86.5,50.2,35.02,12.49,10.2,Right Foot,direct,6,0.0099,0
696cff81f86fcae9937491cd9912e040,3890450,1. Bundesliga,2015-2016,Borussia Mönchengladbach,Raffael,1,40 min 15 sec,101.9,17.4,28.95,9.99,22.6,Right Foot,direct,8,0.008,0
f8e558a38429336d939998277b617112,3890451,1. Bundesliga,2015-2016,Hertha Berlin,Marvin Plattenhardt,2,50 min 33 sec,96.1,42.7,24.05,18.77,2.7,Left Foot,direct,8,0.0714,0
2f0bc779f0b98295c05a55927e3c7a63,3890451,1. Bundesliga,2015-2016,Wolfsburg,Ricardo Rodríguez,2,70 min 0 sec,104.6,73.3,36.69,5.29,33.3,Left Foot,direct,7,0.007,0
603d5e70e875e4db39eaf73460ec140a,3890452,1. Bundesliga,2015-2016,Hoffenheim,Niklas Süle,1,23 min 22 sec,83.6,37.1,36.52,12.46,2.9,Right Foot,direct,1,0.0086,0
119c615ecfe438d792c31f0e294e6771,3890453,1. Bundesliga,2015-2016,Bayern Munich,Arturo Vidal,1,41 min 33 sec,95.3,29.7,26.76,15.76,10.3,Right Foot,direct,2,0.0564,0
40697931416b6dbd5efae84ac80e5412,3890454,1. Bundesliga,2015-2016,Augsburg,Caiuby,1,27 min 38 sec,91.9,52.1,30.59,13.73,12.1,Left Foot,direct,1,0.0361,0
dae83d575ac0865a9f6fc9ddcd325cae,3890456,1. Bundesliga,2015-2016,Borussia Dortmund,Pierre-Emerick Aubameyang,1,13 min 0 sec,90.1,34.1,30.48,14.68,5.9,Right Foot,direct,6,0.0434,0
aeb0fb394730e4c1385442ae83eac693,3890456,1. Bundesliga,2015-2016,Borussia Dortmund,Marco Reus,2,98 min 36 sec,97.5,46.4,23.39,18.72,6.4,Right Foot,direct,7,0.0779,0
93f9d753421d430c2abf06d91aa28ab2,3890457,1. Bundesliga,2015-2016,Hertha Berlin,Marvin Plattenhardt,1,45 min 51 sec,95.4,32.0,25.87,16.77,8.0,Left Foot,direct,8,0.0639,0
e7740be1b188201c5f3c5eb2a3c21305,3890457,1. Bundesliga,2015-2016,FC Köln,Marcel Risse,2,47 min 9 sec,98.6,31.7,22.95,18.53,8.3,Right Foot,direct,13,0.0785,0
692c0e6f7c79c1f4b1df3b2f253e841d,3890458,1. Bundesliga,2015-2016,Wolfsburg,Naldo,1,39 min 11 sec,88.0,40.1,32.0,14.25,0.1,Right Foot,direct,4,0.0278,0
b4affc7303d55b1001e8e44f38d8c9e6,3890459,1. Bundesliga,2015-2016,Darmstadt 98,Tobias Kempe,2,47 min 44 sec,93.7,52.7,29.21,14.11,12.7,Right Foot,direct,7,0.0404,0
b05c956367d428d09f0ebd18bcc287f2,3890460,1. Bundesliga,2015-2016,VfB Stuttgart,Alexandru Maxim,2,65 min 13 sec,100.8,33.2,20.37,21.06,6.8,Right Foot,direct,7,0.0934,0
d8f1cec0ef5f5e10ca848a3f19f06126,3890461,1. Bundesliga,2015-2016,Ingolstadt,Pascal Groß,1,4 min 2 sec,85.7,39.8,34.3,13.3,0.2,Right Foot,direct,11,0.0195,0
9992fd6f98b51349556c640794fc6afe,3890463,1. Bundesliga,2015-2016,FSV Mainz 05,Christian Clemens,2,91 min 56 sec,91.5,40.4,28.5,15.98,0.4,Right Foot,direct,5,0.0505,0
fc619bf3b93dc0caaf7353c557aad678,3890464,1. Bundesliga,2015-2016,Borussia Dortmund,Marco Reus,1,42 min 29 sec,95.2,28.2,27.46,15.04,11.8,Right Foot,direct,7,0.0536,0
4dcd4118228404fe1e31cc6bb745be29,3890466,1. Bundesliga,2015-2016,Wolfsburg,Ricardo Rodríguez,2,56 min 55 sec,90.2,50.9,31.73,13.53,10.9,Left Foot,direct,7,0.0305,0
e95f477532fc7db9bc585650cd24da6f,3890468,1. Bundesliga,2015-2016,Borussia Dortmund,İlkay Gündoğan,1,4 min 55 sec,104.0,8.7,35.15,5.99,31.3,Right Foot,direct,8,0.0082,0
fe93df6f4a06d14b99277320de015f8e,3890469,1. Bundesliga,2015-2016,Hoffenheim,Fabian Schär,2,78 min 41 sec,87.6,39.2,32.41,14.07,0.8,Right Foot,direct,2,0.0245,0
1ed1d034bd441dab91588916734c5306,3890470,1. Bundesliga,2015-2016,Eintracht Frankfurt,Szabolcs Huszti,1,5 min 34 sec,88.9,41.2,31.12,14.64,1.2,Left Foot,direct,4,0.0259,0
14b7c95f56e2a82cce7b560fea59efeb,3890470,1. Bundesliga,2015-2016,Eintracht Frankfurt,Szabolcs Huszti,1,33 min 41 sec,91.9,43.2,28.28,16.0,3.2,Left Foot,direct,4,0.0472,0
e5da72c72d0347e2fa136182a080f4db,3890471,1. Bundesliga,2015-2016,VfB Stuttgart,Daniel Didavi,1,11 min 54 sec,95.4,55.8,29.24,13.2,15.8,Left Foot,direct,20,0.0369,0
7c95da75ead2b7e8bf8c53292fb67956,3890471,1. Bundesliga,2015-2016,Borussia Mönchengladbach,Raffael,2,75 min 48 sec,96.1,28.9,26.35,15.74,11.1,Right Foot,direct,8,0.0643,0
a52008895a29f18c269cc3c3b216ea7a,3890471,1. Bundesliga,2015-2016,Borussia Mönchengladbach,Håvard Nordtveit,2,83 min 36 sec,87.3,25.6,35.73,11.72,14.4,Right Foot,direct,6,0.0075,0
44e5e5bf43b331d006924ace63195899,3890472,1. Bundesliga,2015-2016,Bayer Leverkusen,Hakan Çalhanoğlu,1,43 min 35 sec,94.9,34.8,25.63,17.39,5.2,Right Foot,direct,33,0.0669,0
9c12293b036b4af2039bbdb0b3dab6f3,3890473,1. Bundesliga,2015-2016,Schalke 04,Johannes Geis,1,40 min 49 sec,98.6,49.5,23.41,17.83,9.5,Right Foot,direct,23,0.0791,0
e358fba21759efb972dd81bb430bd5aa,3890476,1. Bundesliga,2015-2016,Hoffenheim,Jonathan Schmid,2,90 min 14 sec,100.3,19.2,28.65,11.08,20.8,Right Foot,direct,5,0.0122,0
84cd2c7414b1c47f52235f31e0626ea1,3890476,1. Bundesliga,2015-2016,VfB Stuttgart,Daniel Didavi,2,60 min 3 sec,99.2,53.8,24.96,15.33,13.8,Left Foot,direct,20,0.0566,0
e506ea6848aadbc5526625cd236af9f5,3890477,1. Bundesliga,2015-2016,Bayer Leverkusen,Wendell,1,26 min 14 sec,98.4,58.3,28.31,12.41,18.3,Left Foot,direct,2,0.0114,0
8eefde3cfebe73d76c7ee2a7b4b6e1f7,3890480,1. Bundesliga,2015-2016,FC Köln,Marcel Risse,2,59 min 12 sec,83.9,40.6,36.1,12.64,0.6,Right Foot,direct,13,0.0107,0
da41642747f93281bcd644c259e0e8cd,3890482,1. Bundesliga,2015-2016,FSV Mainz 05,Pablo de Blasis,1,42 min 47 sec,99.5,26.1,24.77,15.35,13.9,Right Foot,direct,2,0.0574,0
41e41c05128fb985e0466a1de0a729b5,3890482,1. Bundesliga,2015-2016,Darmstadt 98,Konstantin Rausch,1,9 min 40 sec,87.9,49.2,33.39,13.15,9.2,Left Foot,direct,11,0.0259,0
5ad67caea828ca958d163c04b19e280a,3890484,1. Bundesliga,2015-2016,Schalke 04,Johannes Geis,2,56 min 5 sec,94.0,27.7,28.76,14.38,12.3,Right Foot,direct,23,0.0463,0
66a51edb76910e3b942eca7c140f329e,3890484,1. Bundesliga,2015-2016,Schalke 04,Johannes Geis,1,31 min 52 sec,95.9,25.1,28.33,13.77,14.9,Right Foot,direct,23,0.0427,0
04bf811aac04b64f58b730daa55613f3,3890484,1. Bundesliga,2015-2016,Schalke 04,Júnior Caiçara,1,44 min 51 sec,96.4,38.6,23.64,19.18,1.4,Right Foot,direct,1,0.077,0
e150ad234f953f7f6d0dd383e2b491f3,3890484,1. Bundesliga,2015-2016,Hertha Berlin,Tolga Ciğerci,1,26 min 32 sec,99.6,19.7,28.78,11.36,20.3,Right Foot,direct,2,0.0113,0
ff624b9117bf5860c1af5d5c1c82e165,3890485,1. Bundesliga,2015-2016,Ingolstadt,Darío Lezcano,2,60 min 15 sec,96.2,34.3,24.47,18.09,5.7,Right Foot,direct,5,0.0746,1
924a8d337b95e2f42640b2152d770029,3890485,1. Bundesliga,2015-2016,Ingolstadt,Roger Bernardo,1,28 min 46 sec,95.7,56.6,29.43,12.88,16.6,Right Foot,direct,4,0.0275,0
9dfda9592643fab1891ec3ae0047979f,3890485,1. Bundesliga,2015-2016,Ingolstadt,Roger Bernardo,2,89 min 27 sec,94.5,49.3,27.14,15.8,9.3,Right Foot,direct,4,0.0582,0
3a61905e9bd8a757b761cdffa407d8b7,3890485,1. Bundesliga,2015-2016,Ingolstadt,Darío Lezcano,1,22 min 28 sec,97.6,37.6,22.53,20.03,2.4,Right Foot,direct,5,0.0761,0
f45e48fd993666b513af1a10f3aaa128,3890485,1. Bundesliga,2015-2016,Ingolstadt,Darío Lezcano,2,52 min 32 sec,90.0,30.2,31.56,13.76,9.8,Right Foot,direct,5,0.0357,0
30265e8d27a6056adc7167df369342e1,3890488,1. Bundesliga,2015-2016,Borussia Mönchengladbach,Granit Xhaka,2,57 min 21 sec,88.3,44.8,32.06,14.07,4.8,Left Foot,direct,4,0.027,0
9b9481b8cd813569cf31f476bca91dab,3890488,1. Bundesliga,2015-2016,Borussia Mönchengladbach,Raffael,1,7 min 37 sec,100.1,36.1,20.28,21.94,3.9,Right Foot,direct,8,0.094,0
1b8ffc4d8f3c5f6d2a6b2b4d2440ed14,3890489,1. Bundesliga,2015-2016,Bayern Munich,Thiago Alcântara,2,83 min 41 sec,94.0,29.8,27.93,15.23,10.2,Right Foot,direct,4,0.0512,0
590bbaff506cae5e29bfa7a83a7390a5,3890490,1. Bundesliga,2015-2016,FC Köln,Marcel Risse,1,36 min 54 sec,86.5,31.5,34.56,12.81,8.5,Right Foot,direct,13,0.0189,0
6dceeffca01cc30ff0cbdb3b04246d68,3890491,1. Bundesliga,2015-2016,Borussia Dortmund,Pierre-Emerick Aubameyang,2,69 min 45 sec,100.3,19.0,28.79,10.97,21.0,Right Foot,direct,6,0.0109,0
76f898e92951dc95b53a8f4464fdffb7,3890492,1. Bundesliga,2015-2016,Bayer Leverkusen,Hakan Çalhanoğlu,2,74 min 39 sec,93.2,31.0,28.27,15.31,9.0,Right Foot,direct,33,0.0508,0
926ca890a5958bfc199d83707fac6bc1,3890492,1. Bundesliga,2015-2016,Bayer Leverkusen,Hakan Çalhanoğlu,1,12 min 23 sec,117.8,8.8,31.28,1.05,31.2,Right Foot,direct,33,0.0077,0
237c80b6527a5bf9f2fb04f78a379c50,3890493,1. Bundesliga,2015-2016,Borussia Mönchengladbach,Raffael,2,84 min 39 sec,92.7,35.4,27.68,16.23,4.6,Right Foot,direct,8,0.0556,0
595d9707600932d359bd6b077b4c2dcd,3890494,1. Bundesliga,2015-2016,Werder Bremen,Papy Djilobodji,2,54 min 15 sec,91.9,46.1,28.75,15.5,6.1,Left Foot,direct,2,0.05,0
f6273026ceca82e6fdc50f1545f82fb2,3890494,1. Bundesliga,2015-2016,Werder Bremen,Zlatko Junuzović,1,11 min 12 sec,94.7,21.7,31.22,11.92,18.3,Right Foot,direct,13,0.0103,0
32cae42d893bd980dbcec45440de21f9,3890494,1. Bundesliga,2015-2016,Werder Bremen,Zlatko Junuzović,1,43 min 12 sec,94.0,50.7,28.12,15.03,10.7,Right Foot,direct,13,0.0475,0
1ffaadac1bfe859ed4ee33c02a968afe,3890495,1. Bundesliga,2015-2016,FC Köln,Marcel Risse,2,64 min 24 sec,89.0,38.7,31.03,14.68,1.3,Right Foot,direct,13,0.0329,0
be174471fa66494868cbac1862085e6b,3890495,1. Bundesliga,2015-2016,Bayern Munich,Douglas Costa,1,22 min 52 sec,95.5,61.9,32.86,10.44,21.9,Left Foot,direct,4,0.0092,0
233ae882602fcf02f4cf3726a6914787,3890495,1. Bundesliga,2015-2016,FC Köln,Marcel Risse,1,42 min 4 sec,88.7,27.3,33.78,12.55,12.7,Right Foot,direct,13,0.0128,0
866508e095d13cd9cf793c677acc4c53,3890498,1. Bundesliga,2015-2016,Wolfsburg,André Schürrle,1,32 min 8 sec,94.1,23.0,30.98,12.38,17.0,Right Foot,direct,1,0.0111,0
9be410d0e01ddb7a2bb4e5783d11dbb4,3890505,1. Bundesliga,2015-2016,Bayern Munich,Xabi Alonso,2,51 min 38 sec,91.3,33.6,29.4,15.14,6.4,Right Foot,direct,4,0.0452,0
5839bb8e607c2fc541e262d8f82e66fa,3890506,1. Bundesliga,2015-2016,VfB Stuttgart,Filip Kostić,1,7 min 42 sec,84.4,41.8,35.65,12.79,1.8,Left Foot,direct,1,0.0159,0
dfd81f610ede2dfe636a1fb6a1515863,3890511,1. Bundesliga,2015-2016,Hertha Berlin,Tolga Ciğerci,2,62 min 4 sec,90.1,34.3,30.44,14.72,5.7,Right Foot,direct,2,0.0439,0
0d0ebab196adea9963b6db543fd7d507,3890512,1. Bundesliga,2015-2016,Eintracht Frankfurt,David Abraham,1,13 min 17 sec,94.1,37.1,26.06,17.35,2.9,Right Foot,direct,1,0.0644,0
fbc7a4748c1870fd15eca4865e092424,3890513,1. Bundesliga,2015-2016,FSV Mainz 05,Daniel Brosinski,2,74 min 21 sec,99.5,69.1,35.6,7.47,29.1,Right Foot,direct,4,0.0064,0
f334a3eafee493fb485f2cba5af22607,3890513,1. Bundesliga,2015-2016,Wolfsburg,Ricardo Rodríguez,2,88 min 16 sec,100.1,62.5,30.04,10.18,22.5,Left Foot,direct,7,0.0085,0
44165d34de59731f13593dd141152c90,3890513,1. Bundesliga,2015-2016,FSV Mainz 05,Daniel Brosinski,1,27 min 33 sec,94.3,41.4,25.74,17.64,1.4,Right Foot,direct,4,0.0651,0
518ddcf77916fd504d1f84f94e77c9db,3890515,1. Bundesliga,2015-2016,Darmstadt 98,Konstantin Rausch,1,23 min 15 sec,89.0,55.7,34.75,11.76,15.7,Left Foot,direct,11,0.0083,0
4f10b605f289b9157e262b63d22429dd,3890517,1. Bundesliga,2015-2016,Borussia Mönchengladbach,Håvard Nordtveit,2,76 min 29 sec,94.6,13.6,36.63,8.71,26.4,Right Foot,direct,6,0.0067,0
9ac56bbbf2bd0e505dcf11827d6b0454,3890518,1. Bundesliga,2015-2016,Borussia Dortmund,Pierre-Emerick Aubameyang,2,87 min 48 sec,93.2,34.3,27.4,16.27,5.7,Right Foot,direct,6,0.0596,0
433ec96d563cba93be8ad3a37b827053,3890518,1. Bundesliga,2015-2016,Schalke 04,Johannes Geis,2,73 min 3 sec,103.8,17.1,28.05,9.54,22.9,Right Foot,direct,23,0.009,0
742f5e3b7edd9d04508d84ed07ead97d,3890518,1. Bundesliga,2015-2016,Schalke 04,Johannes Geis,1,6 min 36 sec,88.2,45.3,32.24,13.96,5.3,Right Foot,direct,23,0.0267,0
9d0b1cd529469124bf842a6e99046ecc,3890518,1. Bundesliga,2015-2016,Borussia Dortmund,Henrikh Mkhitaryan,2,52 min 45 sec,88.9,29.3,32.89,13.14,10.7,Right Foot,direct,1,0.023,0
75c02541d953233f5ca611c627e722cc,3890519,1. Bundesliga,2015-2016,Bayer Leverkusen,Hakan Çalhanoğlu,1,13 min 48 sec,107.3,15.0,28.04,7.51,25.0,Right Foot,direct,33,0.0074,0
7123e5cb3edc080c112682bcf96ab0b7,3890519,1. Bundesliga,2015-2016,Bayer Leverkusen,Hakan Çalhanoğlu,2,93 min 17 sec,92.8,37.5,27.31,16.6,2.5,Right Foot,direct,33,0.0546,0
b99911dd1094081f2fbe17340be32389,3890519,1. Bundesliga,2015-2016,Bayer Leverkusen,Hakan Çalhanoğlu,2,97 min 31 sec,95.6,22.4,30.09,12.38,17.6,Right Foot,direct,33,0.0106,0
18d7eb921e65afbf8587e06779f988d0,3890521,1. Bundesliga,2015-2016,Eintracht Frankfurt,Szabolcs Huszti,2,47 min 1 sec,92.3,35.0,28.15,15.93,5.0,Left Foot,direct,4,0.0558,0
f363fd91d0355b6afb8bb431bae8c6ae,3890522,1. Bundesliga,2015-2016,VfB Stuttgart,Alexandru Maxim,2,82 min 33 sec,100.1,17.4,30.11,10.13,22.6,Left Foot,direct,7,0.0081,0
d55d3927c1cc1bc72983ea3afc106c10,3890522,1. Bundesliga,2015-2016,VfB Stuttgart,Daniel Didavi,1,13 min 3 sec,94.3,53.1,28.85,14.14,13.1,Left Foot,direct,20,0.0416,0
6d92e242f17ea0eaa78f14fe4e63acb3,3890522,1. Bundesliga,2015-2016,VfB Stuttgart,Daniel Didavi,1,41 min 27 sec,90.1,37.2,30.03,15.11,2.8,Left Foot,direct,20,0.0359,0
abef3c9a5bf24a8152dd81d4867d7e91,3890524,1. Bundesliga,2015-2016,Hoffenheim,Nadiem Amiri,2,70 min 57 sec,87.8,40.0,32.2,14.16,0.0,Right Foot,direct,3,0.0266,0
a6b8036fbc89fb1122c0152c13a0a451,3890525,1. Bundesliga,2015-2016,Ingolstadt,Darío Lezcano,2,48 min 55 sec,92.6,30.7,28.94,14.94,9.3,Right Foot,direct,5,0.0469,0
10b13ef9439f42bb0543d8315a034ecc,3890525,1. Bundesliga,2015-2016,Ingolstadt,Pascal Groß,1,15 min 50 sec,86.4,30.8,34.84,12.65,9.2,Right Foot,direct,11,0.0135,0
d82f478ea3255be3af70f1a06ce70d74,3890525,1. Bundesliga,2015-2016,Ingolstadt,Pascal Groß,1,45 min 33 sec,113.7,14.7,26.07,4.34,25.3,Right Foot,direct,11,0.0085,0
df744af45b75d5e068b452c1a19f3eea,3890525,1. Bundesliga,2015-2016,Darmstadt 98,Sandro Wagner,1,19 min 56 sec,89.6,30.0,32.0,13.56,10.0,Right Foot,direct,1,0.0237,0
dabf16bbc41f3c6ceb73b0d54e05dc63,3890528,1. Bundesliga,2015-2016,Borussia Dortmund,Pierre-Emerick Aubameyang,2,83 min 21 sec,90.5,26.9,32.28,12.96,13.1,Right Foot,direct,6,0.0238,0
a85d1580f2beb0a47e7ef630625ffb5d,3890528,1. Bundesliga,2015-2016,Borussia Dortmund,Nuri Şahin,2,54 min 21 sec,98.0,47.1,23.12,18.75,7.1,Left Foot,direct,1,0.076,0
09c18cf23a3c7dc2eef0b5ec1f3a4484,3890529,1. Bundesliga,2015-2016,Hamburger SV,Michael Gregoritsch,1,17 min 42 sec,85.1,53.3,37.35,11.45,13.3,Left Foot,direct,11,0.0069,0
d584dcd2a4789c033e6e5ff78e981679,3890529,1. Bundesliga,2015-2016,Hamburger SV,Michael Gregoritsch,2,76 min 44 sec,90.8,50.9,31.17,13.74,10.9,Left Foot,direct,11,0.0294,0
e51e32e7bc03cc3c0c0832644a61ff09,3890531,1. Bundesliga,2015-2016,Darmstadt 98,Mario Vrančić,2,59 min 27 sec,117.4,65.2,25.33,1.9,25.2,Left Foot,direct,1,0.0081,0
9c62f009e0c88e6c691ded0c41281736,3890531,1. Bundesliga,2015-2016,Darmstadt 98,Konstantin Rausch,1,44 min 56 sec,87.2,23.3,36.81,11.09,16.7,Left Foot,direct,11,0.0072,0
2ba286193625b6b7e3664b4f6d72d390,3890532,1. Bundesliga,2015-2016,Hannover 96,Miiko Albornoz,1,20 min 59 sec,90.4,56.1,33.7,11.94,16.1,Left Foot,direct,2,0.0082,0
1c9c1f344f150b0da234ffb7b8c91ff7,3890532,1. Bundesliga,2015-2016,Hannover 96,Hiroshi Kiyotake,1,3 min 7 sec,95.2,15.5,34.86,9.39,24.5,Right Foot,direct,5,0.0067,0
25cf8c63d5d7da72492561cb31c333f1,3890533,1. Bundesliga,2015-2016,Bayern Munich,Douglas Costa,1,30 min 10 sec,92.6,61.4,34.77,10.41,21.4,Left Foot,direct,4,0.0073,0
291f5a3c6db3d50afe43d3eb67054119,3890534,1. Bundesliga,2015-2016,Bayer Leverkusen,Charles Aránguiz,1,38 min 43 sec,95.7,24.8,28.66,13.57,15.2,Right Foot,direct,3,0.0425,0
6e702aa8533c7afdf379d69197f6baf7,3890534,1. Bundesliga,2015-2016,Bayer Leverkusen,Charles Aránguiz,2,65 min 10 sec,102.4,13.2,32.06,7.92,26.8,Right Foot,direct,3,0.008,0
1b93eb89a20e05191ed236e395a25eda,3890534,1. Bundesliga,2015-2016,Bayer Leverkusen,Charles Aránguiz,2,69 min 40 sec,108.0,72.8,34.93,4.56,32.8,Right Foot,direct,3,0.0066,0
d24300e95590046594f2018bffd146fb,3890537,1. Bundesliga,2015-2016,FSV Mainz 05,Daniel Brosinski,1,17 min 45 sec,91.1,39.6,28.9,15.76,0.4,Right Foot,direct,4,0.0438,1
eedab4d4b9b918797b193cf5ac54982c,3890538,1. Bundesliga,2015-2016,FC Köln,Miloš Jojić,2,89 min 5 sec,86.9,26.4,35.79,11.83,13.6,Right Foot,direct,3,0.0099,0
9ad4414b949bf6a3c0c1fdb6dcafa5b2,3890538,1. Bundesliga,2015-2016,Augsburg,Raúl Bobadilla,2,66 min 9 sec,95.7,38.0,24.38,18.57,2.0,Right Foot,direct,7,0.0682,0
b27591962b3466aaaec3d4caeff799de,3890538,1. Bundesliga,2015-2016,FC Köln,Marcel Risse,1,17 min 5 sec,84.4,30.4,36.87,11.97,9.6,Right Foot,direct,13,0.0066,0
e3ff144642d3857f8b61cb378907055b,3890539,1. Bundesliga,2015-2016,Darmstadt 98,Konstantin Rausch,1,23 min 26 sec,86.7,32.5,34.13,13.05,7.5,Left Foot,direct,11,0.0223,0
36bdf334395fea52be58bc63cbca14a2,3890540,1. Bundesliga,2015-2016,Bayer Leverkusen,Hakan Çalhanoğlu,1,46 min 37 sec,89.9,37.9,30.17,15.07,2.1,Right Foot,direct,33,0.0388,0
05bbf9399cecc632437d4cca0f69bf0e,3890540,1. Bundesliga,2015-2016,Bayer Leverkusen,Hakan Çalhanoğlu,1,38 min 58 sec,93.3,24.4,30.92,12.8,15.6,Right Foot,direct,33,0.0227,0
85bb253d47d8fc6ccf8083fd2c700259,3890542,1. Bundesliga,2015-2016,Borussia Dortmund,Pierre-Emerick Aubameyang,2,75 min 12 sec,101.5,44.5,19.04,23.13,4.5,Right Foot,direct,6,0.0978,0
994f7eaf4ff2a7f41f341ebb8e6450ba,3890544,1. Bundesliga,2015-2016,Hoffenheim,Kevin Volland,2,78 min 3 sec,100.4,50.2,22.1,18.37,10.2,Left Foot,direct,3,0.0756,0
5502a9e6ede7f9a9769ca09e4a2671d8,3890545,1. Bundesliga,2015-2016,Hamburger SV,Nabil Bahoui,2,71 min 43 sec,89.4,35.2,30.97,14.55,4.8,Right Foot,direct,1,0.0384,0
d8b8b1949bfd16fd7949996d68316394,3890545,1. Bundesliga,2015-2016,FSV Mainz 05,Daniel Brosinski,2,63 min 42 sec,87.3,27.4,35.04,12.18,12.6,Right Foot,direct,4,0.0081,0
e7b538a38b9d875d490f0880454aae91,3890546,1. Bundesliga,2015-2016,VfB Stuttgart,Daniel Didavi,1,38 min 58 sec,96.1,53.8,27.6,14.38,13.8,Left Foot,direct,20,0.0452,0
7c4ce5b93e29b4e9638b9a84fe435fd8,3890546,1. Bundesliga,2015-2016,Werder Bremen,Zlatko Junuzović,1,27 min 54 sec,101.9,44.3,18.6,23.68,4.3,Left Foot,direct,13,0.1278,0
a5b17ef9dee03310fd21a30d0aecae65,3890547,1. Bundesliga,2015-2016,Hannover 96,Hiroshi Kiyotake,1,35 min 27 sec,105.4,17.4,26.91,9.37,22.6,Right Foot,direct,5,0.0088,0
dd34a0a3c7ac34467e798e52400f16d7,3890548,1. Bundesliga,2015-2016,Bayern Munich,David Alaba,1,8 min 33 sec,90.6,55.2,33.1,12.29,15.2,Right Foot,direct,9,0.0066,0
47de5f73220751d72889218640edbedb,3890549,1. Bundesliga,2015-2016,Schalke 04,Klaas-Jan Huntelaar,1,36 min 43 sec,90.7,26.8,32.14,12.98,13.2,Right Foot,direct,2,0.0234,0
2aebfe925635121e885712a7d2b891c8,3890549,1. Bundesliga,2015-2016,Schalke 04,Leroy Sané,1,43 min 16 sec,97.9,55.3,26.88,14.05,15.3,Left Foot,direct,4,0.0451,0
63462642416eaa647f93d67d11b4d109,3890549,1. Bundesliga,2015-2016,Schalke 04,Leroy Sané,1,20 min 40 sec,88.6,46.4,32.05,13.95,6.4,Left Foot,direct,4,0.0302,0
cde28486ce2dfcdb27d054e4a49cc3aa,3890550,1. Bundesliga,2015-2016,Bayer Leverkusen,Hakan Çalhanoğlu,2,71 min 38 sec,106.1,3.4,39.15,4.19,36.6,Right Foot,direct,33,0.0064,0
61d14efb5a1e7a1df6a7ffe3547bf136,3890551,1. Bundesliga,2015-2016,Wolfsburg,Naldo,1,43 min 5 sec,80.6,36.5,39.56,11.5,3.5,Right Foot,direct,4,0.0076,0
c93225d8c2dc79dcc0b3a77fa74c8d4d,3890552,1. Bundesliga,2015-2016,VfB Stuttgart,Philip Heise,2,62 min 45 sec,115.2,63.0,23.5,4.1,23.0,Left Foot,direct,1,0.0075,0
c0d30d34fde6b16c2b76d31a1fad88fa,3890554,1. Bundesliga,2015-2016,Werder Bremen,Zlatko Junuzović,1,24 min 42 sec,110.7,13.3,28.27,5.43,26.7,Right Foot,direct,13,0.0075,0
69c6e6928cdeb94981fcd0cd30196ac6,3890556,1. Bundesliga,2015-2016,VfB Stuttgart,Alexandru Maxim,2,85 min 48 sec,94.9,37.1,25.27,17.88,2.9,Right Foot,direct,7,0.0659,0
4d4fea68aeb7e2ecf5dfb7e4a4476cfb,3890556,1. Bundesliga,2015-2016,VfB Stuttgart,Daniel Didavi,2,77 min 11 sec,89.7,44.2,30.59,14.76,4.2,Left Foot,direct,20,0.0387,1
8838180b06cc90a4f46425f6632c3aa6,3890557,1. Bundesliga,2015-2016,Werder Bremen,Zlatko Junuzović,1,30 min 38 sec,94.7,39.7,25.3,17.97,0.3,Right Foot,direct,13,0.0706,0
79283cf6ad30bd73d1b2811c1a7c9d15,3890558,1. Bundesliga,2015-2016,FSV Mainz 05,Christian Clemens,2,66 min 9 sec,95.3,31.4,26.15,16.48,8.6,Right Foot,direct,5,0.0612,0
8a36656df8cb989264298f8cee05361c,3890559,1. Bundesliga,2015-2016,Hannover 96,Edgar Prib,2,60 min 6 sec,89.1,34.3,31.42,14.28,5.7,Left Foot,direct,1,0.032,0
db199e96aa030be5abe523211a0c2dd5,3890562,1. Bundesliga,2015-2016,Borussia Dortmund,Marco Reus,2,74 min 17 sec,99.5,37.0,20.72,21.65,3.0,Right Foot,direct,7,0.0842,1
ee7a3d34847b782502d3eeecdbfe5865,3890563,1. Bundesliga,2015-2016,Ingolstadt,Markus Suttner,2,91 min 53 sec,92.8,43.2,27.39,16.51,3.2,Left Foot,direct,5,0.0606,0
0689ff87868258bc3746a9958dce5b96,3890563,1. Bundesliga,2015-2016,Bayer Leverkusen,Hakan Çalhanoğlu,2,80 min 29 sec,91.2,17.6,36.49,9.94,22.4,Right Foot,direct,33,0.0067,0
9cff72e26accf5e2dca9943cc032663b,3890564,1. Bundesliga,2015-2016,Hamburger SV,Michael Gregoritsch,1,35 min 13 sec,94.6,46.1,26.12,16.96,6.1,Left Foot,direct,11,0.0626,1
e06692b14a64b44043cc0853d24cfb33,18243,Champions League,2015-2016,Real Madrid,Gareth Bale,2,67 min 1 sec,97.0,62.0,31.83,10.46,22.0,Left Foot,direct,7,0.009,0
1565ce66b0f9d498d8bac0ca9960d998,18243,Champions League,2015-2016,Real Madrid,Cristiano Ronaldo,4,116 min 0 sec,88.0,33.0,32.76,13.61,7.0,Right Foot,direct,70,0.03,0
2102a4ff45906463e2e9aa39e59d882f,265839,La Liga,2015-2016,Barcelona,Lionel Messi,1,30 min 46 sec,99.6,29.6,22.9,17.8,10.4,Left Foot,direct,473,0.0745,1
8ad12b6a0c686ce4d15364745429551d,265894,La Liga,2015-2016,Barcelona,Lionel Messi,2,49 min 36 sec,94.0,50.0,27.86,15.31,10.0,Left Foot,direct,473,0.0557,0
a771f826f7bec053555a4e3b9b76ceaa,265894,La Liga,2015-2016,Barcelona,Lionel Messi,2,86 min 39 sec,87.1,34.2,33.41,13.46,5.8,Left Foot,direct,473,0.0246,0
c45503fea331fac5b9d30e3594cdd364,265944,La Liga,2015-2016,Barcelona,Lionel Messi,2,61 min 36 sec,88.9,53.7,33.98,12.32,13.7,Left Foot,direct,473,0.0085,0
b1e4d4ef77e51fae6f91392f3fcbcb1d,265958,La Liga,2015-2016,Espanyol,Víctor Sánchez,2,92 min 27 sec,96.8,26.2,26.99,14.6,13.8,Right Foot,direct,3,0.0453,0
e5558b0e106a4d117c4310e9dfa704b1,265958,La Liga,2015-2016,Barcelona,Neymar,1,18 min 17 sec,99.1,27.3,24.46,16.03,12.7,Right Foot,direct,40,0.0667,0
617292a20d373a04cfe7a2db87126a86,265958,La Liga,2015-2016,Barcelona,Lionel Messi,1,7 min 31 sec,94.7,41.1,25.32,17.94,1.1,Left Foot,direct,473,0.0757,1
f93c7ab507040d6a1788df3144418e9c,265958,La Liga,2015-2016,Barcelona,Lionel Messi,1,15 min 15 sec,96.3,24.5,28.32,13.56,15.5,Left Foot,direct,473,0.0391,0
90e8ec1aa180af5ad836c92a05b82508,266056,La Liga,2015-2016,Barcelona,Lionel Messi,2,70 min 17 sec,88.2,39.9,31.8,14.34,0.1,Left Foot,direct,473,0.0242,0
6e2693abf7a666704d97c987df58bd17,266106,La Liga,2015-2016,Villarreal,Bruno Soriano,2,53 min 16 sec,99.8,55.9,25.71,14.07,15.9,Left Foot,direct,6,0.0495,0
d29aa6fd086aa8de8a47561d7bd010e3,266149,La Liga,2015-2016,Athletic Club,Ander Iturraspe,2,88 min 5 sec,88.1,42.5,32.0,14.21,2.5,Right Foot,direct,2,0.0294,0
6747f5a04cfabaf676b51c254b673457,266149,La Liga,2015-2016,Athletic Club,Aymeric Laporte,2,72 min 40 sec,97.0,40.0,23.0,19.73,0.0,Left Foot,direct,3,0.0918,0
db6c0f75593c1f31a629218202b1ae86,266149,La Liga,2015-2016,Barcelona,Lionel Messi,1,40 min 55 sec,91.6,39.2,28.41,16.02,0.8,Left Foot,direct,473,0.048,0
350e686076f05672e69aa20562c252df,266149,La Liga,2015-2016,Barcelona,Neymar,2,78 min 10 sec,95.9,38.3,24.16,18.76,1.7,Right Foot,direct,40,0.0764,0
920360c4ec77b2b0e0584f09eeba2445,266160,La Liga,2015-2016,Levante UD,Verza,1,28 min 55 sec,97.7,29.4,24.69,16.73,10.6,Right Foot,direct,7,0.0666,0
3a9c74e4c973e66b59646584d6d6a54c,266160,La Liga,2015-2016,Barcelona,Neymar,1,42 min 45 sec,96.2,22.5,29.54,12.53,17.5,Right Foot,direct,40,0.0188,0
a40afe6d586fb2e7f07f4bfd1f555b78,266160,La Liga,2015-2016,Barcelona,Lionel Messi,2,66 min 40 sec,96.7,25.6,27.39,14.24,14.4,Left Foot,direct,473,0.0475,0
fd3fe17acefdf6f51cc043cbb6d64dc5,266166,La Liga,2015-2016,Barcelona,Lionel Messi,2,89 min 13 sec,94.1,27.2,28.89,14.2,12.8,Left Foot,direct,473,0.0438,0
a431672655d027e7da272fad36144427,266166,La Liga,2015-2016,Barcelona,Neymar,2,54 min 21 sec,94.2,30.2,27.6,15.47,9.8,Right Foot,direct,40,0.0599,1
0897233127e716230ced98dccf10128d,266236,La Liga,2015-2016,Barcelona,Lionel Messi,1,37 min 6 sec,90.1,48.7,31.14,14.08,8.7,Left Foot,direct,473,0.0382,0
a5a514ba852165981487e3e07c9ea8ec,266254,La Liga,2015-2016,Barcelona,Lionel Messi,1,27 min 4 sec,90.5,51.0,31.48,13.6,11.0,Left Foot,direct,473,0.0344,1
27cc2bbd62873af738a307e8131689ad,266254,La Liga,2015-2016,Barcelona,Lionel Messi,1,11 min 29 sec,95.8,52.7,27.33,14.84,12.7,Left Foot,direct,473,0.0457,0
801145c8b4ada5edef911427c408af16,266254,La Liga,2015-2016,Barcelona,Neymar,1,43 min 3 sec,99.1,21.0,28.25,12.07,19.0,Right Foot,direct,40,0.0104,0
6bdeee5585737736c07bf7145cc476c3,266424,La Liga,2015-2016,Barcelona,Neymar,2,51 min 11 sec,95.6,33.4,25.28,17.4,6.6,Right Foot,direct,40,0.0784,0
756d78c16d324ad8a631598e9712d6a3,266424,La Liga,2015-2016,Barcelona,Lionel Messi,2,67 min 41 sec,88.6,35.5,31.72,14.23,4.5,Left Foot,direct,473,0.027,0
3a0a94439005869ca8cd1831ced26ad8,266424,La Liga,2015-2016,Barcelona,Neymar,1,23 min 22 sec,95.8,22.2,30.04,12.32,17.8,Right Foot,direct,40,0.0111,0
6df0e44f0ad217f24ddc6d7c0fc4018e,266467,La Liga,2015-2016,Barcelona,Lionel Messi,2,90 min 38 sec,89.1,38.1,30.96,14.7,1.9,Left Foot,direct,473,0.0322,0
25bddef8f80562860798782253403db4,266490,La Liga,2015-2016,Barcelona,Lionel Messi,1,17 min 17 sec,94.4,29.6,27.63,15.32,10.4,Left Foot,direct,473,0.0561,0
a8a3ee749de2edf823883062140184dc,266490,La Liga,2015-2016,Barcelona,Lionel Messi,1,45 min 16 sec,95.2,46.0,25.52,17.35,6.0,Left Foot,direct,473,0.0702,0
819731a03fa15cc146de1dc3db2e9286,266498,La Liga,2015-2016,Barcelona,Lionel Messi,1,42 min 50 sec,90.3,47.5,30.63,14.45,7.5,Left Foot,direct,473,0.0344,0
6949215f780e24b533a2b189b1663532,266498,La Liga,2015-2016,Barcelona,Lionel Messi,1,16 min 30 sec,92.1,34.1,28.52,15.64,5.9,Left Foot,direct,473,0.0568,0
789e36f6e2f3571ada0d69d7cb1ac47c,266557,La Liga,2015-2016,Barcelona,Lionel Messi,1,38 min 22 sec,96.5,45.3,24.09,18.42,5.3,Left Foot,direct,473,0.0799,0
8b62866fce61293a00ea7b8e18a4c17a,266557,La Liga,2015-2016,Barcelona,Lionel Messi,2,51 min 56 sec,94.1,30.1,27.73,15.39,9.9,Left Foot,direct,473,0.0568,0
a769776ca35b04e2baa91aa9c19ff173,266620,La Liga,2015-2016,Granada,Javi Márquez,2,91 min 26 sec,87.1,41.7,32.94,13.83,1.7,Left Foot,direct,6,0.0259,0
fd62552a299a8fb9d2e4a0217d652a37,266620,La Liga,2015-2016,Barcelona,Lionel Messi,2,60 min 47 sec,97.1,62.0,31.76,10.46,22.0,Left Foot,direct,473,0.0085,0
4334a1df5049189433705d342b6afdb1,266620,La Liga,2015-2016,Granada,David Lombán,2,52 min 58 sec,100.1,24.9,24.98,14.67,15.1,Right Foot,direct,1,0.0527,0
ef9be45082f0451a841f57303cc5336d,266653,La Liga,2015-2016,Barcelona,Neymar,2,66 min 27 sec,100.7,45.2,19.99,21.93,5.2,Right Foot,direct,40,0.1013,0
5b28191f159050269ab0e6561a632f69,266664,La Liga,2015-2016,Barcelona,Neymar,2,61 min 57 sec,94.9,24.4,29.55,13.18,15.6,Right Foot,direct,40,0.0416,0
80954fc90090bdb5eb70582382a205d8,266664,La Liga,2015-2016,Barcelona,Lionel Messi,1,21 min 35 sec,95.3,30.7,26.39,16.19,9.3,Left Foot,direct,473,0.0641,0
734c3078a19ec169af1348e8732f90d0,266670,La Liga,2015-2016,Barcelona,Lionel Messi,2,88 min 49 sec,87.3,42.2,32.77,13.89,2.2,Left Foot,direct,473,0.0307,0
6f5d0cef05a58a6593ae139050e93759,266670,La Liga,2015-2016,Barcelona,Lionel Messi,1,35 min 27 sec,89.3,40.3,30.7,14.85,0.3,Left Foot,direct,473,0.0347,0
3e0949e35e666c5cdf9013b9947ba238,266885,La Liga,2015-2016,Barcelona,Lionel Messi,2,67 min 33 sec,97.6,29.8,24.61,16.9,10.2,Left Foot,direct,473,0.0722,0
1385a9a136d78368db92e510a763127e,266961,La Liga,2015-2016,Barcelona,Lionel Messi,1,38 min 3 sec,92.3,44.1,28.0,16.09,4.1,Left Foot,direct,473,0.0567,1
f7d030aea07aa29ca0bdf9a02018ff27,266961,La Liga,2015-2016,Barcelona,Lionel Messi,1,13 min 15 sec,89.1,45.1,31.32,14.37,5.1,Left Foot,direct,473,0.0364,0
7c0329321b9f8e0f2984e9d8ee2b30b2,267273,La Liga,2015-2016,Barcelona,Lionel Messi,2,84 min 52 sec,88.0,36.2,32.22,14.06,3.8,Left Foot,direct,473,0.0294,0
9fee1269f836551bdfe209e681b9501e,267273,La Liga,2015-2016,Las Palmas,Jonathan Viera,1,2 min 43 sec,82.8,44.3,37.45,12.12,4.3,Right Foot,direct,14,0.0085,0
ed09814eca4dbd880a46f24da67b2062,267274,La Liga,2015-2016,Barcelona,Lionel Messi,2,87 min 33 sec,92.8,60.5,34.06,10.77,20.5,Left Foot,direct,473,0.0085,0
12122a85d947ef79e568c921af847b65,267327,La Liga,2015-2016,Barcelona,Lionel Messi,2,68 min 28 sec,91.6,30.9,29.82,14.58,9.1,Left Foot,direct,473,0.035,0
93caea58879a867e9c7d3cfb10aa81ef,267327,La Liga,2015-2016,Barcelona,Lionel Messi,2,73 min 59 sec,96.3,43.0,23.89,18.87,3.0,Left Foot,direct,473,0.0832,0
22467c05f607832d65c175bb917abdc9,267327,La Liga,2015-2016,Barcelona,Lionel Messi,1,21 min 44 sec,90.0,33.7,30.65,14.56,6.3,Left Foot,direct,473,0.0394,0
4822f1fdfd95f85d3c99671c54510012,267506,La Liga,2015-2016,Barcelona,Lionel Messi,1,24 min 47 sec,101.0,60.3,27.8,11.35,20.3,Left Foot,direct,473,0.0116,0
cd384223c408dacc98c9770a3a3ed35f,267506,La Liga,2015-2016,Barcelona,Lionel Messi,2,54 min 22 sec,89.1,27.1,33.48,12.61,12.9,Left Foot,direct,473,0.0155,0
ebb9e42b4b3eabd8eda9960af9937304,267533,La Liga,2015-2016,Barcelona,Lionel Messi,2,47 min 42 sec,91.1,43.1,29.07,15.59,3.1,Left Foot,direct,473,0.0445,0
5bd2d5c9d89bdd834a42187fe12b7a23,267533,La Liga,2015-2016,Barcelona,Lionel Messi,1,18 min 4 sec,94.3,24.6,29.96,13.13,15.4,Left Foot,direct,473,0.0343,0
647dc237d7e5d4442408d56aee1511f3,267533,La Liga,2015-2016,Real Madrid,Cristiano Ronaldo,1,29 min 51 sec,92.0,36.5,28.22,16.02,3.5,Right Foot,direct,70,0.0504,0
3e57a8c9a2437701343ffe942148ff9a,267576,La Liga,2015-2016,Barcelona,Lionel Messi,1,25 min 27 sec,92.4,53.6,30.77,13.35,13.6,Left Foot,direct,473,0.0303,0
73b1d3bad6e25a2fef7ca46580b26aef,267576,La Liga,2015-2016,Barcelona,Lionel Messi,2,67 min 23 sec,114.2,63.4,24.11,4.69,23.4,Left Foot,direct,473,0.0084,0
7cd3529a1ca2b3ac96fe384dc7af5693,267611,La Liga,2015-2016,Barcelona,Luis Suárez,2,84 min 53 sec,94.7,32.0,26.53,16.39,8.0,Right Foot,direct,26,0.0699,0
bf7827d4dc9ff21059239f244d40ba24,267611,La Liga,2015-2016,Las Palmas,Jonathan Viera,2,77 min 49 sec,93.4,46.9,27.48,16.06,6.9,Right Foot,direct,14,0.0617,0
7dad3b8f6062f6d6acb4e123946ff756,267611,La Liga,2015-2016,Barcelona,Neymar,1,6 min 17 sec,91.6,28.5,30.64,13.83,11.5,Right Foot,direct,40,0.0362,0
62d3a4cdd6fb4da7cfd05d97e6f0f013,3825562,La Liga,2015-2016,Málaga,Ricardo Horta,1,42 min 42 sec,93.4,33.3,27.43,16.12,6.7,Right Foot,direct,2,0.0615,0
cd2a6cde6fd9035a4e4a9553558f11bb,3825563,La Liga,2015-2016,Atlético Madrid,Koke,2,89 min 13 sec,97.1,31.6,24.39,17.56,8.4,Right Foot,direct,4,0.0798,0
a5c6adc4a7e9f20c5e55288f01b211af,3825563,La Liga,2015-2016,Atlético Madrid,Antoine Griezmann,1,15 min 44 sec,92.8,45.5,27.75,16.1,5.5,Left Foot,direct,16,0.0554,1
8edf6d74ca14187e0e962f677b163cce,3825564,La Liga,2015-2016,RC Deportivo La Coruña,Fede Cartabia,2,84 min 15 sec,95.2,52.7,27.86,14.62,12.7,Left Foot,direct,6,0.0458,0
ef185f4f38694edb19d086e4f4783e02,3825564,La Liga,2015-2016,Real Sociedad,Rubén Pardo,2,88 min 24 sec,98.8,19.4,29.56,11.18,20.6,Right Foot,direct,8,0.0112,0
77821a9ff507b349afada1f7904c32ae,3825564,La Liga,2015-2016,RC Deportivo La Coruña,Fayçal Fajr,2,66 min 5 sec,95.6,31.9,25.71,16.84,8.1,Right Foot,direct,8,0.0637,0
c31566ecb22c2617c956e08bec65b56b,3825564,La Liga,2015-2016,Real Sociedad,Rubén Pardo,2,49 min 44 sec,90.5,29.4,31.35,13.72,10.6,Right Foot,direct,8,0.0355,0
943fea094078056870b195c5169ccff1,3825565,La Liga,2015-2016,Getafe,Pedro León,1,21 min 16 sec,90.0,22.2,34.88,11.3,17.8,Right Foot,direct,15,0.0093,0
9e14524c35235234a14286a54c2ae9cb,3825565,La Liga,2015-2016,Getafe,Álvaro Vázquez,2,63 min 31 sec,95.2,31.3,26.28,16.39,8.7,Right Foot,direct,11,0.06,0
2f437fc1022361c7d44a5034cb92304b,3825565,La Liga,2015-2016,Espanyol,Salva Sevilla,1,2 min 11 sec,99.9,35.4,20.62,21.45,4.6,Right Foot,direct,4,0.0873,1
2f72308d7b55a6d63e2e9bedc02a4fb7,3825566,La Liga,2015-2016,Valencia,João Cancelo,2,82 min 19 sec,90.9,33.0,29.93,14.82,7.0,Right Foot,direct,2,0.0391,0
b884e22485eb8e685c688e3819b07f5e,3825567,La Liga,2015-2016,Real Madrid,Cristiano Ronaldo,2,93 min 12 sec,93.4,25.3,30.39,13.19,14.7,Right Foot,direct,70,0.0383,0
03cd440111c576f9ed06da9c4140b61d,3825567,La Liga,2015-2016,Real Madrid,Cristiano Ronaldo,1,8 min 10 sec,91.0,33.6,29.7,15.0,6.4,Right Foot,direct,70,0.0442,0
877cc768f75ec1385e2bc992635354a3,3825567,La Liga,2015-2016,Real Madrid,Gareth Bale,2,60 min 14 sec,97.3,56.0,27.77,13.52,16.0,Left Foot,direct,7,0.0412,0
cf265b23dd4c633b7c377ff4579b3c8b,3825568,La Liga,2015-2016,Real Betis,Álvaro Cejudo,1,36 min 54 sec,96.3,21.3,30.19,11.96,18.7,Right Foot,direct,3,0.0098,0
b0b121019f0cfe6f3289733bce609253,3825569,La Liga,2015-2016,Celta Vigo,Nolito,2,95 min 43 sec,100.8,25.5,24.06,15.26,14.5,Right Foot,direct,14,0.0616,0
ce98855e1ee32360a9b6c2811adf092d,3825569,La Liga,2015-2016,Levante UD,Verza,2,74 min 30 sec,100.0,17.5,30.1,10.19,22.5,Right Foot,direct,7,0.0081,0
2e86a4707cff505516b7f5ff0204e742,3825569,La Liga,2015-2016,Levante UD,Juanfran,1,1 min 1 sec,96.7,51.2,25.85,15.95,11.2,Left Foot,direct,1,0.0579,0
7301ef9d582eac7954e32fa1f20d651f,3825569,La Liga,2015-2016,Levante UD,Verza,2,54 min 42 sec,99.7,30.6,22.37,18.53,9.4,Right Foot,direct,7,0.075,1
b75df7365f01c465b4b87145dcb8e6a1,3825570,La Liga,2015-2016,Granada,Javi Márquez,2,55 min 9 sec,98.9,57.9,27.67,12.69,17.9,Left Foot,direct,6,0.0215,0
90e149c11719833c44049893ee42fed2,3825570,La Liga,2015-2016,Granada,Rubén Rochina,1,39 min 11 sec,93.3,29.5,28.69,14.82,10.5,Left Foot,direct,12,0.0488,0
f458790574da9749048bc93c0489a3ed,3825572,La Liga,2015-2016,Real Madrid,Cristiano Ronaldo,1,4 min 51 sec,85.5,38.3,34.54,13.2,1.7,Right Foot,direct,70,0.0208,0
17a3ce0bf21cfc1dead90b939c628f32,3825572,La Liga,2015-2016,Real Madrid,Cristiano Ronaldo,2,79 min 10 sec,100.0,32.9,21.22,20.22,7.1,Right Foot,direct,70,0.0889,0
7a676cfeac46f3a70ac574a78f546b2a,3825572,La Liga,2015-2016,Real Madrid,James Rodríguez,1,38 min 16 sec,107.6,62.4,25.6,8.82,22.4,Left Foot,direct,8,0.0091,1
f63fcf59f68b7cda772f98f7b1617ade,3825573,La Liga,2015-2016,Sporting Gijón,Jony,1,25 min 23 sec,84.4,44.9,35.94,12.59,4.9,Left Foot,direct,6,0.0116,0
2a1118304c43549948be09afef560eda,3825577,La Liga,2015-2016,Granada,Rubén Pérez,1,16 min 10 sec,90.3,7.1,44.32,6.95,32.9,Right Foot,direct,2,0.0095,0
5380e075056f439dcf6a5b5ad16090b2,3825577,La Liga,2015-2016,Getafe,Ángel Lafita,2,90 min 58 sec,85.8,41.8,34.25,13.31,1.8,Right Foot,direct,1,0.021,0
39af3be84984a5de2ef624271a1dfb3a,3825577,La Liga,2015-2016,Getafe,Pedro León,1,34 min 30 sec,90.7,52.1,31.7,13.33,12.1,Right Foot,direct,15,0.0364,0
93d716df2cf4e7c02c4f167a9713bc16,3825578,La Liga,2015-2016,Athletic Club,Ager Aketxe,2,76 min 54 sec,96.3,41.9,23.78,19.04,1.9,Left Foot,direct,1,0.0809,0
1a59c9e8c4388e8b0c6411e9d6ddde73,3825579,La Liga,2015-2016,Sevilla,Éver Banega,2,87 min 39 sec,96.2,49.3,25.55,16.64,9.3,Right Foot,direct,6,0.0624,0
264cdfc17a734cf07d1c06631dbde77e,3825579,La Liga,2015-2016,Atlético Madrid,Antoine Griezmann,1,12 min 32 sec,93.1,42.7,27.04,16.75,2.7,Left Foot,direct,16,0.0573,0
17ce48c4ec76bb9e8433b6e85e28636a,3825582,La Liga,2015-2016,Real Sociedad,Rubén Pardo,1,37 min 40 sec,110.7,17.4,24.44,7.29,22.6,Right Foot,direct,8,0.0077,0
57d99917443565efe98abd9e9cc9475b,3825583,La Liga,2015-2016,Valencia,Pablo Piatti,1,42 min 58 sec,114.1,62.5,23.26,5.14,22.5,Left Foot,direct,1,0.0083,0
31da9370b131c514a40132ea64d17d0c,3825585,La Liga,2015-2016,Celta Vigo,Nolito,1,3 min 52 sec,93.4,26.9,29.65,13.85,13.1,Right Foot,direct,14,0.0395,0
44804f7fcdae57f280957159fa09c478,3825585,La Liga,2015-2016,Celta Vigo,Nolito,2,90 min 28 sec,98.9,47.4,22.36,19.23,7.4,Right Foot,direct,14,0.0854,0
6172abbbb228aeb90e3e7bca7cad2a22,3825586,La Liga,2015-2016,Málaga,Arthur Boka,2,50 min 2 sec,92.8,50.7,29.23,14.55,10.7,Left Foot,direct,1,0.0418,0
3d780d9a527931e8e284d5f8e099ebe1,3825587,La Liga,2015-2016,Getafe,Roberto Lago,2,72 min 52 sec,90.9,30.6,30.58,14.21,9.4,Left Foot,direct,1,0.0388,0
4f686659222de954211988c82b04e5eb,3825587,La Liga,2015-2016,Getafe,Pedro León,1,12 min 25 sec,81.6,50.0,39.68,11.15,10.0,Right Foot,direct,15,0.0073,0
c9b2517191ea314cd6781c6bfc6e9f4e,3825588,La Liga,2015-2016,RC Deportivo La Coruña,Fayçal Fajr,1,4 min 35 sec,89.0,23.1,35.31,11.39,16.9,Right Foot,direct,8,0.0069,0
6596a4d7a334d0bf8af423be49fd467f,3825588,La Liga,2015-2016,RC Deportivo La Coruña,Fayçal Fajr,2,73 min 36 sec,96.4,23.8,28.63,13.22,16.2,Right Foot,direct,8,0.0367,0
9f03be6d28f1fb143c63edd989355d73,3825589,La Liga,2015-2016,Getafe,Pedro León,2,73 min 33 sec,83.4,29.8,37.99,11.59,10.2,Right Foot,direct,15,0.0069,0
4be27136c1400a0724df1b6e80e26b0c,3825589,La Liga,2015-2016,Málaga,Duda,2,81 min 35 sec,95.6,53.3,27.79,14.47,13.3,Left Foot,direct,15,0.042,0
f7f40df017e43f46db3b777130ef69ce,3825590,La Liga,2015-2016,Real Madrid,Cristiano Ronaldo,1,21 min 30 sec,83.8,48.2,37.12,12.01,8.2,Right Foot,direct,70,0.0078,0
6e3faa6f2eb9f575a9434e38006f52e8,3825590,La Liga,2015-2016,Real Madrid,Cristiano Ronaldo,2,72 min 5 sec,92.9,26.8,30.14,13.65,13.2,Right Foot,direct,70,0.0398,0
042c49581a569503fa36dc3dd7ac37dc,3825590,La Liga,2015-2016,Granada,Javi Márquez,2,89 min 4 sec,89.6,44.7,30.76,14.65,4.7,Left Foot,direct,6,0.0394,0
318ef4255c7fc9d16d0c5817d06fbc82,3825591,La Liga,2015-2016,Valencia,Paco Alcácer,2,70 min 35 sec,90.5,46.1,30.12,14.83,6.1,Right Foot,direct,3,0.0413,0
d7a1f977cf2135dc80bb691184bfd754,3825592,La Liga,2015-2016,Real Sociedad,Sergio Canales,1,32 min 27 sec,101.7,63.8,30.02,9.39,23.8,Left Foot,direct,6,0.0084,0
92ace916158f6fa1bde1de6db86955f3,3825592,La Liga,2015-2016,Espanyol,Víctor Sánchez,2,79 min 1 sec,93.6,35.7,26.75,16.8,4.3,Right Foot,direct,3,0.0581,0
99dbb10b58c2df7a82b2b5fa7789c1f3,3825592,La Liga,2015-2016,Espanyol,Marco Asensio Willemsen,2,56 min 33 sec,100.5,55.6,24.97,14.4,15.6,Left Foot,direct,6,0.0493,0
50d6c24ed7890ff62206f23d9ead5146,3825592,La Liga,2015-2016,Espanyol,Víctor Álvarez,1,27 min 25 sec,90.6,47.6,30.37,14.55,7.6,Left Foot,direct,1,0.0392,0
77a1aeb999ed8a28bb322125468f5f55,3825594,La Liga,2015-2016,Celta Vigo,Daniel Wass,2,80 min 55 sec,92.2,28.6,30.05,14.08,11.4,Right Foot,direct,8,0.0416,0
3ed73908f61a47a19f5f1ed1f48e5060,3825597,La Liga,2015-2016,Rayo Vallecano,Nacho Martínez,2,81 min 2 sec,95.4,56.6,29.68,12.82,16.6,Left Foot,direct,1,0.0261,0
108ef5ffe88bc5e66049fc112d2e6366,3825597,La Liga,2015-2016,Las Palmas,Jonathan Viera,1,12 min 1 sec,108.5,15.4,27.16,7.27,24.6,Right Foot,direct,14,0.0084,0
cd90b323dc82e8ed636bc7280b72097e,3825599,La Liga,2015-2016,Valencia,João Cancelo,1,41 min 35 sec,95.3,25.7,28.54,13.9,14.3,Right Foot,direct,2,0.0423,0
7acb463cd1d409a1ed8aeb049bd28956,3825599,La Liga,2015-2016,Valencia,Enzo Pérez,1,23 min 51 sec,98.3,21.0,28.84,12.01,19.0,Right Foot,direct,1,0.0127,0
89ad96770ee35fc7b200eb4d168e90d3,3825600,La Liga,2015-2016,Málaga,Duda,2,67 min 26 sec,85.3,45.4,35.12,12.85,5.4,Left Foot,direct,15,0.0177,0
30309c94a84b1ed71a3c019871bc0c54,3825602,La Liga,2015-2016,Real Madrid,Cristiano Ronaldo,1,18 min 29 sec,90.1,56.8,34.3,11.65,16.8,Right Foot,direct,70,0.0083,0
becbde6cc05ad03570a981a001aa9e28,3825603,La Liga,2015-2016,Real Betis,Juan Manuel Vargas,2,93 min 56 sec,101.1,62.4,29.31,10.17,22.4,Left Foot,direct,5,0.0084,0
9e32ac73500f16b1fe586af25b9ebfa2,3825604,La Liga,2015-2016,Granada,Rubén Rochina,1,46 min 33 sec,93.3,39.2,26.71,17.03,0.8,Left Foot,direct,12,0.065,0
eb8da6ac41ff991166f8f05debde7a87,3825604,La Liga,2015-2016,Granada,Rubén Rochina,2,54 min 46 sec,111.1,65.9,27.39,5.54,25.9,Left Foot,direct,12,0.0086,0
327e98243bcb5bf0a0455cb816d0a22f,3825605,La Liga,2015-2016,Rayo Vallecano,Bebé,2,50 min 56 sec,85.1,43.1,35.04,12.98,3.1,Right Foot,direct,14,0.0183,1
58bb82c2676006d9c158cd6426f0fe3e,3825605,La Liga,2015-2016,Sevilla,Yevgen Konoplyanka,2,85 min 21 sec,95.6,27.9,27.24,15.05,12.1,Right Foot,direct,6,0.0527,1
622fe8eabcd7c82dfbf172eb6195da89,3825606,La Liga,2015-2016,Málaga,Recio,2,48 min 11 sec,92.1,34.3,28.48,15.68,5.7,Right Foot,direct,7,0.0504,0
81a849c39e172951b49bda03c53704de,3825608,La Liga,2015-2016,Celta Vigo,Nolito,2,79 min 48 sec,113.4,15.7,25.18,4.88,24.3,Right Foot,direct,14,0.008,0
7da11f06e61edde33b6130196dcf3e30,3825609,La Liga,2015-2016,Athletic Club,Beñat Etxebarria,2,70 min 24 sec,95.9,49.6,25.94,16.36,9.6,Right Foot,direct,13,0.0606,0
1530020adf17328e02183b4c7a3cc75e,3825609,La Liga,2015-2016,Real Sociedad,Rubén Pardo,2,82 min 13 sec,107.8,14.8,28.0,7.24,25.2,Right Foot,direct,8,0.0073,0
8846444b0a613aa4edd7c67362eb4bf9,3825611,La Liga,2015-2016,RC Deportivo La Coruña,Fede Cartabia,2,79 min 40 sec,81.5,46.5,39.04,11.54,6.5,Left Foot,direct,6,0.0074,0
6a7e53834c69935173300f19c2f3a6d8,3825611,La Liga,2015-2016,RC Deportivo La Coruña,Fede Cartabia,2,90 min 2 sec,96.6,55.4,28.01,13.69,15.4,Left Foot,direct,6,0.0415,0
b7a4972f0d9b8a784d7ac81c41a9f1a0,3825613,La Liga,2015-2016,Celta Vigo,Nolito,2,61 min 13 sec,92.4,39.8,27.6,16.49,0.2,Right Foot,direct,14,0.0573,0
ccba732406de58153b10746a3f76b9d7,3825617,La Liga,2015-2016,Barcelona,Neymar,1,22 min 37 sec,92.9,47.3,28.07,15.69,7.3,Right Foot,direct,40,0.0575,0
274ce5a57479aa4a65966c63a8c57856,3825618,La Liga,2015-2016,Eibar,Saúl Berjón,2,46 min 18 sec,97.9,21.4,28.89,12.19,18.6,Right Foot,direct,7,0.0115,0
d5b08b28c76181a3ed1c5a63c22f11ed,3825618,La Liga,2015-2016,Las Palmas,Jonathan Viera,1,20 min 47 sec,89.9,40.0,30.1,15.14,0.0,Right Foot,direct,14,0.04,0
56f1dd54fda38fa0df3aef8b7bd5ac30,3825618,La Liga,2015-2016,Las Palmas,Mubarak Wakaso,2,49 min 49 sec,96.5,58.5,29.91,12.08,18.5,Left Foot,direct,2,0.0107,0
04e70c41b40e1d04d4d4dce56450e4a8,3825618,La Liga,2015-2016,Las Palmas,Jonathan Viera,2,73 min 56 sec,99.6,46.0,21.26,20.51,6.0,Right Foot,direct,14,0.0929,0
3a34385144acc5959fff68b8ef2d67ec,3825620,La Liga,2015-2016,Rayo Vallecano,Bebé,2,59 min 18 sec,95.5,16.9,33.67,9.94,23.1,Right Foot,direct,14,0.0073,0
a888cfe773fa25cefd8558569d6d1bbe,3825621,La Liga,2015-2016,Real Madrid,Cristiano Ronaldo,1,37 min 48 sec,90.3,55.1,33.32,12.25,15.1,Right Foot,direct,70,0.0088,0
9d1c9a0b5cc0da28ec242e1f210c90f3,3825622,La Liga,2015-2016,Valencia,Dani Parejo,1,19 min 55 sec,98.0,21.7,28.62,12.36,18.3,Right Foot,direct,20,0.0122,1
01884964be1d06aa8ddd298e8776570e,3825622,La Liga,2015-2016,Athletic Club,Aymeric Laporte,2,85 min 12 sec,94.9,41.2,25.13,18.07,1.2,Left Foot,direct,3,0.069,0
026c00a8ff762a920f4c6199dff1b7ee,3825625,La Liga,2015-2016,Real Madrid,Cristiano Ronaldo,2,58 min 40 sec,97.7,33.5,23.23,18.82,6.5,Right Foot,direct,70,0.0787,0
ed374bf22977ce5fa737df02ae2cde91,3825626,La Liga,2015-2016,Real Betis,Joaquín,1,12 min 17 sec,88.8,60.7,37.44,10.21,20.7,Right Foot,direct,7,0.0081,0
413bc35109b703fd46a359c6488401be,3825627,La Liga,2015-2016,Barcelona,Neymar,1,2 min 44 sec,95.7,35.8,24.66,18.18,4.2,Right Foot,direct,40,0.072,0
ac94ef6cd484982960a531172b00a636,3825628,La Liga,2015-2016,Getafe,Pedro León,1,6 min 9 sec,83.0,26.8,39.28,10.97,13.2,Right Foot,direct,15,0.0068,0
dc00ccb5611b8721dd869b62763708c9,3825628,La Liga,2015-2016,Las Palmas,Jonathan Viera,2,69 min 12 sec,90.0,36.0,30.27,14.93,4.0,Right Foot,direct,14,0.0371,0
35106c57332c221ecb393d89b3a8504f,3825628,La Liga,2015-2016,Getafe,Pedro León,2,61 min 24 sec,95.8,19.5,31.72,11.07,20.5,Right Foot,direct,15,0.0092,0
be7f320de45945a9a697f635d92ed04a,3825629,La Liga,2015-2016,Villarreal,Manu Trigueros,1,9 min 0 sec,93.9,25.7,29.76,13.5,14.3,Right Foot,direct,2,0.0385,0
fdc3ea15bb9338ca5a500ff495e3fe03,3825631,La Liga,2015-2016,Atlético Madrid,Antoine Griezmann,1,34 min 37 sec,94.2,43.7,26.06,17.28,3.7,Left Foot,direct,16,0.0631,0
6b29ff22f54de547eecde0561ddd39c7,3825631,La Liga,2015-2016,Real Sociedad,Sergio Canales,1,16 min 47 sec,91.0,42.5,29.11,15.59,2.5,Left Foot,direct,6,0.0439,0
1ba5e24187882feadff16f2ef7cd9b20,3825631,La Liga,2015-2016,Real Sociedad,Sergio Canales,1,24 min 19 sec,96.5,53.4,27.05,14.72,13.4,Left Foot,direct,6,0.0492,0
d2c03c6904028bb6ae3e91f03fff2059,3825633,La Liga,2015-2016,Rayo Vallecano,Bebé,2,67 min 1 sec,88.1,49.0,33.15,13.26,9.0,Right Foot,direct,14,0.0269,0
765140a74a5bf5b4623a11ddc4e8ff5f,3825635,La Liga,2015-2016,Celta Vigo,Daniel Wass,1,32 min 15 sec,92.8,48.4,28.47,15.32,8.4,Right Foot,direct,8,0.0471,0
547a81a24e2f0465bbbc6bfb6aa4d5e3,3825636,La Liga,2015-2016,Málaga,Adnane Tighadouini,2,61 min 9 sec,103.1,15.6,29.68,8.88,24.4,Right Foot,direct,1,0.0078,1
adb44c97b9c6987501d204b807d3eaec,3825636,La Liga,2015-2016,RC Deportivo La Coruña,Fede Cartabia,1,24 min 16 sec,97.7,68.3,36.03,7.92,28.3,Left Foot,direct,6,0.0064,0
a36d08a998d815a004edb3d39d083309,3825637,La Liga,2015-2016,Barcelona,Neymar,2,64 min 47 sec,100.2,32.3,21.24,19.99,7.7,Right Foot,direct,40,0.0878,0
ecd04288b39b16100ced1a6ef36a1463,3825637,La Liga,2015-2016,Barcelona,Ivan Rakitić,2,75 min 11 sec,95.8,45.6,24.84,17.86,5.6,Right Foot,direct,6,0.0792,0
e90ef4eede37fa27cd42ae5cf93478a3,3825637,La Liga,2015-2016,Barcelona,Neymar,1,44 min 3 sec,94.2,22.8,31.01,12.31,17.2,Right Foot,direct,40,0.0097,0
61265b115708314b3549d29284146ec6,3825638,La Liga,2015-2016,Atlético Madrid,Gabi,1,16 min 8 sec,96.1,29.9,25.95,16.22,10.1,Right Foot,direct,2,0.0651,0
7ecfd24c9d46ed971c751a9e4b0b9f7d,3825638,La Liga,2015-2016,Valencia,Zakaria Bakkali,2,87 min 31 sec,113.7,17.1,23.75,5.25,22.9,Right Foot,direct,1,0.0078,0
0c225eb5f73242fdd67c9f4b9c47793c,3825640,La Liga,2015-2016,Levante UD,Jefferson Lerma,1,13 min 23 sec,96.3,38.7,23.74,19.1,1.3,Right Foot,direct,1,0.0721,0
3694306a6ba4dce8285422d00e91d44d,3825643,La Liga,2015-2016,Real Madrid,Cristiano Ronaldo,2,93 min 22 sec,90.0,19.4,36.39,10.39,20.6,Right Foot,direct,70,0.007,0
b8059eb299fa7c5bd0a068c951dd3471,3825644,La Liga,2015-2016,Real Sociedad,Íñigo Martínez,1,45 min 42 sec,93.7,45.2,26.81,16.67,5.2,Left Foot,direct,2,0.0604,0
bb85649dd16493dde7b786e90dfbac6a,3825645,La Liga,2015-2016,Barcelona,Jérémy Mathieu,1,39 min 44 sec,93.6,60.5,33.42,10.86,20.5,Left Foot,direct,1,0.0085,0
cb3bfdff35958d4d933297924711ae51,3825647,La Liga,2015-2016,Valencia,Dani Parejo,2,70 min 27 sec,91.1,35.9,29.19,15.46,4.1,Right Foot,direct,20,0.039,0
6e00c7131cb1d43520889a9f3ae2d333,3825649,La Liga,2015-2016,Sporting Gijón,Jony,2,46 min 58 sec,91.3,47.7,29.71,14.83,7.7,Left Foot,direct,6,0.0371,0
06c99f8d71f2c13eba056b9f7aa2443b,3825651,La Liga,2015-2016,Granada,Piti,2,53 min 15 sec,94.2,19.7,32.83,11.0,20.3,Left Foot,direct,2,0.0085,0
78b533693ce6d8382e1fef6b2a0b5f14,3825653,La Liga,2015-2016,Getafe,Damián Suárez,2,51 min 59 sec,84.0,19.3,41.53,9.57,20.7,Right Foot,direct,1,0.0113,0
61a5178ead84436170130a57434f9d3a,3825654,La Liga,2015-2016,Celta Vigo,Fabián Orellana,2,57 min 41 sec,100.2,37.9,19.91,22.6,2.1,Right Foot,direct,4,0.0849,0
e4e2b80754da031c84796427478e9b14,3825654,La Liga,2015-2016,Celta Vigo,Daniel Wass,1,42 min 57 sec,87.6,28.8,34.28,12.6,11.2,Right Foot,direct,8,0.0128,0
a6ad4d1290cafbf16f74062e64f3b746,3825654,La Liga,2015-2016,Valencia,Dani Parejo,1,44 min 53 sec,98.2,30.8,23.66,17.78,9.2,Right Foot,direct,20,0.0883,1
67faeb30d6dc009bfcf1feee44861c32,3825654,La Liga,2015-2016,Celta Vigo,Nolito,1,27 min 59 sec,95.7,32.5,25.43,17.13,7.5,Right Foot,direct,14,0.0746,0
4645a13190982dc3d64b22b9e19a503f,3825656,La Liga,2015-2016,RC Deportivo La Coruña,Lucas Pérez,2,62 min 23 sec,99.8,62.8,30.46,10.05,22.8,Left Foot,direct,4,0.008,0
201c04d620826607ca120bd38c5d7c4b,3825656,La Liga,2015-2016,Levante UD,Víctor Camarasa,2,52 min 57 sec,95.2,33.0,25.77,17.02,7.0,Right Foot,direct,1,0.0699,1
c96da3a480242fe97047b0e4bb6c2c3c,3825656,La Liga,2015-2016,Levante UD,Rubén García,2,76 min 56 sec,95.3,46.6,25.57,17.22,6.6,Left Foot,direct,1,0.0658,0
f1ad578d5e4027345f7b788d78d57b7e,3825660,La Liga,2015-2016,Villarreal,Bruno Soriano,2,64 min 40 sec,93.0,40.4,27.0,16.85,0.4,Left Foot,direct,6,0.0601,0
989d1c5bd0b66aad2b2c5453f2f0059b,3825663,La Liga,2015-2016,Málaga,Duda,1,2 min 59 sec,100.3,26.3,24.0,15.72,13.7,Left Foot,direct,15,0.0679,0
727842a1d9c41e744c5e867541748e70,3825664,La Liga,2015-2016,Sevilla,Yevgen Konoplyanka,2,69 min 13 sec,90.7,38.6,29.33,15.51,1.4,Right Foot,direct,6,0.0374,0
8280a7adcd7a55d6f46d91b76716f3a0,3825664,La Liga,2015-2016,Real Sociedad,Sergio Canales,1,45 min 9 sec,89.6,34.3,30.93,14.5,5.7,Left Foot,direct,6,0.0372,0
53427b17bb6bbf7c1e1bc4e0651e751a,3825665,La Liga,2015-2016,Athletic Club,Beñat Etxebarria,1,43 min 38 sec,93.5,35.6,26.86,16.72,4.4,Right Foot,direct,13,0.0573,0
3f0cc234cdccfb21cfacf27dd5406765,3825668,La Liga,2015-2016,Levante UD,José Luis Morales,1,26 min 4 sec,94.3,40.8,25.71,17.68,0.8,Right Foot,direct,3,0.0668,0
695c262d33dfccf56134efd5487d32e8,3825669,La Liga,2015-2016,Rayo Vallecano,Patrick Ebert,2,54 min 33 sec,84.6,47.4,36.17,12.36,7.4,Right Foot,direct,1,0.0065,0
f1f10033164f989e72d401ce0926b3e1,3825669,La Liga,2015-2016,Getafe,Álvaro Vázquez,1,33 min 16 sec,90.9,27.2,31.79,13.17,12.8,Right Foot,direct,11,0.0304,0
41d0beab2667a5c5de61896f707aafe2,3825672,La Liga,2015-2016,Granada,Javi Márquez,1,24 min 30 sec,96.6,55.7,28.18,13.53,15.7,Left Foot,direct,6,0.0395,0
563a9919791f824bec57c2dc425a5c72,3825672,La Liga,2015-2016,Málaga,Duda,1,17 min 18 sec,84.4,40.8,35.61,12.82,0.8,Left Foot,direct,15,0.0163,0
dd7e2f788570b9d3cdda0814ffa88e14,3825673,La Liga,2015-2016,RC Deportivo La Coruña,Fayçal Fajr,2,93 min 44 sec,91.8,42.5,28.31,16.02,2.5,Right Foot,direct,8,0.0497,0
f2693ee0681e4b8a5dfd0bbeecd39020,3825674,La Liga,2015-2016,Atlético Madrid,Koke,1,39 min 30 sec,94.1,28.3,28.42,14.67,11.7,Right Foot,direct,4,0.0479,0
76d8d2ef87feb944049b8a1d368055ab,3825675,La Liga,2015-2016,Rayo Vallecano,Roberto Trashorras,2,65 min 43 sec,99.8,37.4,20.37,22.06,2.6,Right Foot,direct,7,0.0839,0
971fcd9b857a0bf243ec5d2eedfab7bd,3825676,La Liga,2015-2016,Villarreal,Denis Suárez,2,78 min 17 sec,88.9,35.7,31.4,14.39,4.3,Right Foot,direct,4,0.0329,0
04c7c1860a25e2c9cb670c3a951c57c5,3825678,La Liga,2015-2016,Real Madrid,Cristiano Ronaldo,2,89 min 48 sec,101.5,34.5,19.3,22.55,5.5,Right Foot,direct,70,0.0969,0
5b682b49508f48f711f3df1ed65060a1,3825678,La Liga,2015-2016,Real Madrid,Cristiano Ronaldo,2,53 min 13 sec,89.7,31.4,31.5,13.95,8.6,Right Foot,direct,70,0.0349,0
bf67d51de7211e85f4cc5cea0166068b,3825679,La Liga,2015-2016,Real Betis,Francisco Varela,2,71 min 24 sec,94.9,56.1,29.82,12.95,16.1,Left Foot,direct,1,0.0285,0
dd831a528c1e11a2d45feeaaec4b8613,3825679,La Liga,2015-2016,Real Betis,Joaquín,2,49 min 10 sec,92.3,34.4,28.26,15.81,5.6,Right Foot,direct,7,0.0513,0
94239ae8521859db08e3dabf728935fe,3825679,La Liga,2015-2016,Real Betis,Rafael van der Vaart,2,85 min 35 sec,93.1,41.7,26.95,16.85,1.7,Left Foot,direct,1,0.0576,0
986acd856299b591922bbfdcfa5b9e71,3825680,La Liga,2015-2016,RC Deportivo La Coruña,Lucas Pérez,1,25 min 28 sec,89.8,29.1,32.11,13.39,10.9,Left Foot,direct,4,0.0315,0
4d2a553c173c67eb20b572d7b8ea3abd,3825680,La Liga,2015-2016,RC Deportivo La Coruña,Lucas Pérez,1,21 min 52 sec,91.9,46.0,28.73,15.52,6.0,Left Foot,direct,4,0.0427,1
75709e3139582d8b258f79f6a909b3bc,3825680,La Liga,2015-2016,Sevilla,Yevgen Konoplyanka,1,10 min 25 sec,90.5,20.5,35.36,10.82,19.5,Right Foot,direct,6,0.0095,0
a0f2c7c11dd27d1cacad2f14397b2b4b,3825681,La Liga,2015-2016,Real Madrid,Cristiano Ronaldo,1,30 min 43 sec,83.4,34.4,37.03,12.19,5.6,Right Foot,direct,70,0.0091,0
f6c695418244d3c2b62b27d454764795,3825681,La Liga,2015-2016,Real Madrid,Cristiano Ronaldo,1,7 min 51 sec,103.4,15.3,29.76,8.68,24.7,Right Foot,direct,70,0.0085,0
ac53a1829f09a8e6cf55357138dc8f99,3825684,La Liga,2015-2016,Rayo Vallecano,Bebé,1,1 min 3 sec,83.8,50.8,37.78,11.6,10.8,Right Foot,direct,14,0.0072,0
f72ba6678a13571d1e02e98333e2c20c,3825687,La Liga,2015-2016,Espanyol,Víctor Sánchez,2,62 min 41 sec,93.3,39.5,26.7,17.03,0.5,Right Foot,direct,3,0.0624,0
db125b5c0abb1ae14117428b6377d261,3825689,La Liga,2015-2016,Celta Vigo,Nolito,1,15 min 17 sec,91.5,29.6,30.34,14.15,10.4,Right Foot,direct,14,0.0369,0
924469fa526bdc78d16449c8c28ce3cf,3825691,La Liga,2015-2016,Granada,Fran Rico,1,27 min 4 sec,97.6,27.5,25.65,15.6,12.5,Right Foot,direct,2,0.0613,0
f0c20b917c242874947161a883135d0f,3825692,La Liga,2015-2016,Sevilla,Éver Banega,2,70 min 4 sec,100.2,25.8,24.37,15.33,14.2,Right Foot,direct,6,0.0534,0
df12d31beb7256fbcda2742aeb6b1913,3825693,La Liga,2015-2016,Athletic Club,Beñat Etxebarria,2,57 min 16 sec,95.6,46.7,25.3,17.36,6.7,Right Foot,direct,13,0.0691,0
844270e2f871d698b15814ac80024bff,3825693,La Liga,2015-2016,Athletic Club,Beñat Etxebarria,1,42 min 6 sec,92.6,38.0,27.47,16.53,2.0,Right Foot,direct,13,0.0573,0
264ef1ec4e65a6e4d8fefcf2651c2394,3825693,La Liga,2015-2016,Athletic Club,Beñat Etxebarria,2,85 min 6 sec,93.5,33.3,27.33,16.17,6.7,Right Foot,direct,13,0.0486,0
3d388f6f2107d7e215034d1cbef7ba6c,3825694,La Liga,2015-2016,Valencia,Paco Alcácer,2,92 min 59 sec,90.2,39.9,29.8,15.29,0.1,Right Foot,direct,3,0.0349,0
c86605b4745b0a3d5d9adebf66022a5e,3825694,La Liga,2015-2016,Valencia,Paco Alcácer,2,54 min 25 sec,91.1,35.0,29.33,15.32,5.0,Right Foot,direct,3,0.0394,0
284bd3bf0edaf5c2ef23bf0a1d3f793c,3825696,La Liga,2015-2016,Málaga,Duda,1,19 min 55 sec,91.8,44.2,28.51,15.81,4.2,Left Foot,direct,15,0.0448,0
6c60a11c3e186adc7851cf0f8bd4abc4,3825697,La Liga,2015-2016,Valencia,Dani Parejo,2,79 min 1 sec,109.1,16.4,26.0,7.53,23.6,Right Foot,direct,20,0.0075,0
18b5a1dc18c795dabd28d668eba86116,3825697,La Liga,2015-2016,Getafe,Pablo Sarabia,1,9 min 40 sec,98.3,45.4,22.36,19.73,5.4,Left Foot,direct,6,0.0886,1
eee46ebf2bd94b1b71a96f086e29d4c9,3825698,La Liga,2015-2016,RC Deportivo La Coruña,Fede Cartabia,2,90 min 50 sec,97.3,66.5,34.89,8.59,26.5,Left Foot,direct,6,0.0068,0
78da73ef2ef745592a8e2b07ccb84cfe,3825699,La Liga,2015-2016,Sevilla,José Antonio Reyes,2,92 min 3 sec,96.6,57.0,28.92,12.85,17.0,Left Foot,direct,2,0.0272,0
746e54798b270a53468f2030ff3a4166,3825700,La Liga,2015-2016,Real Madrid,Gareth Bale,1,19 min 50 sec,92.8,56.3,31.71,12.4,16.3,Left Foot,direct,7,0.0093,0
5f6245fbfc62ca0f9e7f3d4422095873,3825701,La Liga,2015-2016,Málaga,Recio,2,51 min 49 sec,92.8,33.5,27.97,15.86,6.5,Right Foot,direct,7,0.0582,0
cb84904d872ad5cdfbda9f771675f70c,3825701,La Liga,2015-2016,Atlético Madrid,Yannick Carrasco,1,33 min 57 sec,92.1,33.9,28.56,15.6,6.1,Right Foot,direct,3,0.052,0
81054488f65b1104a2e75325eac75d04,3825703,La Liga,2015-2016,Athletic Club,Aymeric Laporte,1,1 min 49 sec,98.5,50.4,23.88,17.24,10.4,Left Foot,direct,3,0.0711,0
09f5f966bacae79dfdb86061fc573685,3825704,La Liga,2015-2016,Granada,Cristiano Biraghi,2,48 min 18 sec,88.3,54.3,34.78,12.0,14.3,Left Foot,direct,1,0.0088,0
22832469bc05f51fb74cd4d60d1ccbdc,3825704,La Liga,2015-2016,Celta Vigo,Daniel Wass,1,24 min 41 sec,90.9,36.9,29.26,15.48,3.1,Right Foot,direct,8,0.0474,0
1b3f9f549358875a11b0a0553436c0bb,3825705,La Liga,2015-2016,Eibar,Simone Verdi,2,71 min 30 sec,104.3,13.9,30.46,7.84,26.1,Right Foot,direct,5,0.0062,0
30eeb7a6b959f6a214c0b3913af9e1ec,3825705,La Liga,2015-2016,Eibar,Saúl Berjón,1,20 min 12 sec,114.1,17.3,23.45,5.05,22.7,Right Foot,direct,7,0.0085,0
a694c6aa16034eb40f1e660d9e916d7f,3825706,La Liga,2015-2016,Celta Vigo,Daniel Wass,2,52 min 57 sec,92.8,39.4,27.21,16.72,0.6,Right Foot,direct,8,0.0543,0
72aa4dfca2f2f54cb93990d849ff8a2a,3825708,La Liga,2015-2016,Málaga,Duda,2,78 min 1 sec,98.1,46.9,22.96,18.92,6.9,Left Foot,direct,15,0.0896,1
4ba8c4b0109714ec307c7c7f086aa90e,3825709,La Liga,2015-2016,Espanyol,Joan Jordán,2,75 min 39 sec,98.6,26.6,25.25,15.4,13.4,Right Foot,direct,3,0.0593,0
94d7532215eac9460fd91ab160c70d79,3825710,La Liga,2015-2016,Real Madrid,Cristiano Ronaldo,2,90 min 50 sec,85.3,31.9,35.63,12.49,8.1,Right Foot,direct,70,0.0099,0
eeefdd2ddd84a5032216f4bd72ce4331,3825710,La Liga,2015-2016,Real Sociedad,Rubén Pardo,2,47 min 22 sec,93.4,47.8,27.72,15.79,7.8,Right Foot,direct,8,0.0547,0
6049ed388b66efdab67c5498a93069d7,3825711,La Liga,2015-2016,Rayo Vallecano,Pablo Hernández,2,57 min 56 sec,100.5,22.6,26.13,13.16,17.4,Right Foot,direct,2,0.0422,0
59ef70f4f4b47b4f7df3ef5e6e1d9b83,3825712,La Liga,2015-2016,Getafe,Pablo Sarabia,1,12 min 9 sec,84.0,42.9,36.12,12.6,2.9,Left Foot,direct,6,0.0128,0
6e3f0b1c1e20da5d563b64d3569d3862,3825713,La Liga,2015-2016,Villarreal,Bruno Soriano,1,21 min 43 sec,97.7,48.8,23.97,17.71,8.8,Left Foot,direct,6,0.0813,0
d5cefeff4c206fce0e99615f299d94bc,3825713,La Liga,2015-2016,Villarreal,Bruno Soriano,2,63 min 13 sec,98.7,48.2,22.82,18.65,8.2,Left Foot,direct,6,0.0767,1
246b246b900c304bf0051868407f33a1,3825714,La Liga,2015-2016,Atlético Madrid,Antoine Griezmann,1,13 min 46 sec,101.7,57.2,25.11,13.4,17.2,Left Foot,direct,16,0.0473,0
666c196e63fe071af0026a3726c17791,3825716,La Liga,2015-2016,Real Sociedad,Rubén Pardo,2,49 min 20 sec,101.7,31.8,20.05,20.76,8.2,Right Foot,direct,8,0.0917,0
5ee7db1be7a767972d555088e35ecca0,3825716,La Liga,2015-2016,Real Sociedad,Bruma,2,61 min 52 sec,98.7,25.3,25.88,14.61,14.7,Right Foot,direct,3,0.0489,0
e359aec46499326cea8a450f4c1a87e1,3825716,La Liga,2015-2016,Rayo Vallecano,Roberto Trashorras,1,19 min 53 sec,109.4,17.6,24.78,8.07,22.4,Right Foot,direct,7,0.0079,0
1cb769e3f76ec881ab17787f9d93133e,3825718,La Liga,2015-2016,Real Madrid,Gareth Bale,2,47 min 19 sec,94.8,46.1,25.93,17.08,6.1,Left Foot,direct,7,0.0652,0
543a6382c745f664aa3e65f1cfb517bb,3825718,La Liga,2015-2016,Valencia,Dani Parejo,1,13 min 42 sec,92.4,49.5,29.19,14.79,9.5,Right Foot,direct,20,0.0451,0
dfcfe588f431dba4a27a6fbfc28e0993,3825721,La Liga,2015-2016,RC Deportivo La Coruña,Lucas Pérez,2,89 min 40 sec,91.7,48.7,29.61,14.74,8.7,Left Foot,direct,4,0.0419,0
6be394e0251a70483d90203e648a4d25,3825722,La Liga,2015-2016,Sporting Gijón,Antonio Sanabria,2,52 min 40 sec,91.7,31.0,29.7,14.65,9.0,Right Foot,direct,2,0.036,0
2bf326c8312e2755e9ed917a0fa5cbd4,3825723,La Liga,2015-2016,Rayo Vallecano,Roberto Trashorras,2,85 min 16 sec,83.6,41.2,36.42,12.53,1.2,Right Foot,direct,7,0.0112,0
4dd399696be0afcd97e7438f153b7cda,3825725,La Liga,2015-2016,Real Betis,Rubén Castro,1,27 min 34 sec,94.6,33.9,26.12,16.96,6.1,Right Foot,direct,4,0.065,0
247ba342ca715492776badade1448ecf,3825728,La Liga,2015-2016,Atlético Madrid,Gabi,2,88 min 11 sec,96.0,34.4,24.64,17.99,5.6,Right Foot,direct,2,0.0697,0
5f65efbf9d54222955706d4081a6caff,3825728,La Liga,2015-2016,Celta Vigo,Daniel Wass,2,72 min 53 sec,95.1,37.4,25.04,18.06,2.6,Right Foot,direct,8,0.0777,0
4d0e73c1c727e3e18a3e7d8aecb71800,3825729,La Liga,2015-2016,Sporting Gijón,Alen Halilović,2,91 min 8 sec,96.0,52.3,26.97,15.11,12.3,Left Foot,direct,3,0.0526,0
eea6bc9356451954a6b66515c1e5ac7b,3825731,La Liga,2015-2016,Málaga,Recio,1,10 min 53 sec,101.0,34.3,19.84,21.93,5.7,Right Foot,direct,7,0.0958,0
31254afd2fe52bb609cdc7eb604bf7a4,3825731,La Liga,2015-2016,Málaga,Juanpi,1,3 min 57 sec,94.2,54.4,29.55,13.54,14.4,Left Foot,direct,3,0.0378,0
c36811c3ff130c077094130c75c223bc,3825735,La Liga,2015-2016,Villarreal,Bruno Soriano,2,73 min 31 sec,91.0,44.7,29.38,15.32,4.7,Left Foot,direct,6,0.0449,0
9b532f5d6236504f5df0a023e69fcda0,3825737,La Liga,2015-2016,Getafe,Pedro León,1,41 min 12 sec,93.5,22.4,31.81,12.02,17.6,Right Foot,direct,15,0.0095,0
cf093fa21591572f95056fea3e485a58,3825737,La Liga,2015-2016,Espanyol,Salva Sevilla,2,55 min 28 sec,101.2,30.6,21.02,19.45,9.4,Right Foot,direct,4,0.0765,0
e57ba83652acc09d99a135258f16074a,3825739,La Liga,2015-2016,Real Madrid,Gareth Bale,1,28 min 48 sec,86.3,51.0,35.45,12.26,11.0,Left Foot,direct,7,0.0082,0
bcee6014ace7c0c3d18eed216583d008,3825740,La Liga,2015-2016,Eibar,Saúl Berjón,2,86 min 10 sec,86.5,67.1,43.09,8.28,27.1,Right Foot,direct,7,0.0081,0
c76ea39fa6545b2fb6f5ff28032641aa,3825741,La Liga,2015-2016,Real Sociedad,Asier Illarramendi,2,60 min 26 sec,92.7,31.3,28.65,15.18,8.7,Right Foot,direct,4,0.0466,0
953c3721f7e2357ef2d9a5ec517ac395,3825742,La Liga,2015-2016,Granada,Rubén Rochina,2,48 min 3 sec,98.4,62.2,30.97,10.38,22.2,Left Foot,direct,12,0.01,0
f94476c981acd8b7f25922ad73d2965b,3825744,La Liga,2015-2016,Villarreal,Denis Suárez,2,66 min 21 sec,95.8,33.6,25.03,17.59,6.4,Right Foot,direct,4,0.0701,0
706b5fa8445cdf1d919daca0cb97ead4,3825744,La Liga,2015-2016,Villarreal,Roberto Soldado,2,57 min 26 sec,92.7,36.6,27.51,16.43,3.4,Right Foot,direct,1,0.0526,0
dcb139d8456387bfd19fbf31789e30fc,3825748,La Liga,2015-2016,Atlético Madrid,Yannick Carrasco,2,92 min 59 sec,95.9,37.4,24.24,18.64,2.6,Right Foot,direct,3,0.0793,0
06c14ae7748180184d2addbc53810dcd,3825749,La Liga,2015-2016,Levante UD,Verza,1,24 min 40 sec,94.6,50.7,27.56,15.28,10.7,Right Foot,direct,7,0.0498,0
1f0635b7c3605f61844cf957fed0f2ca,3825749,La Liga,2015-2016,Las Palmas,Mubarak Wakaso,2,55 min 47 sec,86.7,53.5,35.93,11.8,13.5,Left Foot,direct,2,0.0074,0
6b63041b2f865379eb08db402b70d2ca,3825751,La Liga,2015-2016,Athletic Club,Beñat Etxebarria,2,86 min 50 sec,99.6,30.9,22.34,18.67,9.1,Right Foot,direct,13,0.0772,0
85f39fd644ce249c6de523e4158f1693,3825751,La Liga,2015-2016,Getafe,Pedro León,2,90 min 36 sec,88.4,48.8,32.8,13.41,8.8,Right Foot,direct,15,0.0236,0
04282766c3fdcc75403ad9be6bb1917f,3825751,La Liga,2015-2016,Athletic Club,Beñat Etxebarria,2,50 min 35 sec,90.7,28.2,31.59,13.43,11.8,Right Foot,direct,13,0.0295,0
9fe2f023c50615c11619727563506c43,3825752,La Liga,2015-2016,Málaga,Recio,2,56 min 47 sec,96.9,24.0,28.1,13.44,16.0,Right Foot,direct,7,0.0412,0
14907074f478abaaf1b4a482ce18794a,3825755,La Liga,2015-2016,Sporting Gijón,Jony,2,53 min 29 sec,96.3,55.3,28.21,13.67,15.3,Left Foot,direct,6,0.0456,0
0e28971c8e0f7299cc6badd269d711d7,3825755,La Liga,2015-2016,Valencia,Dani Parejo,2,70 min 20 sec,100.2,20.2,28.0,11.65,19.8,Right Foot,direct,20,0.0113,0
78981d94f998f422d654689dbde93d23,3825757,La Liga,2015-2016,Espanyol,Joan Jordán,2,84 min 16 sec,90.2,43.3,29.98,15.11,3.3,Right Foot,direct,3,0.0418,0
19e616d092763ee31ff8421d1c75c6cb,3825757,La Liga,2015-2016,Real Madrid,Cristiano Ronaldo,2,68 min 35 sec,99.8,19.3,28.92,11.14,20.7,Right Foot,direct,70,0.0111,0
e479be3bdfa61551cc1a5dbb8d53b317,3825757,La Liga,2015-2016,Real Madrid,James Rodríguez,1,33 min 14 sec,90.3,49.3,31.12,14.01,9.3,Left Foot,direct,8,0.0379,0
2adb1404c86959fa61a3c390eda18f6b,3825759,La Liga,2015-2016,Getafe,Pedro León,2,74 min 53 sec,94.8,44.8,25.65,17.43,4.8,Right Foot,direct,15,0.0628,0
0471b6ba790778ad23f620319cdf5cfa,3825759,La Liga,2015-2016,Getafe,Pedro León,1,18 min 46 sec,89.2,48.5,31.95,13.78,8.5,Right Foot,direct,15,0.0272,0
1213a3ba0098a6b3b4bebbcece9c2a8e,3825760,La Liga,2015-2016,Eibar,Saúl Berjón,2,93 min 11 sec,100.3,18.5,29.16,10.7,21.5,Right Foot,direct,7,0.0108,0
597c98957478a6ea322dac97b84be526,3825763,La Liga,2015-2016,Rayo Vallecano,Bebé,1,31 min 6 sec,81.9,35.2,38.4,11.8,4.8,Right Foot,direct,14,0.0075,0
84f54457bec5bd23981f1923e89d97e6,3825765,La Liga,2015-2016,Celta Vigo,Daniel Wass,1,25 min 29 sec,82.3,39.9,37.7,12.11,0.1,Right Foot,direct,8,0.0072,0
209d94a898e9b0c360c7cb2dbbce9efc,3825766,La Liga,2015-2016,Real Betis,Juan Manuel Vargas,2,85 min 19 sec,96.2,42.5,23.93,18.88,2.5,Left Foot,direct,5,0.0841,0
ad65dcf6503a42f61074e05e2c75811a,3825766,La Liga,2015-2016,Real Betis,Juan Manuel Vargas,2,62 min 57 sec,95.7,50.8,26.59,15.71,10.8,Left Foot,direct,5,0.0611,0
bb172f1ddfd9ec073a3143e2bbfcbe71,3825768,La Liga,2015-2016,Rayo Vallecano,Roberto Trashorras,2,84 min 27 sec,107.2,11.7,31.06,6.16,28.3,Right Foot,direct,7,0.0075,0
7b548117563fe99199666bf226cc1151,3825768,La Liga,2015-2016,Rayo Vallecano,Bebé,2,50 min 3 sec,100.7,58.5,26.73,12.46,18.5,Right Foot,direct,14,0.0152,0
d21d33cb0db97ec9d3da922a5622cf52,3825768,La Liga,2015-2016,Rayo Vallecano,Bebé,1,18 min 6 sec,86.6,32.1,34.32,12.95,7.9,Right Foot,direct,14,0.0212,0
fd93dad9c531cf0b1ff00f0911aca9cb,3825770,La Liga,2015-2016,Real Madrid,Cristiano Ronaldo,2,52 min 9 sec,100.5,25.3,24.42,15.05,14.7,Right Foot,direct,70,0.0552,0
c1e936a061624ae7f6ec7c15e4240a4d,3825772,La Liga,2015-2016,Valencia,Dani Parejo,1,13 min 57 sec,92.8,22.3,32.45,11.85,17.7,Right Foot,direct,20,0.0108,0
d2165aa120f20717d5eec7d74338b934,3825772,La Liga,2015-2016,Valencia,Dani Parejo,1,8 min 50 sec,91.0,41.3,29.03,15.68,1.3,Right Foot,direct,20,0.0489,0
5a95c1523724d8e7794cc7642962ab24,3825774,La Liga,2015-2016,Getafe,Pedro León,1,44 min 47 sec,84.3,36.6,35.86,12.67,3.4,Right Foot,direct,15,0.0152,0
03df92f69ca334305adcec85977aff71,3825775,La Liga,2015-2016,Granada,Fran Rico,2,91 min 47 sec,95.1,24.1,29.54,13.09,15.9,Right Foot,direct,2,0.0389,0
15dba0b7acf42aacf140807ad555dee5,3825775,La Liga,2015-2016,Granada,Rubén Rochina,2,74 min 12 sec,97.6,28.9,25.0,16.4,11.1,Left Foot,direct,12,0.0682,0
11142268e1f8809cc63709275ddabf50,3825777,La Liga,2015-2016,Getafe,Víctor Rodríguez,2,88 min 47 sec,99.1,21.6,27.85,12.42,18.4,Right Foot,direct,1,0.0122,0
4de860008c629783c5a493f4b062f649,3825777,La Liga,2015-2016,Levante UD,Verza,1,1 min 19 sec,94.7,43.3,25.51,17.68,3.3,Right Foot,direct,7,0.0644,0
d8f90905ac6c3285125b92e7d2c14179,3825778,La Liga,2015-2016,Sporting Gijón,Carlos Carmona,1,33 min 55 sec,106.9,17.2,26.3,8.82,22.8,Right Foot,direct,1,0.008,0
1f5e3aea51e80ee2e8baaac2e7f50898,3825782,La Liga,2015-2016,Granada,Rubén Rochina,2,49 min 27 sec,96.5,47.8,24.76,17.48,7.8,Left Foot,direct,12,0.0713,0
aa4408b6abae7c6f96c1ec595ba07c65,3825783,La Liga,2015-2016,Athletic Club,Beñat Etxebarria,1,13 min 26 sec,98.3,20.6,29.11,11.8,19.4,Right Foot,direct,13,0.0111,0
1b25c4caa193a5db35459f77a657e22d,3825786,La Liga,2015-2016,Eibar,Saúl Berjón,2,73 min 9 sec,92.3,30.9,29.16,14.88,9.1,Right Foot,direct,7,0.0411,0
f8c16e551406b015f07b0405d9b057c8,3825786,La Liga,2015-2016,Las Palmas,Jonathan Viera,1,34 min 47 sec,93.4,25.8,30.15,13.4,14.2,Right Foot,direct,14,0.0362,0
a47bbdb7705b67e6766426dd0dcfefb0,3825787,La Liga,2015-2016,Real Madrid,Cristiano Ronaldo,1,31 min 16 sec,95.6,27.6,27.37,14.91,12.4,Right Foot,direct,70,0.0435,0
254fc8b32050ce3becce6d2e9410c7fc,3825788,La Liga,2015-2016,Celta Vigo,Iago Aspas,1,18 min 30 sec,90.3,45.5,30.2,14.85,5.5,Left Foot,direct,7,0.0432,0
118666b8eadc7764a14992112386a266,3825788,La Liga,2015-2016,Getafe,Álvaro Vázquez,2,81 min 39 sec,97.4,26.2,26.48,14.78,13.8,Right Foot,direct,11,0.0479,0
674c89b15f45559cd7913047d5f2c6cc,3825789,La Liga,2015-2016,Málaga,Recio,1,20 min 24 sec,97.3,29.0,25.22,16.32,11.0,Right Foot,direct,7,0.0647,0
f653d6ffaa1c927907f49c6634c1198f,3825789,La Liga,2015-2016,Real Sociedad,Rubén Pardo,2,82 min 52 sec,91.1,31.2,30.21,14.46,8.8,Right Foot,direct,8,0.04,0
efcd81af7a88342aa5bf389c005212bf,3825790,La Liga,2015-2016,Espanyol,Marco Asensio Willemsen,1,22 min 36 sec,113.2,63.8,24.75,5.21,23.8,Left Foot,direct,6,0.0077,0
2a464bb2c9b5c0fbebf6dcd3ce1023f8,3825790,La Liga,2015-2016,Espanyol,Marco Asensio Willemsen,1,35 min 51 sec,96.9,56.9,28.62,12.96,16.9,Left Foot,direct,6,0.0308,0
2ecb77fa0d38e086e546603f14d8d5b8,3825790,La Liga,2015-2016,Sporting Gijón,Jony,2,91 min 37 sec,85.4,33.9,35.13,12.8,6.1,Left Foot,direct,6,0.0174,0
53b50541ee203ec3e69fe58dae742fb3,3825791,La Liga,2015-2016,Real Betis,Joaquín,1,39 min 0 sec,98.6,19.1,29.91,11.02,20.9,Right Foot,direct,7,0.011,0
3559df7757ef1988c9fcf63c6b56d3b4,3825791,La Liga,2015-2016,Real Betis,Juan Manuel Vargas,2,91 min 20 sec,104.0,63.5,28.43,9.18,23.5,Left Foot,direct,5,0.0079,0
dd083e286a1e29b2ee8bf67a2936c1f9,3825792,La Liga,2015-2016,Granada,David Barral,2,95 min 21 sec,98.5,32.1,22.91,18.68,7.9,Right Foot,direct,1,0.0806,0
047f985a9c4f2c9507342f449604f6fd,3825793,La Liga,2015-2016,Valencia,Dani Parejo,2,52 min 29 sec,85.9,33.5,34.71,12.92,6.5,Right Foot,direct,20,0.0217,0
4aa8a577792df5e577e413eafb7ac37b,3825793,La Liga,2015-2016,Athletic Club,Beñat Etxebarria,1,39 min 21 sec,86.7,29.6,34.89,12.51,10.4,Right Foot,direct,13,0.011,0
e87f46292b41baef4e61f36026f17b3d,3825794,La Liga,2015-2016,Levante UD,Verza,1,41 min 43 sec,100.5,27.5,23.16,16.68,12.5,Right Foot,direct,7,0.0688,0
121334e585eaa5cdb50621b6139d3a5e,3825795,La Liga,2015-2016,Atlético Madrid,Koke,2,79 min 11 sec,90.6,31.5,30.6,14.33,8.5,Right Foot,direct,4,0.0343,0
808ec82ba0e0762836ee04c897d7c08a,3825796,La Liga,2015-2016,Getafe,Pablo Sarabia,1,42 min 28 sec,87.1,47.9,33.84,13.12,7.9,Left Foot,direct,6,0.0241,0
f3230a7071eb9e1348993b6e5b30ee5b,3825800,La Liga,2015-2016,Celta Vigo,Marcelo Díaz,2,60 min 33 sec,97.1,20.4,30.14,11.6,19.6,Right Foot,direct,4,0.0106,0
ee5136fb17fc7e455e69566e1bbfffb7,3825800,La Liga,2015-2016,Celta Vigo,Nolito,1,28 min 8 sec,96.4,23.2,28.97,12.92,16.8,Right Foot,direct,14,0.0306,0
6b802ba5d0e6ccbe8fa9d2a429b97fff,3825800,La Liga,2015-2016,Celta Vigo,Daniel Wass,2,67 min 8 sec,97.1,25.2,27.27,14.14,14.8,Right Foot,direct,8,0.0422,0
eddc0277e42d23328cb3502855d69f4e,3825801,La Liga,2015-2016,Eibar,Saúl Berjón,2,92 min 47 sec,106.5,16.9,26.76,8.77,23.1,Right Foot,direct,7,0.0097,0
c76ffae8bb6a5cf4b8c86d523a525948,3825802,La Liga,2015-2016,Real Betis,Juan Manuel Vargas,1,1 min 41 sec,103.6,67.3,31.85,7.49,27.3,Left Foot,direct,5,0.0076,0
18e58fdf2b412a07895dcb251b9c0185,3825802,La Liga,2015-2016,Espanyol,Marco Asensio Willemsen,1,37 min 50 sec,88.0,44.4,32.3,13.99,4.4,Left Foot,direct,6,0.0295,0
e934d606d4aaae806c33b7bf95c76182,3825803,La Liga,2015-2016,Granada,Rubén Rochina,2,79 min 11 sec,96.2,62.2,32.55,10.34,22.2,Left Foot,direct,12,0.0081,0
f458770d0ddf388a512d49d2994ab0f7,3825806,La Liga,2015-2016,Celta Vigo,Fabián Orellana,1,43 min 12 sec,95.2,42.9,24.97,18.09,2.9,Right Foot,direct,4,0.0705,0
6a292547bcb91b1d4ded22f015431102,3825806,La Liga,2015-2016,Real Madrid,Cristiano Ronaldo,2,59 min 12 sec,93.8,22.6,31.45,12.15,17.4,Right Foot,direct,70,0.0108,0
5b14e96eadfceee326ed87fa92a40671,3825806,La Liga,2015-2016,Real Madrid,Cristiano Ronaldo,2,57 min 7 sec,96.4,26.9,26.99,14.84,13.1,Right Foot,direct,70,0.0521,1
1be1575a1e230625390528c06990845c,3825808,La Liga,2015-2016,Sporting Gijón,Jony,2,52 min 44 sec,94.7,53.2,28.54,14.23,13.2,Left Foot,direct,6,0.0458,0
4f4496f3b804060becf391e43a3955dc,3825808,La Liga,2015-2016,Athletic Club,Beñat Etxebarria,1,26 min 52 sec,99.0,18.9,29.77,10.93,21.1,Right Foot,direct,13,0.0125,1
23a6d2e950f17c6115acf5fd6ff16b4f,3825809,La Liga,2015-2016,Real Betis,Rubén Castro,2,94 min 13 sec,100.0,32.4,21.4,19.91,7.6,Right Foot,direct,4,0.0831,1
ec08388a0d940322ec3f2ec1b2d690a9,3825812,La Liga,2015-2016,Málaga,Juanpi,2,52 min 37 sec,94.2,36.7,26.01,17.35,3.3,Left Foot,direct,3,0.0582,0
35b9fe17b8306eafb1e823be95515d8e,3825818,La Liga,2015-2016,Las Palmas,Jonathan Viera,1,16 min 11 sec,83.1,46.0,37.38,12.06,6.0,Right Foot,direct,14,0.0074,0
bc09eec51986054bae3905329abdda50,3825818,La Liga,2015-2016,Real Sociedad,Asier Illarramendi,1,4 min 23 sec,93.6,37.3,26.54,17.06,2.7,Right Foot,direct,4,0.0608,0
67c4c6353576e364e7be338279970450,3825820,La Liga,2015-2016,Real Madrid,Cristiano Ronaldo,2,62 min 42 sec,100.0,19.5,28.64,11.25,20.5,Right Foot,direct,70,0.0123,0
5975c9dceebaa5bea47837f872cd7c8b,3825821,La Liga,2015-2016,Espanyol,Marco Asensio Willemsen,1,36 min 29 sec,96.0,40.7,24.01,18.91,0.7,Left Foot,direct,6,0.0698,0
445904f5383c4f01e572fb942211111f,3825823,La Liga,2015-2016,Real Sociedad,Asier Illarramendi,1,25 min 21 sec,96.7,23.5,28.55,13.13,16.5,Right Foot,direct,4,0.0334,0
f632ec77049ff2154da85daf10252711,3825823,La Liga,2015-2016,Sevilla,José Antonio Reyes,1,18 min 18 sec,96.9,50.5,25.37,16.4,10.5,Left Foot,direct,2,0.0638,0
302dbd7c185561e2ce719937b4b92d68,3825825,La Liga,2015-2016,Levante UD,José Luis Morales,2,48 min 0 sec,99.1,29.7,23.3,17.61,10.3,Right Foot,direct,3,0.0751,0
bac8d1a984f1f49fb00f462bc1f82ee5,3825825,La Liga,2015-2016,Levante UD,Verza,1,34 min 22 sec,88.8,36.5,31.4,14.43,3.5,Right Foot,direct,7,0.027,0
c01fb96a352f433853406043c9e3c86a,3825825,La Liga,2015-2016,Sporting Gijón,Jony,1,9 min 55 sec,92.7,52.3,29.94,13.93,12.3,Left Foot,direct,6,0.035,0
24781f4591e1ef0417c9e9206571bae9,3825826,La Liga,2015-2016,Granada,Rubén Rochina,2,49 min 50 sec,114.1,62.1,22.87,5.32,22.1,Left Foot,direct,12,0.0093,0
5e293af09cec3d03e5bcd05f770eaf83,3825827,La Liga,2015-2016,Levante UD,Joan Verdú,1,36 min 16 sec,91.8,42.3,28.29,16.04,2.3,Right Foot,direct,3,0.0534,0
d396d1329552063d07518c62ce7bdb95,3825829,La Liga,2015-2016,Athletic Club,Markel Susaeta,1,10 min 18 sec,92.2,24.8,31.68,12.69,15.2,Right Foot,direct,6,0.017,0
a95d3ccb173af7d7c778af75111194df,3825830,La Liga,2015-2016,Getafe,Pablo Sarabia,1,26 min 41 sec,99.7,57.2,26.61,13.21,17.2,Left Foot,direct,6,0.0442,0
e4a6ded862f0b9d459c5b666276c098a,3825831,La Liga,2015-2016,Valencia,Dani Parejo,1,40 min 46 sec,91.7,36.4,28.53,15.84,3.6,Right Foot,direct,20,0.0516,1
4d2fc59b45bcfff52e07a2651977a2be,3825831,La Liga,2015-2016,Valencia,Dani Parejo,1,36 min 11 sec,103.6,15.3,29.65,8.64,24.7,Right Foot,direct,20,0.0088,0
ef888ded2e29494dfc19f0a50c7c8a0a,3825831,La Liga,2015-2016,Valencia,Dani Parejo,1,6 min 1 sec,95.8,21.4,30.52,11.94,18.6,Right Foot,direct,20,0.0101,0
2e0eca711605f171e185135dccefdad4,3825833,La Liga,2015-2016,Real Madrid,Cristiano Ronaldo,2,85 min 13 sec,81.7,32.6,39.01,11.5,7.4,Right Foot,direct,70,0.0072,0
948b172f2d8b7bd621cb78e4845d4728,3825833,La Liga,2015-2016,Real Madrid,Cristiano Ronaldo,1,5 min 8 sec,97.8,15.0,33.43,9.16,25.0,Right Foot,direct,70,0.0071,0
e85a6ef6b576f3948036573dc0c7f3a4,3825834,La Liga,2015-2016,Granada,Rubén Rochina,2,88 min 27 sec,90.1,47.2,30.75,14.43,7.2,Left Foot,direct,12,0.0349,0
452df03c89379dcd6ce21b7b2f2a7b5b,3825835,La Liga,2015-2016,Málaga,Juanpi,2,58 min 53 sec,92.4,39.0,27.62,16.47,1.0,Left Foot,direct,3,0.0569,0
ef123dfec7055f99fa5f989aac3dff6c,3825838,La Liga,2015-2016,Athletic Club,Beñat Etxebarria,1,23 min 20 sec,94.4,23.9,30.24,12.84,16.1,Right Foot,direct,13,0.028,0
26405848c3924aa178a58e91b0f83bde,3825840,La Liga,2015-2016,Valencia,Dani Parejo,2,59 min 57 sec,94.3,22.8,30.92,12.33,17.2,Right Foot,direct,20,0.0117,0
7f0ba507e889024e99ff7d5dc3704eda,3825843,La Liga,2015-2016,Rayo Vallecano,Diego Llorente,1,34 min 26 sec,55.4,19.6,67.74,6.45,20.4,Right Foot,direct,1,0.0028,0
4e93f6898bb0aa77035d6a5bad2e5f5f,3825845,La Liga,2015-2016,Sevilla,Vicente Iborra,1,32 min 42 sec,95.7,44.9,24.79,17.99,4.9,Right Foot,direct,1,0.0777,0
8e204ec2d8fbad49562bced6c272560f,3825846,La Liga,2015-2016,Real Madrid,Cristiano Ronaldo,1,44 min 41 sec,87.8,41.9,32.26,14.11,1.9,Right Foot,direct,70,0.0253,0
79c1729ea64f7f67b2e429163b2a50a9,3825847,La Liga,2015-2016,Eibar,Izet Hajrović,2,56 min 14 sec,97.1,20.1,30.34,11.45,19.9,Left Foot,direct,1,0.0102,0
07f3bc2b83f8fef28110d753992935f9,3825848,La Liga,2015-2016,Levante UD,Nabil Ghilas,2,60 min 30 sec,100.5,21.8,26.67,12.64,18.2,Right Foot,direct,1,0.0193,0
58d48ab37acaf6ef5a25e3eac114d775,3825849,La Liga,2015-2016,Real Sociedad,Bruma,2,87 min 52 sec,94.0,33.1,26.9,16.38,6.9,Right Foot,direct,3,0.0566,0
1c26f118995e4e858ba47584e2bb7180,3825850,La Liga,2015-2016,Málaga,Duda,2,92 min 37 sec,93.1,36.0,27.2,16.56,4.0,Left Foot,direct,15,0.0621,0
52a73396c8a54855ec6dc0719e0be802,3825850,La Liga,2015-2016,Celta Vigo,Fabián Orellana,2,46 min 45 sec,92.2,37.0,27.96,16.19,3.0,Right Foot,direct,4,0.0551,0
c07d9c02d2b6b9aaad0c7a0350289ce6,3825850,La Liga,2015-2016,Málaga,Recio,1,44 min 17 sec,101.9,27.8,21.83,17.46,12.2,Right Foot,direct,7,0.0747,0
a35aaf169f335597abc3bf754f54add1,3825850,La Liga,2015-2016,Málaga,Recio,1,35 min 39 sec,96.3,25.8,27.63,14.24,14.2,Right Foot,direct,7,0.0407,0
8f171dd68bb679d672624e88c7e3451b,3825851,La Liga,2015-2016,RC Deportivo La Coruña,Fayçal Fajr,2,51 min 51 sec,83.3,34.2,37.16,12.14,5.8,Right Foot,direct,8,0.0083,0
d8ee9baee9e49da28e93affadaf167eb,3825851,La Liga,2015-2016,RC Deportivo La Coruña,Fayçal Fajr,1,10 min 41 sec,89.3,25.8,33.82,12.28,14.2,Right Foot,direct,8,0.0075,0
68e5e4de485b8a8801ebf01c25fb0b18,3825851,La Liga,2015-2016,Villarreal,Denis Suárez,2,88 min 44 sec,96.2,27.6,26.84,15.13,12.4,Right Foot,direct,4,0.0469,0
aa94559478881ef14a927c68fecedcc6,3825852,La Liga,2015-2016,Las Palmas,Mauricio Lemos,2,51 min 22 sec,90.0,38.2,30.05,15.14,1.8,Right Foot,direct,3,0.034,0
93876f5818197ff18d7e95229156e205,3825852,La Liga,2015-2016,Las Palmas,Jonathan Viera,1,33 min 31 sec,96.6,28.6,26.03,15.8,11.4,Right Foot,direct,14,0.0651,0
dd132750c9fd65ddb307778a71cd66ec,3825854,La Liga,2015-2016,Eibar,Iván Ramis,1,7 min 32 sec,91.3,24.5,32.62,12.36,15.5,Right Foot,direct,2,0.0098,0
bffee17c4c8f795b981017a3f47aa20d,3825856,La Liga,2015-2016,Real Madrid,James Rodríguez,1,37 min 23 sec,99.4,60.3,28.92,11.36,20.3,Left Foot,direct,8,0.0126,0
31d3c75ceecc9e6b552f6727b271ce36,3825856,La Liga,2015-2016,Real Madrid,James Rodríguez,1,4 min 11 sec,101.1,44.9,19.52,22.49,4.9,Left Foot,direct,8,0.096,1
ab13b3cd991fa3271e3d592df41a4a46,3825857,La Liga,2015-2016,Levante UD,Giuseppe Rossi,1,22 min 36 sec,103.4,62.7,28.12,9.73,22.7,Left Foot,direct,2,0.009,1
6af62695e55ae094dc3a133cbd1e422f,3825858,La Liga,2015-2016,Eibar,Iván Ramis,1,45 min 33 sec,92.5,46.3,28.21,15.75,6.3,Right Foot,direct,2,0.0544,0
6b6fafb00bdba242c27108d862edb859,3825858,La Liga,2015-2016,Rayo Vallecano,Bebé,2,87 min 34 sec,102.5,17.4,28.58,9.91,22.6,Right Foot,direct,14,0.0088,0
ae67bb4aea82a622e4cad522aae6e7ed,3825859,La Liga,2015-2016,Las Palmas,Jonathan Viera,2,76 min 59 sec,94.5,42.9,25.66,17.61,2.9,Right Foot,direct,14,0.0585,0
caa6d35c29ce21c4d7221dcda44adc97,3825859,La Liga,2015-2016,Granada,Rubén Rochina,1,5 min 34 sec,96.6,39.6,23.4,19.4,0.4,Left Foot,direct,12,0.0851,0
6b86bcf6dd91fe8e1985eed3fdc825d9,3825860,La Liga,2015-2016,Atlético Madrid,Yannick Carrasco,2,75 min 26 sec,96.1,36.6,24.14,18.64,3.4,Right Foot,direct,3,0.0704,0
1771c38f47e0e4f62edc1dc4be383efa,3825860,La Liga,2015-2016,Levante UD,José Luis Morales,2,65 min 17 sec,100.7,27.9,22.78,17.07,12.1,Right Foot,direct,3,0.0733,0
d9d27c3b112e418c1b417895c41846b7,3825864,La Liga,2015-2016,Real Sociedad,Bruma,2,70 min 1 sec,89.0,41.7,31.05,14.66,1.7,Right Foot,direct,3,0.0332,0
9ade9e17f05e4ca023b68fef64189814,3825865,La Liga,2015-2016,Getafe,Pedro León,2,82 min 15 sec,98.0,54.9,26.57,14.31,14.9,Right Foot,direct,15,0.0463,0
e76adc5dd8cdc69157f8205279c291b1,3825867,La Liga,2015-2016,Sevilla,Éver Banega,1,24 min 44 sec,110.4,16.2,25.66,6.82,23.8,Right Foot,direct,6,0.0077,0
acdcdbddd571a693fa71875433194c60,3825867,La Liga,2015-2016,Sevilla,Éver Banega,2,78 min 53 sec,101.6,37.1,18.63,23.98,2.9,Right Foot,direct,6,0.1208,1
eae79c875504110b7565ffa3549b4afe,3825870,La Liga,2015-2016,Athletic Club,Beñat Etxebarria,1,42 min 11 sec,101.0,26.8,23.14,16.32,13.2,Right Foot,direct,13,0.0642,0
fe95b7786ece7a7ea22ca61f3fcc4d2c,3825872,La Liga,2015-2016,Real Betis,Álvaro Cejudo,1,13 min 18 sec,84.8,44.5,35.49,12.76,4.5,Right Foot,direct,3,0.0149,0
bc2f52fc3c5f678584ca26f748927800,3825874,La Liga,2015-2016,Sevilla,Yevgen Konoplyanka,1,33 min 17 sec,88.1,49.1,33.17,13.24,9.1,Right Foot,direct,6,0.0223,0
e9d23920a0115ea4f1932397c23d6251,3825874,La Liga,2015-2016,Sevilla,Éver Banega,1,40 min 27 sec,88.4,29.3,33.36,12.98,10.7,Right Foot,direct,6,0.0238,0
44e38c486f3d7889c3578dcde97d78b3,3825875,La Liga,2015-2016,Villarreal,Bruno Soriano,1,24 min 2 sec,100.2,46.0,20.69,21.03,6.0,Left Foot,direct,6,0.0874,0
9cf7abc3035910052db467096fcb2aef,3825876,La Liga,2015-2016,Getafe,Pedro León,2,78 min 20 sec,97.5,33.5,23.42,18.68,6.5,Right Foot,direct,15,0.0767,0
1b56cc28bf23a385cbb985ab5c868add,3825878,La Liga,2015-2016,Rayo Vallecano,Piti,2,67 min 57 sec,98.9,56.7,26.91,13.41,16.7,Left Foot,direct,2,0.0429,0
f6a98eab9d60db19a49275d7ec5dc595,3825879,La Liga,2015-2016,Las Palmas,Jonathan Viera,2,91 min 11 sec,87.3,42.4,32.79,13.88,2.4,Right Foot,direct,14,0.0255,0
17fab81c840f50bfa44087d93090afab,3825882,La Liga,2015-2016,Celta Vigo,Nolito,1,44 min 2 sec,95.3,24.8,29.0,13.47,15.2,Right Foot,direct,14,0.0391,0
a236d5105d6183b96f190c5bfd872110,3825884,La Liga,2015-2016,Real Betis,Álvaro Cejudo,2,91 min 34 sec,92.1,18.7,35.1,10.4,21.3,Right Foot,direct,3,0.0081,0
65344c786e34df571f0ac9b11b602d05,3825884,La Liga,2015-2016,Real Betis,Rubén Castro,2,89 min 26 sec,100.9,21.6,26.52,12.53,18.4,Right Foot,direct,4,0.0202,0
52eb4336dc4097de13b27df9dd99141a,3825884,La Liga,2015-2016,Sevilla,Yevgen Konoplyanka,2,58 min 20 sec,99.1,26.8,24.72,15.69,13.2,Right Foot,direct,6,0.0674,0
13d73a5dc73e9c56568b65ce414ed81d,3825884,La Liga,2015-2016,Sevilla,Éver Banega,1,33 min 32 sec,101.6,21.4,26.16,12.42,18.6,Right Foot,direct,6,0.0124,0
30ed3ce3e06bd170ffab3ab5978877a5,3825886,La Liga,2015-2016,Real Madrid,Gareth Bale,2,78 min 18 sec,93.6,39.0,26.42,17.21,1.0,Left Foot,direct,7,0.0613,0
85d7533bc08627653aa602bc04ac0ec0,3825886,La Liga,2015-2016,Real Madrid,Isco,2,53 min 7 sec,101.3,33.5,19.8,21.7,6.5,Right Foot,direct,2,0.0927,0
62fc0af51b14eacf7b741cd7da434716,3825887,La Liga,2015-2016,Granada,Rubén Rochina,1,23 min 55 sec,97.3,24.0,27.77,13.52,16.0,Left Foot,direct,12,0.0378,0
9201bbf339b5545db405f35fecdc555d,3825888,La Liga,2015-2016,Las Palmas,Jonathan Viera,1,4 min 26 sec,95.7,28.9,26.72,15.57,11.1,Right Foot,direct,14,0.0608,0
c77edad382be6ab844edb45b3badc634,3825888,La Liga,2015-2016,Las Palmas,Jonathan Viera,2,54 min 48 sec,97.5,37.2,22.67,19.87,2.8,Right Foot,direct,14,0.0796,0
ec0be0f2565e9ea8b3a0aa2de5a4e935,3825888,La Liga,2015-2016,Valencia,Dani Parejo,2,60 min 42 sec,88.1,27.4,34.3,12.4,12.6,Right Foot,direct,20,0.0083,0
b853e20bdb63d66991d1666434607763,3825889,La Liga,2015-2016,Celta Vigo,Nolito,1,47 min 3 sec,95.9,30.6,25.87,16.45,9.4,Right Foot,direct,14,0.062,0
9999d9f954196832d25b29b684eef08a,3825889,La Liga,2015-2016,Real Betis,Joaquín,1,1 min 15 sec,92.8,31.8,28.41,15.38,8.2,Right Foot,direct,7,0.0487,0
508520c93bee4ea45773ec16d9f51f28,3825890,La Liga,2015-2016,Málaga,Ricardo Horta,2,54 min 34 sec,96.9,11.4,36.76,7.88,28.6,Right Foot,direct,2,0.006,0
4bbb709892dfb165b551f83421afed5e,3825891,La Liga,2015-2016,Espanyol,Marco Asensio Willemsen,1,35 min 11 sec,97.3,40.3,22.7,19.98,0.3,Left Foot,direct,6,0.088,0
553486d393091fb40aeae6ff766b177e,3825892,La Liga,2015-2016,Granada,Javi Márquez,2,91 min 47 sec,97.9,41.2,22.13,20.46,1.2,Left Foot,direct,6,0.0892,0
42ecd652a149d66435beb906f2a0fd16,3825892,La Liga,2015-2016,Real Sociedad,Rubén Pardo,2,76 min 31 sec,101.4,17.2,29.42,9.93,22.8,Right Foot,direct,8,0.0081,0
39708a2bb64820ec0e65a1e137012722,3825893,La Liga,2015-2016,Villarreal,Denis Suárez,2,85 min 49 sec,92.3,31.6,28.95,15.09,8.4,Right Foot,direct,4,0.0402,0
d9232d35909949a3ccdc2bcbc3462683,3825893,La Liga,2015-2016,Real Madrid,Cristiano Ronaldo,1,20 min 20 sec,87.8,50.0,33.72,12.94,10.0,Right Foot,direct,70,0.0236,0
5d84149366c43988363e5b64411e8355,3825895,La Liga,2015-2016,Las Palmas,Jonathan Viera,1,2 min 17 sec,81.4,40.8,38.61,11.83,0.8,Right Foot,direct,14,0.0071,0
e87334059a26532ac0e7e7260f85c118,3825897,La Liga,2015-2016,Real Sociedad,Carlos Vela,2,89 min 28 sec,99.0,46.0,21.84,20.02,6.0,Left Foot,direct,2,0.0808,0
509b349c7fc000fd96c826b9284c360e,3825898,La Liga,2015-2016,Celta Vigo,Nolito,2,69 min 17 sec,96.6,41.7,23.46,19.3,1.7,Right Foot,direct,14,0.0771,0
8c0e4346eb78e29573cfc8a183abf967,3825899,La Liga,2015-2016,Valencia,Dani Parejo,2,47 min 39 sec,97.7,25.6,26.55,14.52,14.4,Right Foot,direct,20,0.0509,1
8208e9a3655562f41dfbbbb060e26af2,3825900,La Liga,2015-2016,Villarreal,Jonathan dos Santos,1,45 min 29 sec,91.2,24.7,32.61,12.4,15.3,Right Foot,direct,2,0.0096,0
23c5959c6540829daaa6aacae376e74e,3825901,La Liga,2015-2016,Valencia,Dani Parejo,2,52 min 38 sec,93.5,38.1,26.57,17.08,1.9,Right Foot,direct,20,0.0628,0
20c27ff8518d9657b03b4aeb64bd3906,3825904,La Liga,2015-2016,Eibar,Saúl Berjón,2,70 min 38 sec,107.0,17.1,26.33,8.73,22.9,Right Foot,direct,7,0.009,0
6e6d10c5873b4bc4e15ce40a0444ff75,3825904,La Liga,2015-2016,Real Betis,Joaquín,1,28 min 19 sec,86.9,22.3,37.54,10.76,17.7,Right Foot,direct,7,0.0082,0
4a36a807c7f178b675c413d2d70080a1,3825906,La Liga,2015-2016,Sevilla,Yevgen Konoplyanka,2,61 min 59 sec,96.6,54.1,27.32,14.38,14.1,Right Foot,direct,6,0.0471,0
7ce3d73758a7f57002c945a13916c1ba,3825906,La Liga,2015-2016,RC Deportivo La Coruña,Fayçal Fajr,2,50 min 1 sec,96.0,23.5,29.12,12.99,16.5,Right Foot,direct,8,0.0317,0
2a0f039a492cef0ea4a5079200a200fc,3825907,La Liga,2015-2016,Atlético Madrid,Antoine Griezmann,1,28 min 28 sec,95.9,46.2,24.88,17.72,6.2,Left Foot,direct,16,0.0724,1
9d8147a3aaa13f71c0f846fb6ee1ef98,3825907,La Liga,2015-2016,Sporting Gijón,Antonio Sanabria,2,78 min 49 sec,100.5,39.9,19.5,23.18,0.1,Right Foot,direct,2,0.0916,1
5bcc7813acee864f6ab52988cb2c3864,3829413,Ligue 1,2015-2016,Lille,Sofiane Boufal,1,43 min 5 sec,87.3,29.3,34.41,12.63,10.7,Right Foot,direct,5,0.0136,0
a61236094f160f4050e1952dd532874d,3829413,Ligue 1,2015-2016,Lille,Éric Bauthéac,1,41 min 5 sec,94.7,50.7,27.47,15.33,10.7,Left Foot,direct,9,0.0488,0
b831042aabe10bfe036d61b1c3251145,3829413,Ligue 1,2015-2016,Paris Saint-Germain,Edinson Cavani,2,89 min 16 sec,96.1,34.1,24.62,17.96,5.9,Right Foot,direct,5,0.0762,0
54afbb6705ce46dfd167ce55c30df6a0,3829413,Ligue 1,2015-2016,Lille,Sébastien Corchia,2,78 min 23 sec,87.7,32.0,33.28,13.32,8.0,Right Foot,direct,9,0.0251,0
4a09ef8acbfe8ed1bfd913f901e80b82,3829416,Ligue 1,2015-2016,OGC Nice,Hatem Ben Arfa,1,41 min 45 sec,109.6,75.7,37.18,3.48,35.7,Left Foot,direct,15,0.0065,0
13c9c5d1fc396c8f563c53fc4b1d3a7e,3829416,Ligue 1,2015-2016,AS Monaco,João Moutinho,2,84 min 20 sec,101.2,18.3,28.71,10.54,21.7,Right Foot,direct,12,0.0104,0
8074158f7f71ef5dfab6b7f3b3f96016,3829419,Ligue 1,2015-2016,Montpellier,Jonas Martin,1,8 min 44 sec,89.2,28.2,32.98,12.95,11.8,Right Foot,direct,1,0.0231,0
57261782460346efd477221c7c10a14f,3829420,Ligue 1,2015-2016,Stade de Reims,Frédéric Bulot,2,55 min 3 sec,94.2,52.2,28.54,14.49,12.2,Left Foot,direct,3,0.0449,0
82b5200effb2d07b099c57bd89b11c34,3829421,Ligue 1,2015-2016,Toulouse,Martin Braithwaite,1,25 min 56 sec,89.5,52.0,32.78,12.98,12.0,Right Foot,direct,7,0.0204,1
6fac9567f6ce71696ca977a09f807f8c,3829421,Ligue 1,2015-2016,Toulouse,Wissam Ben Yedder,2,52 min 18 sec,96.8,20.7,30.18,11.72,19.3,Right Foot,direct,8,0.0117,1
bcb993ed8ccb617b72cb728949e4cd45,3829422,Ligue 1,2015-2016,Lyon,Claudio Beauvue,1,43 min 5 sec,86.8,24.3,36.73,11.27,15.7,Right Foot,direct,5,0.0073,0
f7060593db74460fa2983d7ace24c978,3829422,Ligue 1,2015-2016,Lyon,Nabil Fekir,1,9 min 36 sec,88.8,38.5,31.24,14.58,1.5,Left Foot,direct,6,0.0261,0
405dcef9546ec758546fc4fb2d5defbf,3829422,Ligue 1,2015-2016,Lyon,Alexandre Lacazette,1,32 min 10 sec,98.5,28.5,24.38,16.56,11.5,Right Foot,direct,1,0.0633,0
c2f57d6254dc0cd49ac65dbdf7ded804,3829423,Ligue 1,2015-2016,AS Monaco,João Moutinho,1,44 min 36 sec,93.1,30.3,28.6,15.03,9.7,Right Foot,direct,12,0.0467,0
ed67017b34daa2bb31301dc82dca4a7c,3829424,Ligue 1,2015-2016,Saint-Étienne,Jean-Christophe Bahebeck,1,11 min 17 sec,108.0,3.9,38.04,3.84,36.1,Right Foot,direct,5,0.0067,0
24357ab6e51820afb325e6d6e1adccd6,3829424,Ligue 1,2015-2016,Bordeaux,Henri Saivet,2,90 min 54 sec,97.7,38.2,22.37,20.21,1.8,Right Foot,direct,6,0.0793,1
b3a22135e6de7518a173151c1b1de15b,3829426,Ligue 1,2015-2016,Lyon,Nabil Fekir,1,25 min 27 sec,88.8,49.6,32.64,13.38,9.6,Left Foot,direct,6,0.0264,0
a8d5946a2586cdf21cb6e6c57fe191ae,3829426,Ligue 1,2015-2016,Lyon,Nabil Fekir,2,49 min 2 sec,92.4,48.2,28.79,15.19,8.2,Left Foot,direct,6,0.0483,0
bed2e523838d339702392675f6acb723,3829426,Ligue 1,2015-2016,Lyon,Corentin Tolisso,1,41 min 40 sec,85.2,35.2,35.13,12.87,4.8,Right Foot,direct,1,0.018,0
28c36d3ddf91633f966982c191f77c90,3829427,Ligue 1,2015-2016,Troyes,Stéphane Darbion,1,47 min 14 sec,97.3,58.8,29.47,12.02,18.8,Left Foot,direct,3,0.0112,0
ea3ef7170867afc5f8b6ea3f1ce6f564,3829427,Ligue 1,2015-2016,Troyes,Stéphane Darbion,1,45 min 42 sec,87.7,50.9,34.09,12.71,10.9,Left Foot,direct,3,0.0139,0
d66c1756da53b69303216c291e0db0d2,3829429,Ligue 1,2015-2016,Rennes,Pedro Henrique,1,9 min 39 sec,95.3,27.8,27.55,14.89,12.2,Right Foot,direct,1,0.0471,0
2c515cb50f3d6afb9290f28394938ff3,3829430,Ligue 1,2015-2016,Olympique de Marseille,Romain Alessandrini,2,54 min 11 sec,90.3,40.8,29.71,15.33,0.8,Left Foot,direct,8,0.0362,0
9a8cd56f2d3f3e8166e8e7767feb3678,3829430,Ligue 1,2015-2016,Stade de Reims,Frédéric Bulot,2,49 min 6 sec,101.2,21.4,26.45,12.41,18.6,Left Foot,direct,3,0.0123,0
906fce687504546951da375c58ef526a,3829430,Ligue 1,2015-2016,Stade de Reims,Alexi Peuget,1,28 min 20 sec,98.5,58.3,28.23,12.42,18.3,Right Foot,direct,2,0.0119,0
fad253f1a64db00188dedc92db611b25,3829431,Ligue 1,2015-2016,Lorient,Raphaël Guerreiro,1,16 min 11 sec,92.1,53.3,30.91,13.37,13.3,Left Foot,direct,7,0.0344,0
10efce0afbcacc6084fb7a42d19dcbe5,3829432,Ligue 1,2015-2016,Paris Saint-Germain,David Luiz,1,39 min 19 sec,85.2,35.3,35.12,12.88,4.7,Right Foot,direct,3,0.0184,0
83f35a64e0a591eae669cb79ffb8d69f,3829433,Ligue 1,2015-2016,Paris Saint-Germain,David Luiz,1,5 min 55 sec,92.6,30.8,28.9,14.98,9.2,Right Foot,direct,3,0.0483,0
b0700384043d92f2623f9e76ece2f506,3829434,Ligue 1,2015-2016,Guingamp,Yannis Salibur,1,18 min 20 sec,95.5,57.0,29.82,12.65,17.0,Left Foot,direct,28,0.0189,0
b2d2e282a2ba36af0483f33a3189e508,3829434,Ligue 1,2015-2016,Guingamp,Yannis Salibur,2,93 min 5 sec,101.6,30.3,20.8,19.46,9.7,Left Foot,direct,28,0.0974,0
99dae50c5887fc1a5b35028a150181eb,3829434,Ligue 1,2015-2016,Guingamp,Thibault Giresse,1,10 min 19 sec,100.6,61.1,28.66,10.9,21.1,Left Foot,direct,6,0.0104,0
1b289a8945e91a1a0065a271b90857c0,3829435,Ligue 1,2015-2016,Rennes,Sylvain Armand,2,51 min 10 sec,98.6,52.4,24.73,16.03,12.4,Left Foot,direct,2,0.0625,0
b73ca3e3f06d5bb23c884e1002ff5a67,3829435,Ligue 1,2015-2016,Rennes,Giovanni Sio,2,84 min 48 sec,105.6,66.4,30.07,7.39,26.4,Left Foot,direct,1,0.0077,0
1fafdf804beb18a6aacc583569ab085f,3829435,Ligue 1,2015-2016,Lyon,Nabil Fekir,2,59 min 2 sec,98.8,28.4,24.17,16.63,11.6,Left Foot,direct,6,0.0718,0
67b1afddff217f158ae2ed6612deeb3b,3829436,Ligue 1,2015-2016,Nantes,Kolbeinn Sigthórsson,2,57 min 27 sec,87.5,33.2,33.2,13.46,6.8,Right Foot,direct,9,0.0248,0
9385f617936f481074020cdfd59cec73,3829437,Ligue 1,2015-2016,Angers,Gilles Sunu,1,14 min 16 sec,92.1,33.2,28.72,15.43,6.8,Right Foot,direct,3,0.0476,0
7c23b40e843594c87e360042cb2e3b42,3829438,Ligue 1,2015-2016,Stade Malherbe Caen,Andy Delort,2,59 min 33 sec,85.9,54.9,37.21,11.27,14.9,Right Foot,direct,15,0.0065,0
54ff6b5ccd5179b028b888bea498063a,3829439,Ligue 1,2015-2016,Toulouse,Wissam Ben Yedder,1,26 min 54 sec,79.5,38.3,40.54,11.26,1.7,Right Foot,direct,8,0.008,0
7f8cfd73c561cc20133b869eeb326aec,3829440,Ligue 1,2015-2016,Saint-Étienne,Nolan Roux,1,9 min 52 sec,94.8,30.4,26.97,15.83,9.6,Right Foot,direct,2,0.0573,0
650ad9d78111c4088ceb005fe4d946af,3829440,Ligue 1,2015-2016,Saint-Étienne,Pierre-Yves Polomat,1,3 min 10 sec,101.3,52.4,22.44,17.06,12.4,Left Foot,direct,1,0.077,0
fb0c6be099e3132880ddc58977eec50c,3829440,Ligue 1,2015-2016,Lorient,Raphaël Guerreiro,2,71 min 7 sec,97.4,50.4,24.88,16.69,10.4,Left Foot,direct,7,0.0671,0
1e7f136d67e6d99eb306423bdb9e8001,3829442,Ligue 1,2015-2016,Lille,Sofiane Boufal,2,63 min 57 sec,112.3,16.7,24.54,6.0,23.3,Right Foot,direct,5,0.0083,0
58e2086bae92efc677a74ecd6a98c9f3,3829443,Ligue 1,2015-2016,Olympique de Marseille,Michy Batshuayi,2,70 min 20 sec,90.8,28.1,31.53,13.43,11.9,Right Foot,direct,6,0.0353,0
5238d423226fb81a62eb3ef0769ddae2,3829444,Ligue 1,2015-2016,Stade Malherbe Caen,Andy Delort,2,60 min 18 sec,100.8,18.1,29.12,10.46,21.9,Right Foot,direct,15,0.0104,0
20e96f3cd18152f710597f1824cb6852,3829444,Ligue 1,2015-2016,Stade Malherbe Caen,Andy Delort,1,41 min 3 sec,98.0,25.9,26.13,14.79,14.1,Right Foot,direct,15,0.0496,0
dd0362fc5e67a3fabfc285fe532b3bdd,3829444,Ligue 1,2015-2016,Lyon,Claudio Beauvue,2,63 min 17 sec,86.7,36.2,33.52,13.53,3.8,Right Foot,direct,5,0.0221,0
bcb38f06696a7fbd51e721724f2e8abc,3829444,Ligue 1,2015-2016,Stade Malherbe Caen,Andy Delort,1,37 min 43 sec,86.7,33.1,34.01,13.15,6.9,Right Foot,direct,15,0.0237,0
d774e96697e29fc232e3407d191f9510,3829445,Ligue 1,2015-2016,Angers,Abdoul Camara,1,40 min 6 sec,95.1,44.5,25.3,17.7,4.5,Left Foot,direct,1,0.0686,0
b3699302b5ef551748ed3722f693bc7b,3829445,Ligue 1,2015-2016,Angers,Gilles Sunu,2,69 min 22 sec,85.0,45.0,35.36,12.78,5.0,Right Foot,direct,3,0.015,0
993dd41e52dc4306db760a9ad91a85b5,3829445,Ligue 1,2015-2016,Angers,Thomas Mangani,1,23 min 29 sec,100.1,41.0,19.93,22.68,1.0,Left Foot,direct,5,0.0828,1
c6f0081004379170f40ace5bede6709a,3829446,Ligue 1,2015-2016,Troyes,Benjamin Nivet,1,18 min 45 sec,93.5,24.6,30.65,12.93,15.4,Right Foot,direct,3,0.0276,0
7dbed321028458425860e85ce0c5bb30,3829448,Ligue 1,2015-2016,Lorient,Denis Bouanga,1,12 min 8 sec,91.0,30.6,30.49,14.25,9.4,Right Foot,direct,1,0.0388,0
85688894cdbf5c57e6a611ce740e0f61,3829448,Ligue 1,2015-2016,Stade de Reims,Atila Turan,1,42 min 53 sec,96.0,30.4,25.85,16.4,9.6,Left Foot,direct,2,0.0655,0
b740d2c9340f8134b195953efcb43299,3829453,Ligue 1,2015-2016,Bordeaux,Wahbi Khazri,2,60 min 52 sec,94.6,50.2,27.37,15.49,10.2,Right Foot,direct,13,0.0574,0
300f876c858f575c6b5b27d8e09eaf71,3829453,Ligue 1,2015-2016,Paris Saint-Germain,Edinson Cavani,1,33 min 34 sec,98.5,25.5,25.93,14.68,14.5,Right Foot,direct,5,0.0493,1
eb3ffc7bbe489a736774d9804d2f1b38,3829454,Ligue 1,2015-2016,Lyon,Mathieu Valbuena,1,39 min 5 sec,92.3,40.9,27.71,16.42,0.9,Right Foot,direct,10,0.056,0
4b8d21e7cafd0b158133befdffe21f31,3829457,Ligue 1,2015-2016,Montpellier,Quentin Cornette,1,14 min 19 sec,94.1,26.4,29.25,13.86,13.6,Right Foot,direct,3,0.0413,0
985c4361a1ae82f5aa2fa9a49e8cc65b,3829457,Ligue 1,2015-2016,Saint-Étienne,Valentin Eysseric,2,65 min 59 sec,92.9,41.0,27.12,16.77,1.0,Right Foot,direct,9,0.0566,0
971098f10dd27a463f09e423d21a5c04,3829457,Ligue 1,2015-2016,Montpellier,Quentin Cornette,1,19 min 12 sec,87.3,39.9,32.7,13.95,0.1,Right Foot,direct,3,0.023,0
d1793bfafea605568f14300f50eafb5a,3829460,Ligue 1,2015-2016,Nantes,Adryan,1,3 min 45 sec,95.6,53.4,27.84,14.42,13.4,Right Foot,direct,6,0.0421,0
2100260e6193139b7a491b25e799e82a,3829460,Ligue 1,2015-2016,Nantes,Kolbeinn Sigthórsson,1,36 min 10 sec,84.4,27.4,37.76,11.42,12.6,Right Foot,direct,9,0.0084,0
6ec7bf7fd077e21b0197527ff42fcbea,3829460,Ligue 1,2015-2016,Nantes,Valentin Rongier,2,65 min 18 sec,93.1,43.0,27.07,16.72,3.0,Right Foot,direct,1,0.0587,0
9b272917f46b91eb2cdcb0ffbeb52594,3829460,Ligue 1,2015-2016,Rennes,Paul-Georges Ntep,1,11 min 3 sec,89.2,53.7,33.71,12.4,13.7,Right Foot,direct,3,0.0081,0
6eff9eb33eba75b61799e032fe66e91d,3829461,Ligue 1,2015-2016,Bastia,Sadio Diallo,1,44 min 23 sec,91.7,24.5,32.27,12.45,15.5,Right Foot,direct,6,0.012,0
c77d3c0fc6489eabfb67a13f9a4728da,3829462,Ligue 1,2015-2016,AS Monaco,Adama Traoré,1,46 min 4 sec,75.4,44.2,44.8,10.16,4.2,Left Foot,direct,6,0.0072,0
90da76c15b2ae67aabcda29135ba7ed4,3829462,Ligue 1,2015-2016,AS Monaco,Adama Traoré,1,8 min 22 sec,98.9,51.6,24.08,16.67,11.6,Left Foot,direct,6,0.0663,0
e52e6a387e3ffb7f3a760e18b4e3689e,3829462,Ligue 1,2015-2016,Gazélec Ajaccio,Damjan Đoković,1,41 min 19 sec,84.3,29.5,37.21,11.79,10.5,Left Foot,direct,7,0.0071,0
0d378a849c60d6f8529f5a74e878cf80,3829463,Ligue 1,2015-2016,Lille,Éric Bauthéac,1,23 min 34 sec,89.9,42.3,30.19,15.05,2.3,Left Foot,direct,9,0.0353,0
a3c3d49291dd9f72b272233c76c8cca1,3829467,Ligue 1,2015-2016,Stade Malherbe Caen,Andy Delort,2,87 min 2 sec,93.7,31.2,27.73,15.61,8.8,Right Foot,direct,15,0.0565,0
50e939b863ce6255b91e511c90936303,3829467,Ligue 1,2015-2016,Montpellier,Quentin Cornette,2,91 min 40 sec,87.8,43.3,32.37,14.02,3.3,Right Foot,direct,3,0.0252,0
d7b39c93984a1ea84d2d7e89d2a2cb62,3829469,Ligue 1,2015-2016,AS Monaco,João Moutinho,1,23 min 45 sec,97.4,24.2,27.58,13.65,15.8,Right Foot,direct,12,0.0472,0
eb0802b69de3bbe0e597aced6f564197,3829469,Ligue 1,2015-2016,AS Monaco,Thomas Lemar,2,46 min 30 sec,97.2,45.4,23.43,18.89,5.4,Left Foot,direct,9,0.0842,1
d579bed2b2ed7ade4071b6c9b2989a94,3829470,Ligue 1,2015-2016,Saint-Étienne,Romain Hamouma,1,39 min 13 sec,99.5,32.7,21.76,19.72,7.3,Right Foot,direct,5,0.0807,0
55b44c924906af6531093b1c8e4c80cc,3829471,Ligue 1,2015-2016,Bordeaux,Wahbi Khazri,2,69 min 41 sec,96.4,50.7,25.91,16.07,10.7,Right Foot,direct,13,0.057,0
80c7c62dced61b559c55037d4bdbe976,3829471,Ligue 1,2015-2016,Toulouse,Martin Braithwaite,1,18 min 53 sec,87.2,36.6,32.98,13.76,3.4,Right Foot,direct,7,0.0221,0
9d652b6e3d211cbf0f87ad5ff0e79f01,3829471,Ligue 1,2015-2016,Toulouse,Adrien Regattin,2,80 min 55 sec,98.6,53.9,25.52,15.08,13.9,Right Foot,direct,7,0.0578,0
20fddbf46496d99f978a1f4fa053e02c,3829473,Ligue 1,2015-2016,Guingamp,Yannis Salibur,1,44 min 16 sec,80.7,41.6,39.33,11.6,1.6,Left Foot,direct,28,0.0081,0
20436aad92d4ffd1d01aa0e38e21f161,3829473,Ligue 1,2015-2016,Paris Saint-Germain,Zlatan Ibrahimović,2,48 min 49 sec,87.5,33.4,33.16,13.49,6.6,Right Foot,direct,29,0.0253,0
03b26aba6a32fb34e3504601a347d422,3829477,Ligue 1,2015-2016,Toulouse,Wissam Ben Yedder,2,78 min 9 sec,94.7,43.7,25.57,17.61,3.7,Right Foot,direct,8,0.0868,0
9532f9aa3261451fab47e66d2d85fd3c,3829478,Ligue 1,2015-2016,Rennes,Kamil Grosicki,2,73 min 56 sec,91.5,28.2,30.85,13.7,11.8,Right Foot,direct,4,0.0285,0
b407bed0910b5ef4c6677ffe67776333,3829478,Ligue 1,2015-2016,Gazélec Ajaccio,Mohamed Larbi,1,44 min 59 sec,89.3,4.6,46.86,6.43,35.4,Right Foot,direct,4,0.0069,1
bb3e4df01ab8a4685e2b29a3a3ddd6f4,3829479,Ligue 1,2015-2016,Stade Malherbe Caen,Hervé Bazile,1,11 min 2 sec,99.3,62.8,30.79,10.07,22.8,Left Foot,direct,3,0.0087,0
d386078e813d1ba4d6186a935a40ddf2,3829479,Ligue 1,2015-2016,Stade Malherbe Caen,Andy Delort,2,47 min 34 sec,90.9,37.5,29.21,15.54,2.5,Right Foot,direct,15,0.0438,0
ad76ca65b57899b2d529c5187acb9cfd,3829481,Ligue 1,2015-2016,AS Monaco,Stephan El Shaarawy,2,60 min 0 sec,104.7,16.9,27.71,9.25,23.1,Right Foot,direct,2,0.0085,0
144c99603313813b980ae2650a19f532,3829482,Ligue 1,2015-2016,Lille,Éric Bauthéac,2,61 min 16 sec,86.7,34.5,33.75,13.34,5.5,Left Foot,direct,9,0.022,0
51d20e8c26f20749f6045e3ff134e138,3829483,Ligue 1,2015-2016,Paris Saint-Germain,Zlatan Ibrahimović,1,44 min 20 sec,83.0,46.6,37.58,11.97,6.6,Right Foot,direct,29,0.0065,0
46fd895656bde192803d6b683da544bc,3829483,Ligue 1,2015-2016,Paris Saint-Germain,Zlatan Ibrahimović,2,57 min 32 sec,90.4,33.5,30.31,14.7,6.5,Right Foot,direct,29,0.0344,0
91c1d63b8c94b3a65877eee77c34a07e,3829484,Ligue 1,2015-2016,Lyon,Claudio Beauvue,2,67 min 52 sec,93.0,35.5,27.37,16.41,4.5,Right Foot,direct,5,0.0609,0
25976df5da94f1d64fa98a9eafafb096,3829485,Ligue 1,2015-2016,Troyes,Benjamin Nivet,1,46 min 32 sec,92.8,30.1,28.95,14.83,9.9,Right Foot,direct,3,0.0452,0
b3f2f08bcc573faa81d28e84149ba022,3829486,Ligue 1,2015-2016,Toulouse,Martin Braithwaite,2,86 min 6 sec,92.7,53.1,30.28,13.63,13.1,Right Foot,direct,7,0.0381,0
cc3fc47db9f6fa93cbb2e8c51965a97f,3829488,Ligue 1,2015-2016,Guingamp,Nicolas Benezet,1,34 min 54 sec,92.6,27.5,30.12,13.82,12.5,Right Foot,direct,1,0.0393,0
59ea51929bd21003f0a82db034dd669b,3829488,Ligue 1,2015-2016,AS Monaco,Thomas Lemar,1,20 min 54 sec,89.6,34.0,30.99,14.44,6.0,Left Foot,direct,9,0.0357,0
5a5e0ff82f4c372cf70e15661aeca984,3829488,Ligue 1,2015-2016,AS Monaco,Stephan El Shaarawy,2,69 min 53 sec,91.4,30.9,30.01,14.5,9.1,Right Foot,direct,2,0.0397,0
50167e9ebe4ab47fd9c9cebee7179e1f,3829489,Ligue 1,2015-2016,Montpellier,Ryad Boudebouz,1,21 min 3 sec,94.4,32.8,26.59,16.5,7.2,Left Foot,direct,6,0.0617,0
93f1905600a4f982d0f5ef811107ab98,3829491,Ligue 1,2015-2016,Olympique de Marseille,Lucas Silva,2,50 min 6 sec,85.5,44.9,34.85,12.97,4.9,Right Foot,direct,2,0.0206,0
fef685a7ac6c7fca486d6e2cb91573b7,3829491,Ligue 1,2015-2016,Olympique de Marseille,Michy Batshuayi,2,59 min 50 sec,95.9,34.3,24.76,17.89,5.7,Right Foot,direct,6,0.0737,0
5c8aebdc32fbce81711191c0f86d4452,3829491,Ligue 1,2015-2016,Olympique de Marseille,Abdelaziz Barrada,1,26 min 43 sec,96.1,24.6,28.43,13.57,15.4,Right Foot,direct,2,0.0401,0
93e04fba9947ff6efbbacf6a3f135c71,3829492,Ligue 1,2015-2016,Lille,Éric Bauthéac,1,21 min 38 sec,95.2,49.1,26.42,16.22,9.1,Left Foot,direct,9,0.0576,0
b4d0224db567696164ccbaeb62104414,3829492,Ligue 1,2015-2016,Lille,Sébastien Corchia,2,89 min 16 sec,96.8,27.9,26.17,15.51,12.1,Right Foot,direct,9,0.0512,0
ed3c451bd8149a3bf1db402fde4ce813,3829493,Ligue 1,2015-2016,Lille,Sébastien Corchia,2,65 min 7 sec,84.5,41.8,35.55,12.83,1.8,Right Foot,direct,9,0.0155,0
4f4011ef0f8a1eab684e9b1f24aa8cd9,3829493,Ligue 1,2015-2016,Lille,Junior Tallo,2,60 min 7 sec,90.8,27.7,31.68,13.3,12.3,Right Foot,direct,1,0.0304,0
e026e3274cd914a39092e08e342aac6a,3829494,Ligue 1,2015-2016,Toulouse,Adrien Regattin,1,42 min 33 sec,95.7,26.7,27.7,14.51,13.3,Right Foot,direct,7,0.0414,0
2531389c7b0d19dfd4a3ddf2b58e8e4f,3829497,Ligue 1,2015-2016,Guingamp,Yannis Salibur,1,29 min 31 sec,80.0,43.4,40.14,11.34,3.4,Left Foot,direct,28,0.0075,0
2e12811805f038bfbc311f3abd37a6f3,3829497,Ligue 1,2015-2016,Guingamp,Yannis Salibur,2,54 min 28 sec,91.1,51.4,31.07,13.69,11.4,Left Foot,direct,28,0.0338,0
1c4217d4d1283a8330c1a81566ed3c92,3829497,Ligue 1,2015-2016,Guingamp,Yannis Salibur,2,80 min 22 sec,90.2,49.3,31.22,13.97,9.3,Left Foot,direct,28,0.0392,0
419217bf6e90686a2794f4e723a89281,3829499,Ligue 1,2015-2016,Stade Malherbe Caen,Hervé Bazile,2,90 min 28 sec,101.4,34.1,19.51,22.19,5.9,Left Foot,direct,3,0.1035,0
fbe1189d10df975c573adbc146858239,3829501,Ligue 1,2015-2016,AS Monaco,Thomas Lemar,1,2 min 6 sec,101.0,57.6,25.9,13.07,17.6,Left Foot,direct,9,0.0403,0
76f6a709f7f58669416de379f4cdc687,3829501,Ligue 1,2015-2016,AS Monaco,Thomas Lemar,2,74 min 55 sec,89.5,59.9,36.42,10.55,19.9,Left Foot,direct,9,0.0128,0
c61b4ced2428f369d0e96d13a8e8a108,3829501,Ligue 1,2015-2016,AS Monaco,Thomas Lemar,2,84 min 32 sec,98.5,55.0,26.22,14.37,15.0,Left Foot,direct,9,0.0461,0
f8e5911a48b8df437141cfd7f5fea6de,3829501,Ligue 1,2015-2016,Rennes,Paul-Georges Ntep,1,43 min 33 sec,80.0,33.6,40.51,11.14,6.4,Right Foot,direct,3,0.0065,0
65ce8b2304fe22370e071cbd2e4ca559,3829502,Ligue 1,2015-2016,Lyon,Mathieu Valbuena,2,60 min 52 sec,94.1,28.9,28.18,14.91,11.1,Right Foot,direct,10,0.0448,0
aa2e3ff75825fd3b47bf3fc64edb2e77,3829502,Ligue 1,2015-2016,AS Monaco,João Moutinho,1,9 min 31 sec,91.3,34.8,29.17,15.38,5.2,Right Foot,direct,12,0.0376,0
2e693ef7a2d4b6c1847d6bbd48be1ea6,3829502,Ligue 1,2015-2016,AS Monaco,Thomas Lemar,2,79 min 54 sec,94.5,50.7,27.65,15.24,10.7,Left Foot,direct,9,0.0434,0
df23b46ec07deeb577c99ae3c55ad6af,3829502,Ligue 1,2015-2016,Lyon,Mathieu Valbuena,1,40 min 44 sec,101.6,18.0,28.68,10.34,22.0,Right Foot,direct,10,0.009,0
1667efe52e0a9e77bc03844c66b93c45,3829502,Ligue 1,2015-2016,Lyon,Mathieu Valbuena,2,48 min 25 sec,97.5,54.7,26.88,14.3,14.7,Right Foot,direct,10,0.0474,0
1b41e0b8494d3f8d8ec5f9f39c1f917f,3829504,Ligue 1,2015-2016,Paris Saint-Germain,Zlatan Ibrahimović,1,12 min 37 sec,83.1,46.1,37.4,12.05,6.1,Right Foot,direct,29,0.0068,0
c1ee0edb76469133650ef6135ec0e06e,3829504,Ligue 1,2015-2016,Bastia,Sadio Diallo,1,3 min 41 sec,92.1,22.6,32.88,11.83,17.4,Right Foot,direct,6,0.0094,0
34dc6a126ceff50c76d84b26a8dfc1ea,3829504,Ligue 1,2015-2016,Bastia,Floyd Ayité,2,79 min 45 sec,100.8,27.5,22.91,16.8,12.5,Right Foot,direct,3,0.0637,0
044d0dbc5863698542e495e2f9052b2b,3829505,Ligue 1,2015-2016,Gazélec Ajaccio,Damjan Đoković,2,64 min 30 sec,91.0,56.4,33.32,11.97,16.4,Left Foot,direct,7,0.0087,0
9880d1da3c359423690fab54b52ec892,3829506,Ligue 1,2015-2016,Guingamp,Yannis Salibur,1,11 min 13 sec,80.7,24.2,42.36,10.03,15.8,Left Foot,direct,28,0.0081,0
625398c42dfe264a223e3682a1b9bc4d,3829508,Ligue 1,2015-2016,Stade de Reims,Alexi Peuget,1,34 min 50 sec,85.4,47.4,35.38,12.62,7.4,Right Foot,direct,2,0.0122,0
7cd726ddd2b420597e0bcecea9d8b84f,3829508,Ligue 1,2015-2016,Stade de Reims,Nicolas de Préville,2,75 min 52 sec,91.8,28.3,30.53,13.83,11.7,Right Foot,direct,11,0.0325,0
1ecd45ed75dd57012091b34caa073328,3829509,Ligue 1,2015-2016,Olympique de Marseille,Michy Batshuayi,1,7 min 28 sec,99.2,25.3,25.47,14.73,14.7,Right Foot,direct,6,0.0517,0
04206f93640443722333ba25c10ce5b2,3829510,Ligue 1,2015-2016,Rennes,Pedro Mendes,1,42 min 59 sec,95.5,25.9,28.27,14.05,14.1,Right Foot,direct,1,0.0419,0
d6558ecd35b48713d8caf708cbb9bd14,3829511,Ligue 1,2015-2016,Bordeaux,Jaroslav Plašil,2,78 min 9 sec,100.0,56.8,26.12,13.5,16.8,Left Foot,direct,2,0.0439,0
f7140fb66d13f8a89f24ea211fbd8bde,3829511,Ligue 1,2015-2016,Bordeaux,Henri Saivet,1,26 min 20 sec,86.9,45.5,33.55,13.42,5.5,Right Foot,direct,6,0.0257,0
863ed6969bc0959b723eba1b4edc25b2,3829512,Ligue 1,2015-2016,Lyon,Mathieu Valbuena,1,39 min 34 sec,99.7,58.6,27.53,12.34,18.6,Right Foot,direct,10,0.0117,0
e1c4b09e15908e2ff428c17d9ad26c38,3829512,Ligue 1,2015-2016,Toulouse,Adrien Regattin,2,88 min 15 sec,93.1,44.7,27.31,16.43,4.7,Right Foot,direct,7,0.0627,0
914f0245a3c8effa78628684d8d364d4,3829513,Ligue 1,2015-2016,Stade Malherbe Caen,Andy Delort,2,67 min 27 sec,93.3,32.5,27.73,15.83,7.5,Right Foot,direct,15,0.0556,0
11a68131d441cae4634362061466a885,3829515,Ligue 1,2015-2016,Bastia,Gaël Danic,2,50 min 53 sec,101.7,40.6,18.31,24.63,0.6,Left Foot,direct,6,0.1105,0
c9f62fc285a1ee744aba39f83a1970d9,3829515,Ligue 1,2015-2016,Montpellier,Ryad Boudebouz,2,78 min 38 sec,96.8,56.2,28.3,13.31,16.2,Left Foot,direct,6,0.0383,0
055f9133c7a1175fffd3484fcabdf24c,3829516,Ligue 1,2015-2016,Rennes,Juan Fernando Quintero,2,63 min 20 sec,85.5,31.2,35.6,12.43,8.8,Left Foot,direct,7,0.0094,0
2e23f9802eecec61dbfd53e8ec20ab6a,3829516,Ligue 1,2015-2016,Rennes,Kamil Grosicki,2,67 min 41 sec,111.7,8.9,32.19,3.72,31.1,Right Foot,direct,4,0.0076,1
cbeb1ac3599dfcc7f9898e15a50df0e6,3829517,Ligue 1,2015-2016,OGC Nice,Jean Michaël Seri,1,34 min 56 sec,101.5,15.0,31.1,8.84,25.0,Right Foot,direct,10,0.0084,0
ad116f4625dac22d6fb418515d1b3f28,3829517,Ligue 1,2015-2016,Gazélec Ajaccio,Mohamed Larbi,2,67 min 55 sec,105.6,14.4,29.37,7.75,25.6,Right Foot,direct,4,0.0074,0
9c757ef490c0eaf04f22839ed9c1b3d8,3829518,Ligue 1,2015-2016,Olympique de Marseille,Romain Alessandrini,2,77 min 18 sec,96.5,48.6,25.02,17.12,8.6,Left Foot,direct,8,0.0739,0
6a9b8863534608d0d84ce4d5c7bd6203,3829518,Ligue 1,2015-2016,Olympique de Marseille,Lucas Silva,1,19 min 2 sec,85.9,36.7,34.26,13.26,3.3,Right Foot,direct,2,0.0216,0
1c52fb217c2228edfc1266b78db3aba0,3829518,Ligue 1,2015-2016,Lille,Sébastien Corchia,1,6 min 25 sec,95.2,54.3,28.63,13.87,14.3,Right Foot,direct,9,0.0382,0
27894360a9386aaa8eb2d7dafd7025ca,3829518,Ligue 1,2015-2016,Lille,Sofiane Boufal,1,34 min 35 sec,100.2,45.6,20.58,21.25,5.6,Right Foot,direct,5,0.087,0
ca47f368f76c4175d925521cee653b3e,3829518,Ligue 1,2015-2016,Lille,Djibril Sidibé,2,93 min 23 sec,85.3,35.1,35.04,12.9,4.9,Right Foot,direct,2,0.0174,0
dffa71e41c941b31f40b0837dcd4aa09,3829519,Ligue 1,2015-2016,Paris Saint-Germain,Zlatan Ibrahimović,1,26 min 11 sec,82.9,31.0,38.18,11.64,9.0,Right Foot,direct,29,0.0074,0
dc621049678215660856f657123cddd9,3829521,Ligue 1,2015-2016,Bordeaux,Wahbi Khazri,2,48 min 52 sec,107.8,15.8,27.1,7.74,24.2,Right Foot,direct,13,0.0079,0
dd2b76d7f72ed7748e5e201b38f2e2a2,3829521,Ligue 1,2015-2016,Bordeaux,Henri Saivet,1,23 min 38 sec,88.4,33.0,32.37,13.77,7.0,Right Foot,direct,6,0.0259,0
fd071b150e9c66e795d21e7a8af0db5d,3900490,Ligue 1,2015-2016,Rennes,Juan Fernando Quintero,1,23 min 14 sec,94.6,47.2,26.4,16.61,7.2,Left Foot,direct,7,0.0608,0
4ab515a9d4f5bb9a28bc772475b93c17,3900490,Ligue 1,2015-2016,Paris Saint-Germain,Ezequiel Iván Lavezzi,1,2 min 46 sec,90.8,35.5,29.54,15.25,4.5,Right Foot,direct,1,0.0425,0
8e3b2ebbf6273dc33225d7fa2c1a9654,3900492,Ligue 1,2015-2016,Guingamp,Yannis Salibur,2,51 min 34 sec,100.8,54.8,24.24,15.04,14.8,Left Foot,direct,28,0.0538,0
c6286b35e6e4da909393da2c6a0e0720,3900493,Ligue 1,2015-2016,Lyon,Mathieu Valbuena,1,37 min 8 sec,96.3,45.9,24.42,18.09,5.9,Right Foot,direct,10,0.0741,0
747c39eeee02a36790b6aabd4f8b5f0e,3900494,Ligue 1,2015-2016,Bordeaux,Henri Saivet,1,41 min 57 sec,88.2,41.6,31.84,14.3,1.6,Right Foot,direct,6,0.0239,0
f4af32d66084f6382db1ad454b4a20d9,3900495,Ligue 1,2015-2016,Bastia,Sadio Diallo,2,70 min 40 sec,91.6,34.8,28.87,15.53,5.2,Right Foot,direct,6,0.05,0
7aade4d645f9ebf2850367bb455975c6,3900495,Ligue 1,2015-2016,Bastia,Sadio Diallo,1,30 min 24 sec,84.6,11.4,45.51,7.85,28.6,Right Foot,direct,6,0.0066,1
315438f1e91939e6ac083e181de12a30,3900495,Ligue 1,2015-2016,Bastia,Gaël Danic,2,55 min 19 sec,102.2,63.4,29.4,9.53,23.4,Left Foot,direct,6,0.0082,0
9c95b9631f436c7b29dba929c3f956b9,3900498,Ligue 1,2015-2016,AS Monaco,João Moutinho,2,76 min 12 sec,95.6,36.7,24.62,18.3,3.3,Right Foot,direct,12,0.0701,0
91e579ca8b38f2a63596a0566998792e,3900500,Ligue 1,2015-2016,Angers,Thomas Mangani,1,14 min 23 sec,90.0,45.2,30.45,14.76,5.2,Left Foot,direct,5,0.0433,0
6d0f5d85936c5fa739dcdef304fe4748,3900500,Ligue 1,2015-2016,Rennes,Jérémie Boga,2,87 min 24 sec,98.0,49.5,23.96,17.5,9.5,Right Foot,direct,3,0.0791,0
6014275a5bf05e018de6366ffc27ac88,3900501,Ligue 1,2015-2016,Paris Saint-Germain,Ángel Di María,1,5 min 43 sec,81.2,49.5,39.95,11.12,9.5,Left Foot,direct,3,0.0085,1
784febf9fcf1e01f12fdb6d562d5c2b0,3900503,Ligue 1,2015-2016,Lille,Djibril Sidibé,2,89 min 49 sec,99.7,54.9,25.18,14.72,14.9,Right Foot,direct,2,0.0531,0
f0638898d69b153f30092e7d13546f68,3900505,Ligue 1,2015-2016,Guingamp,Yannis Salibur,1,42 min 30 sec,79.5,23.6,43.69,9.71,16.4,Left Foot,direct,28,0.0056,0
d27961db237066da32ef27b272149775,3900505,Ligue 1,2015-2016,Stade Malherbe Caen,Andy Delort,2,52 min 20 sec,97.3,38.9,22.73,19.94,1.1,Right Foot,direct,15,0.0898,0
3cc594e5524846db10ff6f26e66cd074,3900506,Ligue 1,2015-2016,Gazélec Ajaccio,Jacques Zoua Daogari,2,66 min 24 sec,96.0,32.5,25.14,17.31,7.5,Right Foot,direct,2,0.0661,0
a77aed401409fccd4b786a34c384826f,3900507,Ligue 1,2015-2016,OGC Nice,Jean Michaël Seri,2,77 min 53 sec,90.0,35.7,30.31,14.89,4.3,Right Foot,direct,10,0.0429,0
7d1f32f03ba040fcd6ebada1b23af763,3900507,Ligue 1,2015-2016,OGC Nice,Hatem Ben Arfa,2,66 min 20 sec,82.7,43.1,37.43,12.16,3.1,Left Foot,direct,15,0.0075,0
3f29896846b5f9d608eb37ca1e30defe,3900508,Ligue 1,2015-2016,AS Monaco,João Moutinho,2,90 min 53 sec,95.2,52.1,27.59,14.9,12.1,Right Foot,direct,12,0.0448,0
35ab66a33a38c37f3c87c0406d92e779,3900509,Ligue 1,2015-2016,Saint-Étienne,Florentin Pogba,1,27 min 2 sec,87.2,27.8,35.0,12.25,12.2,Left Foot,direct,2,0.008,0
4a83a734bcdd0c09c0c915f14bc8ba73,3900510,Ligue 1,2015-2016,Lyon,Claudio Beauvue,1,16 min 43 sec,87.1,45.8,33.41,13.46,5.8,Right Foot,direct,5,0.0274,0
0adcba69e996db62b6e8ecf221a8cd51,3900511,Ligue 1,2015-2016,Paris Saint-Germain,Zlatan Ibrahimović,1,21 min 44 sec,93.2,32.6,27.8,15.81,7.4,Right Foot,direct,29,0.0588,0
12b2157dfc8c2c55582060006f81288d,3900511,Ligue 1,2015-2016,Lorient,Raphaël Guerreiro,2,76 min 41 sec,86.7,46.9,34.01,13.15,6.9,Left Foot,direct,7,0.0199,0
427a09f33d8b3a7f9acbec15cb202c41,3900512,Ligue 1,2015-2016,Stade de Reims,Diego,2,77 min 19 sec,101.3,63.2,29.8,9.74,23.2,Left Foot,direct,7,0.0083,0
5e8e5f5970a34e591a12cb77b910bc91,3900513,Ligue 1,2015-2016,Lille,Éric Bauthéac,1,39 min 53 sec,94.4,58.2,31.41,11.91,18.2,Left Foot,direct,9,0.0103,0
18140cc2ecce56a2f5d99dcc9f3d6590,3900514,Ligue 1,2015-2016,Guingamp,Yannis Salibur,1,7 min 19 sec,85.7,49.6,35.62,12.36,9.6,Left Foot,direct,28,0.0073,0
6f43ca86377fd9602f6118ed849da807,3900514,Ligue 1,2015-2016,Toulouse,Martin Braithwaite,1,27 min 27 sec,95.1,49.5,26.65,16.01,9.5,Right Foot,direct,7,0.0566,0
a4036f517f96d98b50f7b1b45f6150f4,3900514,Ligue 1,2015-2016,Guingamp,Yannis Salibur,2,69 min 44 sec,85.2,44.8,35.13,12.87,4.8,Left Foot,direct,28,0.0174,1
3420d6ef46ca1a6cb7d19d511944ff6b,3900515,Ligue 1,2015-2016,Nantes,Jules Iloki,2,70 min 10 sec,96.2,32.6,24.92,17.46,7.4,Right Foot,direct,1,0.0773,0
c6b74182ef9cde10906f5a94e5b17a49,3900515,Ligue 1,2015-2016,Nantes,Kolbeinn Sigthórsson,2,57 min 18 sec,86.5,46.6,34.14,13.12,6.6,Right Foot,direct,9,0.0246,0
04150e29730ea69970457bdec8c15c36,3900515,Ligue 1,2015-2016,AS Monaco,João Moutinho,1,13 min 16 sec,88.0,27.5,34.35,12.4,12.5,Right Foot,direct,12,0.0072,0
7f51b8e9ee8f07677958b6ccee6e47c2,3900516,Ligue 1,2015-2016,Saint-Étienne,Jean-Christophe Bahebeck,2,77 min 43 sec,95.7,28.4,26.93,15.33,11.6,Right Foot,direct,5,0.0504,0
ed60a746a971f92af3efc7a0d0f7e497,3900516,Ligue 1,2015-2016,Saint-Étienne,Romain Hamouma,2,63 min 37 sec,97.7,21.8,28.78,12.38,18.2,Right Foot,direct,5,0.0113,0
ee0702c93f7e446d7bc6e5625d5bea9e,3900516,Ligue 1,2015-2016,Olympique de Marseille,Michy Batshuayi,2,68 min 47 sec,94.4,39.5,25.6,17.75,0.5,Right Foot,direct,6,0.0687,0
2ad2b2c2d2f57c9a466b58d81d89ec76,3900520,Ligue 1,2015-2016,Lyon,Clément Grenier,2,57 min 45 sec,92.0,23.5,32.5,12.15,16.5,Right Foot,direct,10,0.0096,0
fb36e33157bdaa4fe0172b609b775b99,3900520,Ligue 1,2015-2016,Lyon,Rachid Ghezzal,2,83 min 50 sec,100.1,39.9,19.9,22.73,0.1,Left Foot,direct,6,0.1098,1
4f69ac760e296bf3cd19c3ae709ea404,3900521,Ligue 1,2015-2016,Paris Saint-Germain,Zlatan Ibrahimović,2,81 min 34 sec,91.0,29.4,30.88,13.9,10.6,Right Foot,direct,29,0.0383,0
3c4e91d87218993a0f52a7ce2b42f840,3900522,Ligue 1,2015-2016,OGC Nice,Jean Michaël Seri,1,15 min 20 sec,90.9,27.9,31.52,13.4,12.1,Right Foot,direct,10,0.0303,0
2d7678918c4b6babe76f1ffb4bdca02e,3900522,Ligue 1,2015-2016,OGC Nice,Hatem Ben Arfa,2,52 min 15 sec,76.1,46.0,44.31,10.22,6.0,Left Foot,direct,15,0.0067,0
36731bc8cdacb38ffc81aff27c96a6dd,3900522,Ligue 1,2015-2016,OGC Nice,Hatem Ben Arfa,1,34 min 20 sec,76.1,41.6,43.93,10.4,1.6,Left Foot,direct,15,0.0059,0
5d83cd0179d9a9f0328731bbfaf4ecea,3900523,Ligue 1,2015-2016,Stade de Reims,Diego,1,5 min 40 sec,75.9,41.0,44.11,10.36,1.0,Left Foot,direct,7,0.0049,0
9ef8c362e94529527c79531010cacf82,3900523,Ligue 1,2015-2016,Stade de Reims,Diego,1,8 min 41 sec,104.5,64.3,28.82,8.65,24.3,Left Foot,direct,7,0.0081,0
69a68e602ee3ee350a87db86d2290f5f,3900525,Ligue 1,2015-2016,Bastia,Gaël Danic,2,92 min 20 sec,96.9,47.4,24.26,17.89,7.4,Left Foot,direct,6,0.076,0
c6232f03ac18ac79601397636b795058,3900525,Ligue 1,2015-2016,Nantes,Ermir Lenjani,2,76 min 6 sec,92.0,47.4,28.96,15.23,7.4,Left Foot,direct,4,0.0449,0
0ffe8869b2f3dd538264851784cf93ee,3900527,Ligue 1,2015-2016,Olympique de Marseille,Romain Alessandrini,1,42 min 30 sec,93.9,50.5,28.13,15.07,10.5,Left Foot,direct,8,0.0501,0
27153285da2c4e6756eaf59718e9ff29,3900527,Ligue 1,2015-2016,Olympique de Marseille,Romain Alessandrini,2,49 min 37 sec,87.8,50.5,33.87,12.83,10.5,Left Foot,direct,8,0.0186,0
3ba1ff52a68495852a5d393ab013a388,3900527,Ligue 1,2015-2016,AS Monaco,João Moutinho,1,7 min 7 sec,95.6,28.3,27.06,15.24,11.7,Right Foot,direct,12,0.0509,0
0cf6e4d033dcf72b72712f6f54db085a,3900528,Ligue 1,2015-2016,Stade Malherbe Caen,Andy Delort,2,55 min 53 sec,98.0,54.3,26.24,14.67,14.3,Right Foot,direct,15,0.0497,0
3cccae32380815d8a6c0cd0f1457f80c,3900528,Ligue 1,2015-2016,Bordeaux,Wahbi Khazri,1,21 min 17 sec,97.6,18.1,31.33,10.52,21.9,Right Foot,direct,13,0.009,0
83f3aebfb33ea1fe2c10ccb9719f2f44,3900529,Ligue 1,2015-2016,Guingamp,Nill De Pauw,2,90 min 58 sec,95.4,33.0,25.58,17.14,7.0,Right Foot,direct,1,0.0694,0
c38742b81b2a78913e77164ca90cab82,3900529,Ligue 1,2015-2016,Saint-Étienne,Romain Hamouma,1,2 min 32 sec,96.4,24.3,28.35,13.48,15.7,Right Foot,direct,5,0.0411,0
29ebc9c12ec19e93875da040c3968afb,3900529,Ligue 1,2015-2016,Guingamp,Mana Dembélé,2,49 min 21 sec,100.5,29.3,22.24,18.05,10.7,Right Foot,direct,2,0.0785,0
a0de040af521e7e0bde5f5d1f25600d0,3900529,Ligue 1,2015-2016,Guingamp,Yannis Salibur,1,25 min 0 sec,90.5,42.7,29.62,15.32,2.7,Left Foot,direct,28,0.0377,0
0f335781011ff1aca3485571797413d1,3900531,Ligue 1,2015-2016,OGC Nice,Wallyson Mallmann,2,60 min 21 sec,98.6,32.3,22.74,18.86,7.7,Left Foot,direct,2,0.0762,0
126d955cd805ec7ad58d739c90ad61a8,3900531,Ligue 1,2015-2016,OGC Nice,Wallyson Mallmann,2,58 min 20 sec,83.6,39.1,36.41,12.53,0.9,Left Foot,direct,2,0.011,0
17ab4f893ded3c06796fa0135abb422d,3900531,Ligue 1,2015-2016,OGC Nice,Jean Michaël Seri,2,87 min 59 sec,87.5,36.3,32.71,13.86,3.7,Right Foot,direct,10,0.0288,0
b0a263dd27430d16fd2836bef31fda3e,3900531,Ligue 1,2015-2016,Lorient,Yann Jouffre,2,72 min 41 sec,94.3,48.9,27.2,15.86,8.9,Left Foot,direct,1,0.0554,0
8878c15a146ff97815e30d87ff723897,3900532,Ligue 1,2015-2016,Paris Saint-Germain,Zlatan Ibrahimović,2,83 min 57 sec,95.3,45.2,25.24,17.65,5.2,Right Foot,direct,29,0.0706,0
1319643721b50d478a9c9aeeec621202,3900533,Ligue 1,2015-2016,AS Monaco,Fábio Coentrão,2,85 min 1 sec,95.9,53.9,27.82,14.27,13.9,Left Foot,direct,1,0.0424,0
a53bdff09d2d868f0a86ba0bf8ea6319,3900535,Ligue 1,2015-2016,Lille,Yassine Benzia,2,56 min 0 sec,89.5,42.5,30.6,14.85,2.5,Right Foot,direct,2,0.0372,0
42d70a3b3d4428a732e649a6c1152df9,3900535,Ligue 1,2015-2016,Saint-Étienne,Valentin Eysseric,1,41 min 37 sec,92.8,33.7,27.92,15.91,6.3,Right Foot,direct,9,0.0564,0
a973defb712e6683bb1df78563f29d90,3900538,Ligue 1,2015-2016,Guingamp,Mana Dembélé,2,90 min 23 sec,97.5,36.4,22.79,19.68,3.6,Right Foot,direct,2,0.0765,0
233ad4c7b33a6505c7ecc6d1a535c4ba,3900538,Ligue 1,2015-2016,Guingamp,Yannis Salibur,1,47 min 11 sec,76.7,34.6,43.64,10.4,5.4,Left Foot,direct,28,0.0052,1
00f3eb9460165bca2fc9650973659dd0,3900539,Ligue 1,2015-2016,Rennes,Ousmane Dembélé,1,8 min 21 sec,93.2,48.3,28.06,15.54,8.3,Right Foot,direct,3,0.0575,0
995eca1dae1d1f30f02cf68710f9913a,3900539,Ligue 1,2015-2016,Olympique de Marseille,Romain Alessandrini,1,11 min 25 sec,91.6,44.9,28.82,15.58,4.9,Left Foot,direct,8,0.0523,0
f958c8c6b88898cfbf875f0b971e8067,3900540,Ligue 1,2015-2016,OGC Nice,Jean Michaël Seri,2,66 min 46 sec,92.2,29.8,29.61,14.49,10.2,Right Foot,direct,10,0.0396,0
3e68585449179cc04c91196c50694113,3900541,Ligue 1,2015-2016,AS Monaco,Fabinho,1,15 min 41 sec,93.8,37.8,26.29,17.24,2.2,Right Foot,direct,2,0.0596,0
6d8bbd9188e713440d13a1b9651c82ff,3900542,Ligue 1,2015-2016,Lille,Éric Bauthéac,1,24 min 28 sec,86.7,58.0,37.85,10.65,18.0,Left Foot,direct,9,0.0062,0
1521f4bd17b05df7ba692a4613126f6b,3900543,Ligue 1,2015-2016,Stade de Reims,Frédéric Bulot,2,51 min 11 sec,96.9,40.9,23.12,19.62,0.9,Left Foot,direct,3,0.0878,0
b309148a8665cb17b6307946c0c3f3d0,3900543,Ligue 1,2015-2016,Stade de Reims,Nicolas de Préville,1,17 min 9 sec,91.1,54.5,32.33,12.66,14.5,Right Foot,direct,11,0.0151,0
ba4e443839f493e5159b5e891a694389,3900544,Ligue 1,2015-2016,Lorient,Walid Mesloub,1,20 min 15 sec,93.6,29.9,28.27,15.1,10.1,Right Foot,direct,2,0.0513,0
910f3618f7991d067376be8249be8796,3900545,Ligue 1,2015-2016,Lyon,Clément Grenier,2,67 min 53 sec,87.0,48.7,34.13,12.94,8.7,Right Foot,direct,10,0.0213,0
9f40bdc9df4c9aa9d0be0e307631b451,3900546,Ligue 1,2015-2016,Gazélec Ajaccio,Damjan Đoković,1,27 min 39 sec,86.4,38.9,33.62,13.56,1.1,Left Foot,direct,7,0.0204,0
cc66a7f0cd02cd71fd33aace0a6d8b9a,3900547,Ligue 1,2015-2016,Olympique de Marseille,Michy Batshuayi,2,88 min 52 sec,93.5,31.0,27.99,15.45,9.0,Right Foot,direct,6,0.047,0
d6c0ed1680deb3073a4641a33e156c04,3900548,Ligue 1,2015-2016,Guingamp,Ludovic Blas,2,90 min 49 sec,87.3,33.2,33.4,13.38,6.8,Left Foot,direct,1,0.0234,0
350eb840e45bc4bdaa28a6825ec2fa5b,3900548,Ligue 1,2015-2016,Bordeaux,Henri Saivet,2,72 min 12 sec,98.0,44.5,22.46,19.82,4.5,Right Foot,direct,6,0.0821,0
5607384a69ec9c39d2ad4d425dc78f1d,3900550,Ligue 1,2015-2016,Rennes,Juan Fernando Quintero,1,37 min 28 sec,99.1,55.7,26.14,14.07,15.7,Left Foot,direct,7,0.0445,0
c68675fb037a34ce290fa9e7bad5b14a,3900550,Ligue 1,2015-2016,Stade Malherbe Caen,Andy Delort,1,3 min 42 sec,99.2,38.0,20.9,21.58,2.0,Right Foot,direct,15,0.089,0
4d7c096ea56cd4ec663931cdb8a4cc23,3900551,Ligue 1,2015-2016,Lorient,Raphaël Guerreiro,1,34 min 13 sec,89.3,45.2,31.14,14.44,5.2,Left Foot,direct,7,0.0347,0
4169db40ede4d51b502c792d83ae5663,3900554,Ligue 1,2015-2016,Troyes,Fabien Camus,1,42 min 12 sec,89.6,36.3,30.62,14.78,3.7,Right Foot,direct,5,0.0366,0
4a60ef4c0dbfcf22c8b22aa34b8c4fb4,3900557,Ligue 1,2015-2016,Lyon,Clément Grenier,1,25 min 56 sec,89.4,60.1,36.61,10.47,20.1,Right Foot,direct,10,0.0083,0
406bd056ddcca514efd89f158e0231b8,3900557,Ligue 1,2015-2016,Paris Saint-Germain,David Luiz,2,73 min 20 sec,87.5,47.3,33.31,13.37,7.3,Right Foot,direct,3,0.0271,0
e16c92503a6beadad3516e91fec6ad9f,3900560,Ligue 1,2015-2016,Montpellier,William Jean Rémy,2,64 min 14 sec,90.0,37.5,30.1,15.09,2.5,Right Foot,direct,1,0.0396,0
2293fddacff16fdc2efb087961fcb43c,3900560,Ligue 1,2015-2016,OGC Nice,Hatem Ben Arfa,2,73 min 54 sec,93.7,44.0,26.6,16.92,4.0,Left Foot,direct,15,0.0596,0
f83922e784f065d20ed94ee8a9601098,3900561,Ligue 1,2015-2016,Lille,Éric Bauthéac,2,77 min 32 sec,88.6,39.4,31.41,14.51,0.6,Left Foot,direct,9,0.028,0
b8cf3eedb7e7341453544d13cfd96420,3900562,Ligue 1,2015-2016,Paris Saint-Germain,Zlatan Ibrahimović,2,62 min 21 sec,97.4,33.9,23.41,18.77,6.1,Right Foot,direct,29,0.0779,0
2e594d2e9052299c4ebdc419b5df08d0,3900562,Ligue 1,2015-2016,Stade Malherbe Caen,Hervé Bazile,2,88 min 29 sec,95.4,47.5,25.72,16.96,7.5,Left Foot,direct,3,0.0666,0
4352b73ea5909aec4b9e04cd82b43691,3900563,Ligue 1,2015-2016,Guingamp,Yannis Salibur,2,61 min 58 sec,82.5,38.9,37.52,12.17,1.1,Left Foot,direct,28,0.0063,0
0f176d8634aec77bd9e67c32ee63a5ac,3900563,Ligue 1,2015-2016,Guingamp,Yannis Salibur,2,80 min 50 sec,83.7,47.6,37.09,12.06,7.6,Left Foot,direct,28,0.0083,0
f14fd1b55dc661ddb98b40843f502e7d,3900563,Ligue 1,2015-2016,Guingamp,Yannis Salibur,2,51 min 11 sec,81.9,25.1,40.91,10.42,14.9,Left Foot,direct,28,0.0085,0
e9e98f4693d2c950a0738d5f09fecbf8,3900563,Ligue 1,2015-2016,Guingamp,Yannis Salibur,2,60 min 28 sec,85.5,49.5,35.78,12.31,9.5,Left Foot,direct,28,0.0078,0
4409dfd8b23bef68340adcad720afa0a,3900565,Ligue 1,2015-2016,Lorient,Raphaël Guerreiro,2,86 min 34 sec,95.5,60.6,32.01,11.0,20.6,Left Foot,direct,7,0.0088,0
1e51677755da0d0e30222baefea593fc,3900566,Ligue 1,2015-2016,Stade de Reims,Atila Turan,2,89 min 42 sec,91.4,53.1,31.46,13.23,13.1,Left Foot,direct,2,0.032,0
0b2b688ee7dc40d9b2fea44e0058a428,3900566,Ligue 1,2015-2016,Stade de Reims,Diego,1,36 min 49 sec,87.9,48.6,33.23,13.28,8.6,Left Foot,direct,7,0.0236,0
84465037c45224ad34fb684ee7488aaf,3900566,Ligue 1,2015-2016,Stade de Reims,Diego,1,34 min 1 sec,78.6,44.0,41.59,10.94,4.0,Left Foot,direct,7,0.0079,0
8b313c5da912f3e7fe78bf476980f265,3900567,Ligue 1,2015-2016,Bordeaux,Henri Saivet,1,13 min 28 sec,85.5,42.0,34.56,13.18,2.0,Right Foot,direct,6,0.0209,0
1402cc72b8bec2ff4a6007026c99d6c6,3900568,Ligue 1,2015-2016,Lyon,Clément Grenier,2,82 min 3 sec,79.3,41.0,40.71,11.22,1.0,Right Foot,direct,10,0.0076,0
99b1eb588faaf63f417a251e7afedfd5,3900568,Ligue 1,2015-2016,Gazélec Ajaccio,Damjan Đoković,2,80 min 41 sec,111.0,62.8,24.51,7.02,22.8,Left Foot,direct,7,0.0074,0
bf4d0fefe3aa93f6d35fcaf1724e4144,3900569,Ligue 1,2015-2016,Saint-Étienne,Valentin Eysseric,2,59 min 36 sec,99.1,34.5,21.61,20.34,5.5,Right Foot,direct,9,0.0878,0
d992cf2bb95ec9026dee753bb1b6b3d2,3900569,Ligue 1,2015-2016,Saint-Étienne,Valentin Eysseric,2,85 min 20 sec,94.5,33.0,26.44,16.62,7.0,Right Foot,direct,9,0.0599,0
c4fe5b69ca74e7fe54e5946b4c4aec2c,3900569,Ligue 1,2015-2016,Saint-Étienne,Valentin Eysseric,2,49 min 26 sec,87.8,42.5,32.3,14.08,2.5,Right Foot,direct,9,0.0292,0
b3136697df20497680b6b052cf4414ea,3900569,Ligue 1,2015-2016,Saint-Étienne,Valentin Eysseric,1,39 min 20 sec,85.9,43.3,34.26,13.26,3.3,Right Foot,direct,9,0.0234,0
04d518b7ee17337ed1017aa48a6733b3,3900570,Ligue 1,2015-2016,Paris Saint-Germain,Zlatan Ibrahimović,1,31 min 5 sec,80.4,34.8,39.94,11.34,5.2,Right Foot,direct,29,0.0077,0
9ceebce8809767975800bd4c4c551c25,3900571,Ligue 1,2015-2016,Rennes,Juan Fernando Quintero,2,65 min 16 sec,95.8,57.3,29.75,12.56,17.3,Left Foot,direct,7,0.017,0
606edd3ee8a75a14163384000bd33652,3900572,Ligue 1,2015-2016,AS Monaco,João Moutinho,2,63 min 38 sec,104.8,13.3,30.72,7.47,26.7,Right Foot,direct,12,0.0082,0
b0df4e7528d728d3cf05f7d671d981b0,3900573,Ligue 1,2015-2016,Stade Malherbe Caen,Andy Delort,2,82 min 48 sec,107.6,62.7,25.87,8.64,22.7,Right Foot,direct,15,0.0079,0
fe23e93dab656128b89d81e39983af12,3900574,Ligue 1,2015-2016,Lyon,Claudio Beauvue,2,91 min 21 sec,91.2,38.7,28.83,15.78,1.3,Right Foot,direct,5,0.044,0
a2c69bda41d70c56fb27057a84088f9b,3900574,Ligue 1,2015-2016,Lyon,Clément Grenier,2,83 min 14 sec,87.7,39.0,32.32,14.11,1.0,Right Foot,direct,10,0.0276,0
3de33138fb4231cc16d052f1db9a44d9,3900575,Ligue 1,2015-2016,Toulouse,Wissam Ben Yedder,1,10 min 37 sec,89.8,55.0,33.72,12.16,15.0,Right Foot,direct,8,0.0083,0
be728e1eaa2b178bd8d751c7106b395f,3900577,Ligue 1,2015-2016,Guingamp,Yannis Salibur,2,84 min 40 sec,90.7,40.8,29.31,15.54,0.8,Left Foot,direct,28,0.0394,0
5d23067346d9f55388b2d45e10888be2,3900577,Ligue 1,2015-2016,Guingamp,Yannis Salibur,1,5 min 31 sec,76.3,32.3,44.37,10.15,7.7,Left Foot,direct,28,0.0061,0
82d5216f461789cea0cee0822cdcb071,3900577,Ligue 1,2015-2016,Guingamp,Yannis Salibur,1,40 min 47 sec,77.9,38.8,42.12,10.85,1.2,Left Foot,direct,28,0.0059,0
58f47cfef1c165fe51779232182347bf,3900577,Ligue 1,2015-2016,Olympique de Marseille,Abdelaziz Barrada,1,24 min 34 sec,96.5,26.3,27.2,14.56,13.7,Right Foot,direct,2,0.0443,0
215e3b201728a4e04c384efa6001e281,3900578,Ligue 1,2015-2016,Lille,Éric Bauthéac,2,62 min 25 sec,113.8,62.7,23.53,5.27,22.7,Left Foot,direct,9,0.0084,0
2174b6f83f38f5b3eef85f07a0b30644,3900578,Ligue 1,2015-2016,Lille,Yassine Benzia,1,9 min 35 sec,95.3,17.2,33.61,10.06,22.8,Right Foot,direct,2,0.0076,1
f47edf6fc9cf5c5223bb204a857beacb,3900578,Ligue 1,2015-2016,OGC Nice,Hatem Ben Arfa,2,82 min 2 sec,82.1,36.2,38.09,11.93,3.8,Left Foot,direct,15,0.0075,0
bf22857149fdae8b2c8cacbea44dd8b2,3900579,Ligue 1,2015-2016,Saint-Étienne,Romain Hamouma,2,71 min 29 sec,89.5,44.4,30.82,14.65,4.4,Right Foot,direct,5,0.0353,0
f9e253165ed27680a53d93fba241a314,3900579,Ligue 1,2015-2016,Nantes,Ermir Lenjani,2,53 min 30 sec,97.2,54.2,26.86,14.5,14.2,Left Foot,direct,4,0.0491,0
3f4ec8c3fdb4c8730a374a954e4e4647,3900580,Ligue 1,2015-2016,OGC Nice,Jean Michaël Seri,2,87 min 47 sec,113.9,7.5,33.07,2.59,32.5,Right Foot,direct,10,0.0066,0
61c7262cc3a24b1e089ca486e838e75f,3900581,Ligue 1,2015-2016,Bordeaux,Wahbi Khazri,2,87 min 30 sec,101.0,48.2,20.69,20.24,8.2,Right Foot,direct,13,0.085,0
206f6de3398e59f640d6f93a7abf547e,3900581,Ligue 1,2015-2016,Lille,Sébastien Corchia,1,13 min 29 sec,92.7,24.9,31.2,12.85,15.1,Right Foot,direct,9,0.0218,0
980b8dcc7813c348b9c8456aa704cb65,3900583,Ligue 1,2015-2016,Rennes,Jérémie Boga,1,34 min 8 sec,89.5,16.4,38.56,9.42,23.6,Right Foot,direct,3,0.0061,0
63efb3d8eeabcd16db17f583574db0f6,3900585,Ligue 1,2015-2016,Paris Saint-Germain,Zlatan Ibrahimović,1,29 min 42 sec,81.0,34.6,39.37,11.5,5.4,Right Foot,direct,29,0.0074,0
4f69a12f979ef00ccaf89faa6ae50ce0,3900585,Ligue 1,2015-2016,Paris Saint-Germain,Zlatan Ibrahimović,2,91 min 43 sec,86.7,20.2,38.74,10.17,19.8,Right Foot,direct,29,0.0071,0
7aabf8df96afcd99752e049cc7ba945e,3900585,Ligue 1,2015-2016,Toulouse,Wissam Ben Yedder,1,41 min 55 sec,100.2,50.9,22.6,17.75,10.9,Right Foot,direct,8,0.0783,0
71504fcf49b65b27e406636f15631667,3900586,Ligue 1,2015-2016,Guingamp,Yannis Salibur,2,76 min 49 sec,81.6,38.9,38.42,11.88,1.1,Left Foot,direct,28,0.007,0
f6e6f8349889cccbd51fb8ad176864dc,3900587,Ligue 1,2015-2016,Saint-Étienne,Jean-Christophe Bahebeck,1,8 min 12 sec,114.0,15.7,25.03,4.5,24.3,Right Foot,direct,5,0.0084,0
727be8085f0b22fc998f211f4c255789,3900587,Ligue 1,2015-2016,Lyon,Clément Grenier,2,48 min 57 sec,88.2,47.6,32.7,13.58,7.6,Right Foot,direct,10,0.0281,0
3bc824336fc37947475f5130a4fe38ca,3900588,Ligue 1,2015-2016,AS Monaco,João Moutinho,2,56 min 20 sec,99.5,29.6,22.99,17.75,10.4,Right Foot,direct,12,0.0776,1
965b63af41757747fc7bbb03ec15d99f,3900591,Ligue 1,2015-2016,Paris Saint-Germain,Zlatan Ibrahimović,2,84 min 37 sec,97.3,38.0,22.79,19.84,2.0,Right Foot,direct,29,0.0795,0
a0c80bb5b5b1f9099b0bafc5b964f226,3900591,Ligue 1,2015-2016,Angers,Billy Ketkeophomphone,1,15 min 46 sec,84.4,44.4,35.87,12.63,4.4,Right Foot,direct,3,0.0128,0
77d61f22fc5551335f8192299b7f1ca8,3900591,Ligue 1,2015-2016,Paris Saint-Germain,Zlatan Ibrahimović,1,6 min 5 sec,89.4,37.1,30.74,14.77,2.9,Right Foot,direct,29,0.0359,0
be2a8e4412e4090b9031832dbbe86098,3900591,Ligue 1,2015-2016,Angers,Pierrick Capelle,2,75 min 41 sec,91.0,36.5,29.21,15.49,3.5,Left Foot,direct,1,0.0377,0
413d2525162c143a7e2361e21cb7b8f0,3900594,Ligue 1,2015-2016,Bordeaux,Wahbi Khazri,1,18 min 53 sec,87.6,44.7,32.74,13.79,4.7,Right Foot,direct,13,0.0259,0
9a3e26cf56b005c98b9404f672ee8539,3900595,Ligue 1,2015-2016,OGC Nice,Jean Michaël Seri,2,63 min 13 sec,94.0,29.8,27.93,15.23,10.2,Right Foot,direct,10,0.0454,0
b437938719a56d41075e6e759d6535f3,3900596,Ligue 1,2015-2016,Guingamp,Yannis Salibur,1,43 min 18 sec,85.5,29.8,35.98,12.18,10.2,Left Foot,direct,28,0.0084,0
48597bd8d1d470c79544b6956df40ef5,3900598,Ligue 1,2015-2016,AS Monaco,Thomas Lemar,1,18 min 27 sec,95.9,61.2,32.1,10.76,21.2,Left Foot,direct,9,0.0094,0
8f5526eeab3bd623c01726775897d9e5,3900598,Ligue 1,2015-2016,Toulouse,Adrien Regattin,2,84 min 2 sec,100.5,24.9,24.66,14.76,15.1,Right Foot,direct,7,0.0499,0
4d20050a46d47d75d3d77e33349db609,3900599,Ligue 1,2015-2016,Saint-Étienne,Florentin Pogba,1,15 min 46 sec,87.6,39.4,32.41,14.07,0.6,Left Foot,direct,2,0.0245,0
355cc112bac3c4eaac39fc86ff065887,3900601,Ligue 1,2015-2016,Gazélec Ajaccio,Jacques Zoua Daogari,2,85 min 2 sec,93.5,42.2,26.59,17.05,2.2,Right Foot,direct,2,0.0586,0
55ff2a9fb1f45d9594b743d9b39822b1,3900601,Ligue 1,2015-2016,Gazélec Ajaccio,Mohamed Larbi,2,58 min 36 sec,91.7,36.1,28.57,15.8,3.9,Right Foot,direct,4,0.0518,0
b67f826d8aa5f1a2e20df8f440a2183d,3900603,Ligue 1,2015-2016,Toulouse,Adrien Regattin,2,79 min 18 sec,100.8,27.8,22.75,17.03,12.2,Right Foot,direct,7,0.0697,0
ac2e6f7f1cff9aafc41e8ee88512bdc0,3900603,Ligue 1,2015-2016,Toulouse,Wissam Ben Yedder,2,55 min 31 sec,95.6,54.6,28.43,13.84,14.6,Right Foot,direct,8,0.0401,0
6260d2dd4e1f1c3c22dfa9fa3b11da10,3900605,Ligue 1,2015-2016,Lyon,Rachid Ghezzal,1,14 min 28 sec,97.1,44.4,23.32,19.14,4.4,Left Foot,direct,6,0.0852,0
5d34283d08806c4129776291bbbd9e94,3900605,Ligue 1,2015-2016,Bastia,Gaël Danic,1,12 min 44 sec,82.1,41.7,37.94,12.03,1.7,Left Foot,direct,6,0.0062,0
a0215d31f4e4f4d90487f6b8c9e2e61b,3900606,Ligue 1,2015-2016,Nantes,Wilfried Moimbé,1,21 min 35 sec,91.3,57.4,33.56,11.68,17.4,Left Foot,direct,1,0.0079,0
4f82c013b2d8daee699f447d05167e63,3900606,Ligue 1,2015-2016,Troyes,Fabien Camus,1,32 min 47 sec,87.1,26.2,35.68,11.83,13.8,Right Foot,direct,5,0.0081,0
f41aed055a9fda8c4c2ad9dbe12deeec,3900608,Ligue 1,2015-2016,OGC Nice,Hatem Ben Arfa,2,58 min 7 sec,85.9,50.8,35.77,12.18,10.8,Left Foot,direct,15,0.0078,0
c1aeb16530be5fab152a96a342d98cf5,3900608,Ligue 1,2015-2016,OGC Nice,Jean Michaël Seri,2,84 min 47 sec,94.6,36.4,25.65,17.56,3.6,Right Foot,direct,10,0.0678,0
ef620671cc02a5571c4cdd08264645b0,3900608,Ligue 1,2015-2016,OGC Nice,Hatem Ben Arfa,1,28 min 39 sec,91.9,59.0,33.92,11.21,19.0,Left Foot,direct,15,0.0077,0
28faa496afbc31e0aea99bf8e565ef22,3900609,Ligue 1,2015-2016,Rennes,Juan Fernando Quintero,2,59 min 14 sec,111.2,66.0,27.45,5.45,26.0,Left Foot,direct,7,0.0073,0
cc519f41fad789857b06126ea8eaa1e6,3900609,Ligue 1,2015-2016,Bordeaux,Adam Ounas,1,33 min 40 sec,97.6,58.4,28.99,12.26,18.4,Left Foot,direct,1,0.0135,0
7bd90981c9ef46940ba8d5f8309c8dad,3900610,Ligue 1,2015-2016,Montpellier,Ryad Boudebouz,1,27 min 24 sec,90.2,46.0,30.4,14.71,6.0,Left Foot,direct,6,0.0415,0
f86d5752b42d8b3d0839ebecfb877407,3900610,Ligue 1,2015-2016,Olympique de Marseille,Bouna Sarr,1,14 min 28 sec,89.7,29.7,32.0,13.52,10.3,Right Foot,direct,1,0.0324,0
c9ad4ccbc235156e65ed7553d28a2d0d,3900611,Ligue 1,2015-2016,Bastia,Gaël Danic,2,71 min 27 sec,93.3,57.6,31.98,11.98,17.6,Left Foot,direct,6,0.0088,0
c0ddcd7fb9da2301df4ac53c77f3ed84,3900611,Ligue 1,2015-2016,Bastia,Gaël Danic,2,47 min 37 sec,87.8,38.6,32.23,14.14,1.4,Left Foot,direct,6,0.0285,0
ac3163695c63e00fc04087eb52efc8d7,3900614,Ligue 1,2015-2016,Lille,Sébastien Corchia,2,53 min 14 sec,92.8,26.5,30.37,13.5,13.5,Right Foot,direct,9,0.0348,0
fb4b4d2131f95b7c81ef37ac732ed629,3900615,Ligue 1,2015-2016,Nantes,Ermir Lenjani,2,60 min 17 sec,87.0,53.4,35.62,11.9,13.4,Left Foot,direct,4,0.0078,0
d09298af2dcfe53ec8f50913b3e9c9e3,3900616,Ligue 1,2015-2016,Lyon,Clément Grenier,1,11 min 1 sec,84.9,51.0,36.78,11.86,11.0,Right Foot,direct,10,0.0059,0
a37c2fb31a8da6940019464bbcbd2ef1,3900617,Ligue 1,2015-2016,Stade de Reims,Nicolas de Préville,2,72 min 29 sec,99.5,13.0,33.9,8.23,27.0,Right Foot,direct,11,0.0066,0
228c7182d9e8ec54180aa8e254b6e909,3900617,Ligue 1,2015-2016,Stade de Reims,Nicolas de Préville,1,6 min 40 sec,106.8,16.0,27.39,8.18,24.0,Right Foot,direct,11,0.0075,0
0339cbe1c1c6721cdc8eca3bfe37892b,3900618,Ligue 1,2015-2016,Paris Saint-Germain,Zlatan Ibrahimović,1,25 min 10 sec,95.1,24.9,29.12,13.46,15.1,Right Foot,direct,29,0.0411,0
66bb645a38007227ba3d73d485c0e4a4,3900618,Ligue 1,2015-2016,Paris Saint-Germain,Zlatan Ibrahimović,1,8 min 55 sec,83.5,49.1,37.62,11.79,9.1,Right Foot,direct,29,0.0073,0
bd6b3391d8142a3486ed38e3c944df0a,3900621,Ligue 1,2015-2016,Nantes,Adryan,1,36 min 12 sec,93.5,26.1,29.92,13.55,13.9,Right Foot,direct,6,0.0352,0
3f632cb130edf18f100da6f256b88c12,3900621,Ligue 1,2015-2016,Toulouse,Óscar Trejo,1,44 min 2 sec,103.1,15.4,29.85,8.79,24.6,Right Foot,direct,1,0.0091,0
80d1db7600f378d87a70099b9450a6da,3900622,Ligue 1,2015-2016,Troyes,Stéphane Darbion,1,41 min 24 sec,94.3,55.3,29.91,13.17,15.3,Left Foot,direct,3,0.0343,0
c77706afbaa94c65b6d4c111e8548d79,3900622,Ligue 1,2015-2016,Troyes,Fabien Camus,2,50 min 15 sec,99.2,29.0,23.53,17.2,11.0,Right Foot,direct,5,0.0729,0
caeb37dc8432304c81b2fad7cc7a493f,3900624,Ligue 1,2015-2016,Lyon,Mathieu Valbuena,2,67 min 45 sec,100.4,50.8,22.38,17.92,10.8,Right Foot,direct,10,0.0844,0
ce45d7c7f2b67102c9b23ebb8fb218ea,3900626,Ligue 1,2015-2016,Guingamp,Yannis Salibur,2,54 min 11 sec,77.1,29.0,44.29,10.0,11.0,Left Foot,direct,28,0.0068,0
4ea1653f255ce65c9497f2cf9f88a991,3900627,Ligue 1,2015-2016,Saint-Étienne,Oussama Tannane,1,2 min 35 sec,81.7,39.8,38.3,11.92,0.2,Left Foot,direct,3,0.0081,0
a77147d35edb88809d46013a75b05f47,3900628,Ligue 1,2015-2016,Lille,Éric Bauthéac,2,62 min 17 sec,98.7,46.4,22.24,19.6,6.4,Left Foot,direct,9,0.0846,0
fec0cfcc6f77673574ce032a344a0330,3900632,Ligue 1,2015-2016,Guingamp,Thibault Giresse,1,41 min 22 sec,98.4,47.9,23.0,18.62,7.9,Left Foot,direct,6,0.0801,1
617ea1a7e7432abaa60e7a795485e201,3900632,Ligue 1,2015-2016,Guingamp,Yannis Salibur,1,25 min 5 sec,90.0,38.3,30.05,15.14,1.7,Left Foot,direct,28,0.0394,0
aeadc750836157e3667a9fd94de4f904,3900633,Ligue 1,2015-2016,Troyes,Chaouki Ben Saada,2,55 min 11 sec,93.9,52.5,28.94,14.26,12.5,Left Foot,direct,1,0.0421,0
733145aa9eaf608b60aecbf89566f9b2,3900635,Ligue 1,2015-2016,Stade de Reims,Lass Bangoura,2,57 min 57 sec,98.5,31.1,23.27,18.12,8.9,Right Foot,direct,1,0.0776,0
94e2425a0718383f4e11c136afe27148,3900638,Ligue 1,2015-2016,Stade Malherbe Caen,Andy Delort,1,42 min 46 sec,95.6,46.7,25.3,17.36,6.7,Right Foot,direct,15,0.0773,0
3c9f6d71490318ae41759412848a36b9,3900639,Ligue 1,2015-2016,Saint-Étienne,Oussama Tannane,1,27 min 17 sec,91.9,22.0,33.37,11.57,18.0,Left Foot,direct,3,0.008,0
cac0cc765230e23c5db87a92e1fe90b2,3900639,Ligue 1,2015-2016,Saint-Étienne,Renaud Cohade,1,9 min 46 sec,97.2,24.2,27.74,13.61,15.8,Right Foot,direct,1,0.0443,0
fb4663e885dcae12bd8fe7e620ad322f,3901144,Ligue 1,2015-2016,Bordeaux,Thomas Touré,1,38 min 10 sec,96.0,26.8,27.39,14.65,13.2,Right Foot,direct,5,0.0496,0
210ef9e0feabb2bae87d7a5098ddcf6d,3901148,Ligue 1,2015-2016,Guingamp,Yannis Salibur,1,24 min 39 sec,84.6,49.8,36.73,11.99,9.8,Left Foot,direct,28,0.0073,0
4fea24f6385de02168a7b4b7541abc78,3901148,Ligue 1,2015-2016,Guingamp,Yannis Salibur,2,62 min 27 sec,84.1,44.9,36.23,12.49,4.9,Left Foot,direct,28,0.008,0
c2e9561306cf7f1c5a0dfeecea83dad7,3901148,Ligue 1,2015-2016,Lorient,Raphaël Guerreiro,2,92 min 23 sec,98.6,47.8,22.78,18.8,7.8,Left Foot,direct,7,0.0802,1
b3439b8daeda664c4fb1a1c2f276893d,3901149,Ligue 1,2015-2016,Troyes,Fabien Camus,1,39 min 43 sec,89.8,33.7,30.85,14.48,6.3,Right Foot,direct,5,0.0389,0
977c240a4ac5c635faa9245ccbc62df3,3901150,Ligue 1,2015-2016,Saint-Étienne,Jean-Christophe Bahebeck,1,43 min 46 sec,110.2,14.8,27.04,6.26,25.2,Right Foot,direct,5,0.0071,0
56b53f269e1ea41452ad2679d5f84976,3901150,Ligue 1,2015-2016,Saint-Étienne,Oussama Tannane,1,27 min 29 sec,90.8,53.7,32.25,12.85,13.7,Left Foot,direct,3,0.0223,0
18d3ac916b46de3e23d116d99538a3d6,3901151,Ligue 1,2015-2016,Lille,Sofiane Boufal,1,27 min 25 sec,99.1,3.5,42.06,5.45,36.5,Right Foot,direct,5,0.0064,1
f3e543b74469b2cee97989a3b8d16339,3901152,Ligue 1,2015-2016,Rennes,Paul-Georges Ntep,2,47 min 20 sec,107.3,16.5,26.71,8.29,23.5,Right Foot,direct,3,0.0082,0
7dfd2d18cbdce1ca0650270f128c3655,3901152,Ligue 1,2015-2016,Rennes,Sylvain Armand,2,50 min 45 sec,95.1,45.9,25.59,17.32,5.9,Left Foot,direct,2,0.0707,0
279ed886d0891030f5ffc00971fc668b,3901153,Ligue 1,2015-2016,Bastia,Sadio Diallo,2,55 min 58 sec,90.7,55.3,33.05,12.28,15.3,Right Foot,direct,6,0.008,0
78d3320f1ba978030c0c9a441e9df494,3901153,Ligue 1,2015-2016,Bastia,Floyd Ayité,2,50 min 53 sec,97.2,45.0,23.34,19.03,5.0,Right Foot,direct,3,0.0762,0
ab5cfd202d7681fc58185744f130e1d4,3901153,Ligue 1,2015-2016,Bastia,Sadio Diallo,2,60 min 40 sec,98.3,28.3,24.65,16.35,11.7,Right Foot,direct,6,0.0702,1
d7571a5f6fe2f0dce68f7efb3f646f6e,3901154,Ligue 1,2015-2016,Lorient,Rémi Mulumba,2,91 min 4 sec,96.1,39.0,23.92,18.97,1.0,Right Foot,direct,1,0.0727,0
ad6b480adbb831f3a6e836366874721a,3901155,Ligue 1,2015-2016,Lille,Sébastien Corchia,2,49 min 7 sec,95.7,25.3,28.4,13.81,14.7,Right Foot,direct,9,0.0413,0
cb63ff5311284639fc04966ea818b783,3901157,Ligue 1,2015-2016,Bordeaux,Diego Contento,1,37 min 37 sec,90.5,42.0,29.57,15.38,2.0,Left Foot,direct,2,0.0347,0
0b7bc2dcb95290dd3411abf11f956360,3901160,Ligue 1,2015-2016,Nantes,Kolbeinn Sigthórsson,2,70 min 26 sec,88.2,44.3,32.09,14.09,4.3,Right Foot,direct,9,0.0273,0
3b1d555d58f336a15f269bc071c79cd9,3901161,Ligue 1,2015-2016,Saint-Étienne,Valentin Eysseric,2,90 min 58 sec,95.4,33.4,25.47,17.28,6.6,Right Foot,direct,9,0.0706,1
03518213eed8f6c2d1d1359dd8e94f37,3901162,Ligue 1,2015-2016,AS Monaco,Thomas Lemar,2,55 min 6 sec,88.6,36.2,31.63,14.32,3.8,Left Foot,direct,9,0.0316,1
17d043df71ee0971113b188f8005d2ec,3901163,Ligue 1,2015-2016,OGC Nice,Alassane Pléa,1,41 min 54 sec,94.7,30.5,27.02,15.82,9.5,Right Foot,direct,1,0.058,0
c0fcea79aad0c6e063bd319be63128c9,3901163,Ligue 1,2015-2016,OGC Nice,Jean Michaël Seri,2,69 min 46 sec,91.0,33.8,29.66,15.04,6.2,Right Foot,direct,10,0.0433,0
367acdebb20ea217b70f208ad0935a4c,3901163,Ligue 1,2015-2016,OGC Nice,Hatem Ben Arfa,2,66 min 31 sec,99.9,44.3,20.55,21.58,4.3,Left Foot,direct,15,0.0844,0
251baf3d91777e5456edbe7512999648,3901164,Ligue 1,2015-2016,Angers,Billy Ketkeophomphone,2,69 min 7 sec,86.4,36.9,33.74,13.47,3.1,Right Foot,direct,3,0.0208,0
2b3b7a7cb7e69ae2fb3c340e27ce1c72,3901165,Ligue 1,2015-2016,Bordeaux,Abdou Traoré,2,64 min 7 sec,57.6,43.9,62.52,7.31,3.9,Right Foot,direct,1,0.0042,0
5e3ff59a34a9849c8d3b1e9e243be26f,3901166,Ligue 1,2015-2016,Paris Saint-Germain,Ángel Di María,1,29 min 10 sec,89.4,54.2,33.73,12.31,14.2,Left Foot,direct,3,0.0085,0
22b84d901ca126b54ca5cc4ba518169a,3901166,Ligue 1,2015-2016,Paris Saint-Germain,Zlatan Ibrahimović,2,79 min 53 sec,99.0,17.2,31.0,10.08,22.8,Right Foot,direct,29,0.0078,0
bd1edfca0bfa81539c5d04cb1ea26e41,3901168,Ligue 1,2015-2016,Lille,Rony Lopes,2,62 min 21 sec,99.2,52.3,24.16,16.33,12.3,Left Foot,direct,3,0.0629,1
79454cd68eea29dcfea7bd12dbeab350,3901168,Ligue 1,2015-2016,Stade de Reims,Diego,1,27 min 49 sec,86.7,45.5,33.75,13.34,5.5,Left Foot,direct,7,0.0209,0
a5dd84a502b3231b8e225482e931404c,3901169,Ligue 1,2015-2016,Olympique de Marseille,Romain Alessandrini,2,85 min 25 sec,118.4,63.7,23.75,1.34,23.7,Left Foot,direct,8,0.0077,0
9964d454e2dacdddf15d3f651fb97b8d,3901169,Ligue 1,2015-2016,Toulouse,Martin Braithwaite,2,59 min 4 sec,87.3,24.7,36.1,11.49,15.3,Right Foot,direct,7,0.0084,0
b1be2b724f739ededbac90c36722d085,3901170,Ligue 1,2015-2016,Nantes,Adryan,1,29 min 4 sec,100.9,25.3,24.1,15.14,14.7,Right Foot,direct,6,0.06,0
588a1627c85237d0d3566e46a9c5ed64,3901170,Ligue 1,2015-2016,Rennes,Ousmane Dembélé,1,22 min 49 sec,84.5,24.3,38.82,10.79,15.7,Right Foot,direct,3,0.0074,1
1c71b8aba14f1239222da87c348dabfa,3901171,Ligue 1,2015-2016,Guingamp,Yannis Salibur,2,88 min 55 sec,95.5,22.2,30.28,12.27,17.8,Left Foot,direct,28,0.0121,0
ea8cb7b8c46f0c6b3542077c498e344a,3901173,Ligue 1,2015-2016,Gazélec Ajaccio,Damjan Đoković,1,18 min 44 sec,91.3,49.0,30.08,14.49,9.0,Left Foot,direct,7,0.04,0
cc1342369514c864841b3b1eb5eea585,3901174,Ligue 1,2015-2016,AS Monaco,João Moutinho,2,71 min 4 sec,93.4,25.0,30.54,13.07,15.0,Right Foot,direct,12,0.0325,0
b26d69aa56a9449a6757ce60b9abb34f,3901175,Ligue 1,2015-2016,OGC Nice,Hatem Ben Arfa,1,24 min 48 sec,85.6,35.9,34.64,13.08,4.1,Left Foot,direct,15,0.0206,0
14ff0130f6993302e562571f99433932,3901176,Ligue 1,2015-2016,Bordeaux,Thomas Touré,2,81 min 58 sec,94.0,47.3,27.01,16.26,7.3,Right Foot,direct,5,0.055,0
32d881bc7b8b50bb6a5819dc280765ec,3901176,Ligue 1,2015-2016,Bordeaux,Malcom,1,22 min 24 sec,93.2,26.7,29.92,13.71,13.3,Left Foot,direct,3,0.0385,0
f932e1a77fbe2caceecb61baee3de7d3,3901177,Ligue 1,2015-2016,Bastia,Floyd Ayité,2,68 min 21 sec,94.0,29.2,28.15,14.99,10.8,Right Foot,direct,3,0.0488,0
ca267d633bee75b050b460e5b236d125,3901178,Ligue 1,2015-2016,Lorient,Walid Mesloub,2,68 min 23 sec,99.4,20.6,28.3,11.86,19.4,Right Foot,direct,2,0.0107,0
c9af966e48c13097362e18d89d4e7aab,3901178,Ligue 1,2015-2016,Olympique de Marseille,Michy Batshuayi,2,52 min 53 sec,92.8,29.1,29.3,14.48,10.9,Right Foot,direct,6,0.0402,0
8c69736d2602d5f2ff116c648a8e8749,3901179,Ligue 1,2015-2016,Gazélec Ajaccio,Mohamed Larbi,2,87 min 55 sec,92.0,48.2,29.18,15.01,8.2,Right Foot,direct,4,0.0429,0
c34f27e3e5ca89320048d0f0aa239895,3901179,Ligue 1,2015-2016,Gazélec Ajaccio,Damjan Đoković,2,79 min 58 sec,85.3,37.4,34.8,13.08,2.6,Left Foot,direct,7,0.0193,0
e891b89228b280cbe1845ab8949e7e44,3901181,Ligue 1,2015-2016,Lyon,Rachid Ghezzal,1,17 min 38 sec,91.6,45.4,28.91,15.49,5.4,Left Foot,direct,6,0.0417,0
719c736c192b467d19db63bf9cc53344,3901181,Ligue 1,2015-2016,Lyon,Rachid Ghezzal,2,56 min 49 sec,103.1,67.6,32.36,7.47,27.6,Left Foot,direct,6,0.007,0
51c2b1931c48054b43b7452dc3ae145f,3901181,Ligue 1,2015-2016,Rennes,Ousmane Dembélé,1,32 min 7 sec,97.5,36.1,22.84,19.6,3.9,Right Foot,direct,3,0.0821,0
a7e835eafa3e3cedd7cc3aacb19385be,3901182,Ligue 1,2015-2016,Nantes,Adryan,1,48 min 4 sec,97.0,13.6,35.01,8.65,26.4,Right Foot,direct,6,0.0068,0
771fa20df4323cd1531abc5221323a2f,3901182,Ligue 1,2015-2016,Nantes,Kolbeinn Sigthórsson,1,7 min 48 sec,95.9,35.0,24.61,18.1,5.0,Right Foot,direct,9,0.0739,0
3b647f1c555581623603a08086d8857a,3901185,Ligue 1,2015-2016,Stade de Reims,Nicolas de Préville,1,15 min 43 sec,76.2,29.8,44.97,9.91,10.2,Right Foot,direct,11,0.0055,0
71ac8338d900b8b8b9d3ae92b4a828e5,3901187,Ligue 1,2015-2016,Angers,Thomas Mangani,1,5 min 5 sec,98.2,22.8,27.77,13.01,17.2,Left Foot,direct,5,0.0339,0
73d5a2eda4681f783a0517a573160397,3901187,Ligue 1,2015-2016,Angers,Thomas Mangani,2,73 min 25 sec,99.1,54.4,25.38,14.9,14.4,Left Foot,direct,5,0.052,0
74b2d077bbbeb644d6090e8431906353,3901193,Ligue 1,2015-2016,AS Monaco,Thomas Lemar,1,43 min 5 sec,90.5,50.5,31.31,13.75,10.5,Left Foot,direct,9,0.0356,0
5dee2fe88ad11807d08210b701fb0665,3901195,Ligue 1,2015-2016,Gazélec Ajaccio,Damjan Đoković,2,69 min 42 sec,96.1,45.7,24.57,18.02,5.7,Left Foot,direct,7,0.0687,0
d2f8b642e80d2d25b6fba91d232e3a4b,3901195,Ligue 1,2015-2016,Saint-Étienne,Jean-Christophe Bahebeck,2,53 min 28 sec,89.3,41.6,30.74,14.81,1.6,Right Foot,direct,5,0.0321,0
b09fae490f9c2d4680e575cedeca38e0,3901196,Ligue 1,2015-2016,OGC Nice,Hatem Ben Arfa,2,71 min 56 sec,94.0,37.7,26.1,17.36,2.3,Left Foot,direct,15,0.062,0
9a7b2a56e504b2b0d3db601d4a43a1f8,3901196,Ligue 1,2015-2016,Paris Saint-Germain,Zlatan Ibrahimović,1,33 min 29 sec,100.8,44.7,19.77,22.29,4.7,Right Foot,direct,29,0.0899,1
a7c8561a728129a6e818df78ef02f39f,3901197,Ligue 1,2015-2016,Montpellier,Ryad Boudebouz,2,75 min 17 sec,92.2,40.7,27.81,16.37,0.7,Left Foot,direct,6,0.0538,0
c25dd6fae6753fa316729237aa319f13,3901198,Ligue 1,2015-2016,Angers,Billy Ketkeophomphone,1,40 min 11 sec,98.7,26.1,25.43,15.11,13.9,Right Foot,direct,3,0.0553,0
d9861db14b303fd87c6487db238d32da,3901199,Ligue 1,2015-2016,Rennes,Kamil Grosicki,1,45 min 52 sec,100.9,59.7,27.44,11.71,19.7,Right Foot,direct,4,0.0118,0
76b00aee708ff5f64986e7926d0d641f,3901199,Ligue 1,2015-2016,Stade de Reims,Diego,1,39 min 33 sec,91.5,53.0,31.32,13.29,13.0,Left Foot,direct,7,0.0338,0
9fe82cdde2e7522ff6265aec025712c4,3901199,Ligue 1,2015-2016,Stade de Reims,Nicolas de Préville,2,75 min 8 sec,90.5,52.9,32.2,13.02,12.9,Right Foot,direct,11,0.0223,0
e0f45137b41ac7c7f12d91cdf7c37aa9,3901200,Ligue 1,2015-2016,Toulouse,Wissam Ben Yedder,2,74 min 29 sec,101.1,30.8,21.02,19.55,9.2,Right Foot,direct,8,0.0854,0
9e2f266a75319f5f34d2053de60d8881,3901201,Ligue 1,2015-2016,Olympique de Marseille,Florian Thauvin,2,50 min 23 sec,95.4,48.8,26.13,16.45,8.8,Left Foot,direct,2,0.0654,0
e4143ef7aa7939f3a0b125406448c774,3901201,Ligue 1,2015-2016,Olympique de Marseille,Romain Alessandrini,2,77 min 42 sec,89.6,57.0,34.83,11.48,17.0,Left Foot,direct,8,0.0085,0
bd48e6ec18058b3ea5d436c7ec00573e,3901201,Ligue 1,2015-2016,Olympique de Marseille,Romain Alessandrini,2,81 min 53 sec,94.0,44.8,26.44,16.94,4.8,Left Foot,direct,8,0.0582,0
ce8ff232ea130425e37e94b38a1a2077,3901202,Ligue 1,2015-2016,Lorient,Raphaël Guerreiro,1,9 min 4 sec,89.8,36.0,30.46,14.84,4.0,Left Foot,direct,7,0.0338,0
ae19888f26914a461c842ab848ad0e49,3901203,Ligue 1,2015-2016,Nantes,Kolbeinn Sigthórsson,1,8 min 15 sec,81.8,43.2,38.33,11.87,3.2,Right Foot,direct,9,0.0072,0
8b9d654e9b990cfac9230929d6b8e91b,3901203,Ligue 1,2015-2016,Nantes,Kolbeinn Sigthórsson,1,9 min 46 sec,101.1,29.3,21.72,18.36,10.7,Right Foot,direct,9,0.0864,0
ff63ace8cb1becf2c3ef4c357680defe,3901203,Ligue 1,2015-2016,Nantes,Kolbeinn Sigthórsson,2,50 min 38 sec,84.2,39.1,35.81,12.74,0.9,Right Foot,direct,9,0.0143,0
086a56425ac0effb132f05ad0d4b6d9b,3901203,Ligue 1,2015-2016,Nantes,Adryan,2,51 min 30 sec,113.1,17.5,23.53,5.86,22.5,Right Foot,direct,6,0.0079,0
2e5ccb9323f4ec5916ce059242c192ab,3901204,Ligue 1,2015-2016,Lyon,Mathieu Valbuena,2,88 min 11 sec,105.7,15.4,28.45,8.2,24.6,Right Foot,direct,10,0.0074,0
950b4ad3ef8aa3117357aff92f576203,3901207,Ligue 1,2015-2016,Stade de Reims,Nicolas de Préville,2,79 min 22 sec,100.5,37.3,19.69,22.78,2.7,Right Foot,direct,11,0.0902,0
24256036b4f2081bcb4d461f88ebac32,3901207,Ligue 1,2015-2016,Nantes,Kolbeinn Sigthórsson,1,17 min 14 sec,87.4,26.5,35.28,11.98,13.5,Right Foot,direct,9,0.0068,0
35dc41b41ab7909c5438e226fb7f4df6,3901208,Ligue 1,2015-2016,Paris Saint-Germain,Hervin Scicchitano Ongenda,1,45 min 31 sec,82.0,43.0,38.12,11.94,3.0,Right Foot,direct,1,0.0079,0
1924cf46d433e72eb6bda6a7f08d8186,3901210,Ligue 1,2015-2016,Saint-Étienne,Valentin Eysseric,2,85 min 39 sec,97.8,38.8,22.23,20.37,1.2,Right Foot,direct,9,0.0783,0
2f3649e96a29afb3450c4552ecd8b66f,3901210,Ligue 1,2015-2016,Saint-Étienne,Valentin Eysseric,2,71 min 2 sec,93.2,45.9,27.44,16.22,5.9,Right Foot,direct,9,0.0523,0
823920883e103542d9137d456dc1bd99,3901213,Ligue 1,2015-2016,Rennes,Jérémie Boga,2,86 min 44 sec,97.3,17.3,32.1,10.15,22.7,Right Foot,direct,3,0.0079,0
d1fe471bdb5e4433de91b563ed8f00ae,3901213,Ligue 1,2015-2016,OGC Nice,Hatem Ben Arfa,2,71 min 29 sec,98.9,58.6,28.13,12.28,18.6,Left Foot,direct,15,0.011,0
ffcdc045854db9e68464c86bdade8a26,3901214,Ligue 1,2015-2016,Lyon,Nabil Fekir,2,85 min 29 sec,97.0,51.9,25.9,15.7,11.9,Left Foot,direct,6,0.0568,0
ffafff54fb2a41213ea3dadaa80f5572,3901214,Ligue 1,2015-2016,Lyon,Rachid Ghezzal,2,88 min 7 sec,95.1,56.6,29.93,12.76,16.6,Left Foot,direct,6,0.0249,0
6678fb663a95f4842044f9a67326ca32,3901214,Ligue 1,2015-2016,Lyon,Mathieu Valbuena,2,81 min 48 sec,99.7,35.7,20.75,21.39,4.3,Right Foot,direct,10,0.0886,0
2e21652402edefe7aea75ad854f0b475,3901215,Ligue 1,2015-2016,Lille,Sofiane Boufal,2,51 min 36 sec,106.4,9.9,33.03,5.78,30.1,Right Foot,direct,5,0.0074,0
1dfc97db234ffff9edc78dd763f5341e,3901215,Ligue 1,2015-2016,Lille,Sébastien Corchia,2,94 min 41 sec,87.0,29.5,34.63,12.58,10.5,Right Foot,direct,9,0.0129,0
7d2ce10dd08d471e1303b7dc6d9b0df2,3901216,Ligue 1,2015-2016,Paris Saint-Germain,Edinson Cavani,1,24 min 8 sec,99.2,26.9,24.58,15.79,13.1,Right Foot,direct,5,0.0598,0
314c2283ab3e1f5c76e6a107d79fa15d,3901216,Ligue 1,2015-2016,Stade Malherbe Caen,Jordan Leborgne,2,67 min 27 sec,89.4,42.4,30.69,14.81,2.4,Right Foot,direct,1,0.0378,0
817fa7095d31868631fbe90b9a42da95,3901217,Ligue 1,2015-2016,Stade de Reims,Nicolas de Préville,1,28 min 0 sec,89.7,49.1,31.64,13.83,9.1,Right Foot,direct,11,0.0304,0
8e8f82362943d5973311f125e1ac20a8,3901217,Ligue 1,2015-2016,Stade de Reims,Nicolas de Préville,1,39 min 48 sec,91.9,53.1,31.0,13.38,13.1,Right Foot,direct,11,0.0322,0
3d2d31f44996fd718324f162f900a40c,3901218,Ligue 1,2015-2016,Bordeaux,Thomas Touré,1,36 min 1 sec,85.8,31.7,35.19,12.61,8.3,Right Foot,direct,5,0.0135,0
b9bfaf8e6ae5da444e264cbb5e2a61ff,3901218,Ligue 1,2015-2016,Bordeaux,Thomas Touré,1,21 min 15 sec,88.0,28.4,34.04,12.63,11.6,Right Foot,direct,5,0.0147,0
2fd4dbaa60a62602d3b1f1c0edb6033d,3901218,Ligue 1,2015-2016,Bordeaux,Malcom,2,69 min 40 sec,96.4,25.5,27.7,14.11,14.5,Left Foot,direct,3,0.0409,0
d2152b7193d65cd2787b45ba19548751,3901218,Ligue 1,2015-2016,Bordeaux,Diego Contento,2,77 min 59 sec,87.8,44.1,32.46,13.94,4.1,Left Foot,direct,2,0.0267,0
e2eefe57ebe0ca7d35d0471f60857896,3901218,Ligue 1,2015-2016,Bordeaux,Thomas Touré,2,68 min 18 sec,97.7,32.8,23.43,18.5,7.2,Right Foot,direct,5,0.0732,0
a0afe8a23fde125f78a484e20585111b,3901220,Ligue 1,2015-2016,Saint-Étienne,Nolan Roux,1,6 min 9 sec,95.0,50.8,27.23,15.41,10.8,Right Foot,direct,2,0.057,0
d24dca33adea0fad230231de6d5299da,3901221,Ligue 1,2015-2016,Guingamp,Thibault Giresse,1,5 min 40 sec,99.1,52.9,24.56,15.89,12.9,Left Foot,direct,6,0.0673,0
2afd0e3e07fd40abd433cd135188ce06,3901221,Ligue 1,2015-2016,Guingamp,Thibault Giresse,2,91 min 43 sec,88.0,47.6,32.89,13.51,7.6,Left Foot,direct,6,0.0268,0
fa7538e23ea70066503e791753fb4f3d,3901221,Ligue 1,2015-2016,Rennes,Kamil Grosicki,2,56 min 34 sec,100.2,40.3,19.8,22.84,0.3,Right Foot,direct,4,0.1011,0
35839c4c7ddd8d842a07d46ef282685b,3901222,Ligue 1,2015-2016,Montpellier,Ryad Boudebouz,2,91 min 54 sec,100.9,50.4,21.75,18.49,10.4,Left Foot,direct,6,0.0827,0
be841aec8e7b4aea616497c1f772adb5,3901223,Ligue 1,2015-2016,AS Monaco,Hélder Costa,2,65 min 7 sec,100.1,56.8,26.04,13.52,16.8,Left Foot,direct,1,0.046,0
4fc4f571c46555e2ba3b5fd8066c9654,3901223,Ligue 1,2015-2016,AS Monaco,Fabinho,1,44 min 52 sec,91.7,48.4,29.52,14.82,8.4,Right Foot,direct,2,0.0455,0
6b80f5a77cfeada2bea9cb1c68bbd843,3901225,Ligue 1,2015-2016,Lyon,Clément Grenier,2,72 min 14 sec,91.1,49.9,30.55,14.15,9.9,Right Foot,direct,10,0.033,1
c9a70559b9975a183da3b944a1b13cad,3901225,Ligue 1,2015-2016,Lyon,Mathieu Valbuena,1,28 min 11 sec,93.3,29.9,28.55,14.97,10.1,Right Foot,direct,10,0.045,0
e83c24b89e4e84b5076f1a0ba3e6fb45,3901226,Ligue 1,2015-2016,Troyes,Fabien Camus,1,42 min 39 sec,100.9,31.1,21.07,19.65,8.9,Right Foot,direct,5,0.0863,0
eae4c8fe1d953b1297d1f2a41a7f1ead,3901227,Ligue 1,2015-2016,Olympique de Marseille,Florian Thauvin,2,80 min 49 sec,93.7,45.8,26.93,16.52,5.8,Left Foot,direct,2,0.0578,0
275821e4c4a2dbf4917365019263b408,3901229,Ligue 1,2015-2016,Guingamp,Thibault Giresse,2,62 min 56 sec,93.0,36.1,27.28,16.52,3.9,Left Foot,direct,6,0.055,0
5ea45bf3fafac100294041b256c864a4,3901229,Ligue 1,2015-2016,Stade Malherbe Caen,Andy Delort,1,41 min 59 sec,82.7,49.6,38.52,11.49,9.6,Right Foot,direct,15,0.0074,0
89ecf512dfc207b3f0bef1b642dfd347,3901233,Ligue 1,2015-2016,Paris Saint-Germain,Zlatan Ibrahimović,1,35 min 14 sec,98.1,43.4,22.16,20.24,3.4,Right Foot,direct,29,0.1016,0
d0f2e00e54333d7210ea547eb75b09db,3901234,Ligue 1,2015-2016,Stade de Reims,Nicolas de Préville,1,39 min 18 sec,97.4,56.1,27.75,13.48,16.1,Right Foot,direct,11,0.0414,0
b4de928d2d061be9c16fcfb2d91dcca5,3901235,Ligue 1,2015-2016,Lyon,Clément Grenier,2,74 min 45 sec,93.4,61.5,34.2,10.45,21.5,Right Foot,direct,10,0.0083,0
68a8dc502cffab5384f0b5a6de86132c,3901236,Ligue 1,2015-2016,Nantes,Adryan,1,36 min 18 sec,99.5,24.3,25.82,14.15,15.7,Right Foot,direct,6,0.0529,0
753a36cd418d5f0a2807e55c66e71e10,3901236,Ligue 1,2015-2016,OGC Nice,Hatem Ben Arfa,2,74 min 44 sec,108.0,64.6,27.37,7.46,24.6,Left Foot,direct,15,0.0077,0
b7d3392f4064e9f12e53ddf7c324fca4,3901236,Ligue 1,2015-2016,OGC Nice,Hatem Ben Arfa,1,45 min 8 sec,90.9,57.0,33.7,11.74,17.0,Left Foot,direct,15,0.0083,0
eff3b4122389a6e7e29ca292ea94080d,3901237,Ligue 1,2015-2016,Saint-Étienne,Romain Hamouma,2,76 min 31 sec,94.0,31.9,27.23,16.0,8.1,Right Foot,direct,5,0.055,0
55335bb02c12bbc1e1c3b3ca545ed30d,3901238,Ligue 1,2015-2016,Guingamp,Yannis Salibur,1,25 min 53 sec,82.4,38.6,37.63,12.13,1.4,Left Foot,direct,28,0.0068,0
e63ee8d9add6721a278f1150d712cece,3901240,Ligue 1,2015-2016,Lille,Rony Lopes,1,42 min 1 sec,81.5,38.1,38.55,11.83,1.9,Left Foot,direct,3,0.0058,0
bd5dca47961ba83cfb8ca0724b71f902,3901241,Ligue 1,2015-2016,Stade Malherbe Caen,Andy Delort,2,63 min 29 sec,94.7,22.0,31.05,12.05,18.0,Right Foot,direct,15,0.0106,0
c1365726d8b8256fa4db04ae7cb6b785,3901242,Ligue 1,2015-2016,Angers,Thomas Mangani,1,16 min 59 sec,101.1,31.0,20.93,19.7,9.0,Left Foot,direct,5,0.0871,0
2be998c1f4fff2b18202b35b18fde179,3901244,Ligue 1,2015-2016,Toulouse,Wissam Ben Yedder,2,95 min 21 sec,91.7,50.2,30.08,14.29,10.2,Right Foot,direct,8,0.0363,0
4a0c9e7a0399f0c613120b6b2e2e2940,3901244,Ligue 1,2015-2016,Troyes,Benjamin Nivet,1,4 min 50 sec,93.6,33.0,27.31,16.14,7.0,Right Foot,direct,3,0.0552,0
5d9dc8359ee365c6a38a37891614d84c,3901244,Ligue 1,2015-2016,Toulouse,Martin Braithwaite,1,13 min 58 sec,92.2,44.3,28.13,16.01,4.3,Right Foot,direct,7,0.0519,0
c3d06a6e5419ef60b9c0964f34080477,3901244,Ligue 1,2015-2016,Toulouse,Adrien Regattin,1,19 min 17 sec,87.0,34.0,33.54,13.39,6.0,Right Foot,direct,7,0.0262,0
8b9dfb0baeed58ccdcbf0a664d3e72ea,3901245,Ligue 1,2015-2016,Bordeaux,Malcom,1,27 min 30 sec,91.2,48.5,30.03,14.58,8.5,Left Foot,direct,3,0.0414,0
69935e47b0235f12762d9d22e1479ffb,3901245,Ligue 1,2015-2016,Bordeaux,Jaroslav Plašil,1,29 min 1 sec,98.0,22.5,28.11,12.81,17.5,Right Foot,direct,2,0.0255,0
a8efd2d6730f51dbc2331268dc06fc4f,3901246,Ligue 1,2015-2016,Stade Malherbe Caen,Ronny Rodelin,2,50 min 21 sec,95.5,48.7,26.0,16.54,8.7,Right Foot,direct,1,0.0649,0
a33d9b720bc89bed26b5f12f99705cda,3901248,Ligue 1,2015-2016,Lille,Rony Lopes,1,42 min 24 sec,88.9,50.9,32.95,13.09,10.9,Left Foot,direct,3,0.0241,0
7cab35c5feedb01db351340e9014754e,3901248,Ligue 1,2015-2016,Guingamp,Thibault Giresse,1,21 min 14 sec,86.6,39.8,33.4,13.66,0.2,Left Foot,direct,6,0.0181,0
1036a740c630fae7132a0c37d562626a,3901250,Ligue 1,2015-2016,OGC Nice,Hatem Ben Arfa,2,56 min 23 sec,97.1,40.2,22.9,19.81,0.2,Left Foot,direct,15,0.0866,0
40b05f10ac38856ddc7f03e5dd0a380c,3901250,Ligue 1,2015-2016,OGC Nice,Jean Michaël Seri,2,68 min 3 sec,94.3,37.1,25.86,17.48,2.9,Right Foot,direct,10,0.0677,0
71c53012a782de8af11af9d56258481f,3901251,Ligue 1,2015-2016,Stade de Reims,Nicolas de Préville,1,7 min 56 sec,99.9,20.6,27.94,11.88,19.4,Right Foot,direct,11,0.0136,0
0782ab199a3f112f84b06fff790bafbe,3901252,Ligue 1,2015-2016,Lyon,Rachid Ghezzal,2,65 min 19 sec,93.7,53.6,29.61,13.74,13.6,Left Foot,direct,6,0.0384,0
645831e8dcba86656b557101b3e3609a,3901254,Ligue 1,2015-2016,Lyon,Clément Grenier,1,41 min 36 sec,87.0,36.0,33.24,13.63,4.0,Right Foot,direct,10,0.024,0
ab2e77ac492ed86a97fc50cc212ed8a1,3901255,Ligue 1,2015-2016,Toulouse,Yann Bodiger,2,79 min 50 sec,110.7,62.5,24.35,7.35,22.5,Left Foot,direct,1,0.009,1
3bbcc1b22548655f5002fa49ad7ad93c,3901255,Ligue 1,2015-2016,Angers,Gilles Sunu,1,25 min 22 sec,84.3,39.2,35.71,12.78,0.8,Right Foot,direct,3,0.0157,0
7d105fce9687fa559facec3fb1d401b2,3901255,Ligue 1,2015-2016,Toulouse,Adrien Regattin,1,8 min 23 sec,115.0,17.7,22.85,4.52,22.3,Right Foot,direct,7,0.0096,0
4b0621c6645243ab1316d8b291f00082,3901256,Ligue 1,2015-2016,AS Monaco,João Moutinho,1,23 min 21 sec,100.7,32.6,20.67,20.58,7.4,Right Foot,direct,12,0.099,0
b71d86bebd2d685e859cedba0a3d02e7,3901257,Ligue 1,2015-2016,Lille,Sébastien Corchia,1,1 min 51 sec,93.6,27.8,29.08,14.28,12.2,Right Foot,direct,9,0.0411,0
a17666ba08857379c472eadad9716d53,3901261,Ligue 1,2015-2016,Nantes,Ermir Lenjani,2,69 min 30 sec,95.4,42.0,24.68,18.35,2.0,Left Foot,direct,4,0.0694,0
d8efdf1d8a81b32cd21b5b712b430b47,3901261,Ligue 1,2015-2016,Paris Saint-Germain,Zlatan Ibrahimović,2,51 min 42 sec,100.2,31.5,21.55,19.46,8.5,Right Foot,direct,29,0.0863,0
3f5366a6b689d1d22de6c139928193d9,3901261,Ligue 1,2015-2016,Paris Saint-Germain,Zlatan Ibrahimović,2,80 min 28 sec,95.7,53.1,27.61,14.6,13.1,Right Foot,direct,29,0.0444,0
498c9e7d8b56d48624288f9c8e91d82e,3901262,Ligue 1,2015-2016,Stade Malherbe Caen,Andy Delort,1,3 min 9 sec,92.1,33.6,28.62,15.53,6.4,Right Foot,direct,15,0.0518,0
a2c278c51fcbbce15be2e4b977d948b3,3753973,Premier League,2015-2016,Chelsea,Cesc Fàbregas,1,47 min 39 sec,95.5,33.7,25.3,17.44,6.3,Right Foot,direct,3,0.0678,1
9efb2a7ce18437911853897e887083c4,3753973,Premier League,2015-2016,Chelsea,Willian,1,40 min 7 sec,90.9,32.9,29.95,14.8,7.1,Right Foot,direct,17,0.0367,0
4b3c5aac7c4edbd479de574760a75c08,3753973,Premier League,2015-2016,West Ham United,Dimitri Payet,2,92 min 31 sec,91.3,42.0,28.77,15.79,2.0,Right Foot,direct,19,0.0452,0
c2406f6e9838b0111c3463f95a2a130b,3753974,Premier League,2015-2016,Everton,Leighton Baines,1,5 min 17 sec,94.5,51.8,28.1,14.77,11.8,Left Foot,direct,4,0.0495,0
37881d2200b0b4c3f5dc71be3ff96b7b,3753974,Premier League,2015-2016,Everton,Kevin Mirallas,1,42 min 8 sec,88.1,35.0,32.29,13.96,5.0,Right Foot,direct,6,0.0279,0
c854dfcf6a5b8a1187541ec6da38a5e7,3753976,Premier League,2015-2016,Arsenal,Alexis Sánchez,2,67 min 41 sec,97.2,25.0,27.29,14.05,15.0,Right Foot,direct,12,0.0467,0
7e7ad37c7ece9653da48160080df63a6,3753978,Premier League,2015-2016,Swansea City,Gylfi Sigurðsson,1,25 min 5 sec,95.7,42.5,24.43,18.51,2.5,Right Foot,direct,17,0.0696,0
37cc001052c7a99d2d9dabdfce730790,3753978,Premier League,2015-2016,Southampton,Virgil van Dijk,2,66 min 56 sec,94.6,26.9,28.58,14.24,13.1,Right Foot,direct,3,0.0444,0
4cbd1ef51cc85e5e785fa699c74d56b9,3753979,Premier League,2015-2016,Sunderland,Yann M'Vila,2,66 min 38 sec,94.2,22.3,31.29,12.1,17.7,Right Foot,direct,3,0.01,0
f44ac926c33163607fe087ab1889a430,3753979,Premier League,2015-2016,Crystal Palace,Yohan Cabaye,2,95 min 47 sec,98.7,56.5,26.94,13.5,16.5,Right Foot,direct,9,0.0456,0
a9e30d12a5df54247635a61484fa4c49,3753981,Premier League,2015-2016,Crystal Palace,Yohan Cabaye,2,68 min 58 sec,97.8,22.8,28.08,12.94,17.2,Right Foot,direct,9,0.0327,0
fbef3aa23a0115b447c7cb13d08ebca2,3753981,Premier League,2015-2016,Crystal Palace,Yohan Cabaye,2,55 min 39 sec,87.7,20.1,37.94,10.29,19.9,Right Foot,direct,9,0.0074,0
74a7ed8dfdb829e34f7351300b6eb1f9,3753983,Premier League,2015-2016,Swansea City,Gylfi Sigurðsson,1,31 min 20 sec,100.1,21.1,27.44,12.19,18.9,Right Foot,direct,17,0.0125,0
6ca9e52a53981dabf51f51daeccd8b92,3753986,Premier League,2015-2016,Stoke City,Xherdan Shaqiri,1,40 min 36 sec,85.3,52.6,36.92,11.65,12.6,Left Foot,direct,5,0.0085,0
f6c6b3a84568f6a944eb3a094dee3103,3753987,Premier League,2015-2016,Leicester City,Jamie Vardy,2,84 min 37 sec,99.9,23.5,26.0,13.69,16.5,Right Foot,direct,1,0.0461,0
83a8ee83fa6cb370bbe2f20801a8adbf,3753988,Premier League,2015-2016,AFC Bournemouth,Matt Ritchie,1,28 min 33 sec,111.8,67.7,28.89,4.58,27.7,Left Foot,direct,3,0.0075,0
38a6b8d8d30b4e43d4697076f1e24df5,3753989,Premier League,2015-2016,Sunderland,Patrick van Aanholt,1,37 min 55 sec,93.7,44.8,26.73,16.76,4.8,Left Foot,direct,7,0.0575,1
9833cbd52b8c21ba020859f9bbff2c27,3753990,Premier League,2015-2016,Sunderland,Patrick van Aanholt,1,21 min 14 sec,96.3,49.0,25.35,16.83,9.0,Left Foot,direct,7,0.0645,0
d8b9858ea7ca984ce7ece8df6f7546ae,3753990,Premier League,2015-2016,Arsenal,Alexis Sánchez,1,33 min 29 sec,94.1,35.0,26.38,16.95,5.0,Right Foot,direct,12,0.0588,0
135c2f5a4658bd4fed69db9b10d7decf,3753991,Premier League,2015-2016,Liverpool,Jordan Henderson,2,84 min 2 sec,96.0,28.6,26.57,15.55,11.4,Right Foot,direct,1,0.0664,0
2c675f2d78f9249cd001a52d8cf3ae6b,3753992,Premier League,2015-2016,Tottenham Hotspur,Erik Lamela,2,75 min 46 sec,92.6,33.2,28.23,15.68,6.8,Left Foot,direct,5,0.0542,0
58456e1dd6e7d0943cd65e906d872d54,3753993,Premier League,2015-2016,Norwich City,Robert Brady,1,20 min 26 sec,99.2,57.5,27.18,12.96,17.5,Left Foot,direct,10,0.036,0
48b4acabf8821040396f89be97f65de9,3753993,Premier League,2015-2016,Norwich City,Nathan Redmond,1,35 min 15 sec,93.5,26.6,29.7,13.76,13.4,Right Foot,direct,4,0.0413,0
77edc43136d110556cfb812557934857,3753994,Premier League,2015-2016,Southampton,Ryan Bertrand,1,45 min 55 sec,92.0,55.7,32.1,12.45,15.7,Left Foot,direct,4,0.0103,0
93e6392a95d4ae5586f46fd384a4c16e,3753994,Premier League,2015-2016,Southampton,Virgil van Dijk,1,34 min 33 sec,89.7,35.2,30.68,14.68,4.8,Right Foot,direct,3,0.0411,0
fe18b5b9b66cbcb162b9b84f8a3f7fcc,3753995,Premier League,2015-2016,Southampton,Dušan Tadić,2,66 min 9 sec,87.5,49.2,33.78,13.01,9.2,Left Foot,direct,2,0.0226,0
7f2306557136a595839f6f7a08979492,3753995,Premier League,2015-2016,Chelsea,Willian,1,47 min 21 sec,98.3,27.2,25.19,15.67,12.8,Right Foot,direct,17,0.0614,0
d265cc75441fc31b2c03f73dca5bca99,3753995,Premier League,2015-2016,Chelsea,Willian,1,9 min 29 sec,94.2,14.4,36.35,8.99,25.6,Right Foot,direct,17,0.0077,1
bdeef96d414f2235a7efc525b0ab2a9f,3753995,Premier League,2015-2016,Chelsea,Falcao,2,86 min 13 sec,99.6,49.8,22.63,18.21,9.8,Right Foot,direct,1,0.0737,0
7e9a94739dddcac386f24eb26d77c638,3753996,Premier League,2015-2016,Chelsea,Willian,2,47 min 17 sec,89.4,49.5,32.04,13.62,9.5,Right Foot,direct,17,0.0248,0
8c18d73803b5e429aec1bfb45877e1e6,3753997,Premier League,2015-2016,West Ham United,Dimitri Payet,2,53 min 44 sec,111.8,15.1,26.22,5.58,24.9,Right Foot,direct,19,0.0084,0
ead6564edd4df711cbc165d27dffff59,3753997,Premier League,2015-2016,West Ham United,Enner Valencia,1,44 min 11 sec,86.7,31.3,34.42,12.84,8.7,Right Foot,direct,6,0.0174,0
7f8d6a160d16c5cb6aa1b4f0a15d5350,3753998,Premier League,2015-2016,Southampton,Virgil van Dijk,2,54 min 51 sec,93.4,29.3,28.67,14.79,10.7,Right Foot,direct,3,0.0468,0
cd0ee15e1739a557f0dc60fd2ca32edf,3754000,Premier League,2015-2016,Sunderland,Adam Johnson,2,72 min 2 sec,94.2,48.6,27.2,15.92,8.6,Left Foot,direct,3,0.0537,0
8bf1b417dd817551c1f61a19ba83478d,3754001,Premier League,2015-2016,Chelsea,Willian,2,85 min 58 sec,93.4,17.2,35.03,9.96,22.8,Right Foot,direct,17,0.007,1
0e1d9450f618e93e7df29a3d67ce582d,3754001,Premier League,2015-2016,Chelsea,Kurt Zouma,1,3 min 38 sec,89.8,40.7,30.21,15.08,0.7,Right Foot,direct,1,0.0337,0
f135fab0a42c654d0bbd825fb8dc4eb2,3754003,Premier League,2015-2016,Liverpool,James Milner,2,72 min 51 sec,96.8,18.9,31.36,10.86,21.1,Right Foot,direct,3,0.0114,0
44f0770a15bc60a474dbc0a74f62c449,3754003,Premier League,2015-2016,Manchester United,Ashley Young,2,60 min 58 sec,95.4,37.5,24.73,18.29,2.5,Right Foot,direct,3,0.0737,0
5589cb2a189521eb9880f3cd1aed03bc,3754004,Premier League,2015-2016,AFC Bournemouth,Junior Stanislas,1,44 min 43 sec,101.1,23.6,25.02,13.92,16.4,Right Foot,direct,6,0.046,0
6b980e6752930957642bbbd12487d88a,3754004,Premier League,2015-2016,Norwich City,Robert Brady,1,34 min 20 sec,88.4,40.6,31.61,14.42,0.6,Left Foot,direct,10,0.0283,0
07a327366866006407612530b099b56e,3754006,Premier League,2015-2016,West Bromwich Albion,Chris Brunt,1,25 min 23 sec,90.1,37.7,29.99,15.15,2.3,Left Foot,direct,5,0.0377,0
4f16bf3999e2253418177430a5fdd384,3754007,Premier League,2015-2016,Stoke City,Charlie Adam,1,14 min 3 sec,86.8,47.9,34.13,13.02,7.9,Left Foot,direct,6,0.0231,0
8465b1c558a0cca6a62736b17288be0c,3754007,Premier League,2015-2016,Stoke City,Marko Arnautović,2,93 min 0 sec,93.5,42.0,26.58,17.07,2.0,Right Foot,direct,8,0.062,0
7fc9e17a0d94d758a646245339abba64,3754008,Premier League,2015-2016,Manchester United,Memphis Depay,1,38 min 25 sec,96.1,29.9,25.95,16.22,10.1,Right Foot,direct,15,0.0622,0
da33fe0cbfaae85a9d6b0f3e87281e03,3754008,Premier League,2015-2016,Manchester United,Juan Mata,1,16 min 19 sec,101.7,50.9,21.3,18.49,10.9,Left Foot,direct,7,0.0784,0
9777360e8e80ee5aaaf8e2d78190cebe,3754009,Premier League,2015-2016,Arsenal,Alexis Sánchez,1,38 min 11 sec,92.7,31.8,28.5,15.33,8.2,Right Foot,direct,12,0.052,0
eda46f7453a0ae2a724b3f7e0096faf8,3754009,Premier League,2015-2016,Arsenal,Mesut Özil,2,57 min 41 sec,94.3,52.7,28.67,14.31,12.7,Left Foot,direct,6,0.0432,0
bfa85e9967e74f266d865ee2da802cbf,3754011,Premier League,2015-2016,Manchester United,Juan Mata,2,73 min 19 sec,95.7,51.7,26.97,15.28,11.7,Left Foot,direct,7,0.0524,0
0fc669b8bcbdc41afeec717b2b2bee2f,3754011,Premier League,2015-2016,Manchester United,Memphis Depay,2,78 min 10 sec,97.9,35.3,22.59,19.67,4.7,Right Foot,direct,15,0.0773,0
8e7f964649450f269f7f21e8f9872a62,3754013,Premier League,2015-2016,Chelsea,Willian,2,57 min 38 sec,90.2,49.9,31.4,13.81,9.9,Right Foot,direct,17,0.0361,0
b0fd0a6bb290106df8f960ac70e7cc9d,3754014,Premier League,2015-2016,Stoke City,Marko Arnautović,1,9 min 44 sec,94.1,25.3,29.78,13.38,14.7,Right Foot,direct,8,0.0365,0
689abbcbdb7c94d777b0955646b2f692,3754014,Premier League,2015-2016,Stoke City,Charlie Adam,2,83 min 11 sec,60.8,45.7,59.47,7.66,5.7,Left Foot,direct,6,0.0046,0
f47d589efa5a498ea49938585a7bf9d7,3754014,Premier League,2015-2016,Stoke City,Bojan,1,25 min 4 sec,100.2,28.6,22.85,17.38,11.4,Right Foot,direct,1,0.0704,0
fa1024a906376fd24d0f860ad033755c,3754014,Premier League,2015-2016,Manchester United,Memphis Depay,1,27 min 58 sec,86.8,27.7,35.41,12.11,12.3,Right Foot,direct,15,0.0069,0
79a6773a235c0de09d0befb0224673b0,3754014,Premier League,2015-2016,Stoke City,Charlie Adam,2,81 min 17 sec,89.0,51.6,33.1,12.94,11.6,Left Foot,direct,6,0.0205,0
bae089d4564332893501a60903105e63,3754015,Premier League,2015-2016,Manchester City,Yaya Touré,1,39 min 42 sec,87.9,34.0,32.66,13.74,6.0,Right Foot,direct,12,0.0291,0
16a76bb6aa2c82f9cbe9cc58fbef359e,3754015,Premier League,2015-2016,Manchester City,Kevin De Bruyne,2,77 min 40 sec,86.4,44.9,33.96,13.3,4.9,Right Foot,direct,9,0.0242,0
822edb2cccab7faec08dbba74d25beec,3754017,Premier League,2015-2016,Aston Villa,Kieran Richardson,1,2 min 36 sec,103.7,63.4,28.52,9.29,23.4,Left Foot,direct,1,0.0087,0
47e4df54feae69965f51c6b15c9e23b2,3754017,Premier League,2015-2016,Swansea City,Gylfi Sigurðsson,2,67 min 16 sec,93.2,32.5,27.83,15.78,7.5,Right Foot,direct,17,0.0582,1
5db78cc1829ddea8cc46216d3006497c,3754018,Premier League,2015-2016,Liverpool,Daniel Sturridge,1,44 min 30 sec,92.9,44.3,27.44,16.39,4.3,Left Foot,direct,2,0.0603,0
3e1ed61ba7ed2079cd455036bbe811bc,3754020,Premier League,2015-2016,Liverpool,Philippe Coutinho,2,67 min 49 sec,99.1,58.7,28.04,12.24,18.7,Left Foot,direct,9,0.0114,0
80f699c730f06eedfb1107065498defd,3754021,Premier League,2015-2016,West Ham United,Dimitri Payet,2,66 min 38 sec,91.6,25.5,31.89,12.79,14.5,Right Foot,direct,19,0.0228,1
d6c7631e62e13931a010a8048a949aa5,3754021,Premier League,2015-2016,West Ham United,Enner Valencia,2,83 min 53 sec,101.2,16.1,30.41,9.4,23.9,Right Foot,direct,6,0.0084,1
8a823972200332abbd0e0bdbc2ee0401,3754023,Premier League,2015-2016,AFC Bournemouth,Max Gradel,1,33 min 57 sec,101.6,24.6,23.99,14.73,15.4,Right Foot,direct,2,0.0584,0
2be3106d6f8c3f699e565344a181ed5f,3754025,Premier League,2015-2016,Chelsea,Willian,1,8 min 8 sec,91.8,37.5,28.31,16.02,2.5,Right Foot,direct,17,0.0471,0
6b4c1fc951e534656161aa0f45eb980e,3754025,Premier League,2015-2016,Sunderland,Patrick van Aanholt,1,42 min 24 sec,87.0,39.5,33.0,13.82,0.5,Left Foot,direct,7,0.0241,0
4e203070ff3b3857ce910fadd2ac02ad,3754025,Premier League,2015-2016,Chelsea,Willian,2,88 min 58 sec,90.8,33.2,29.98,14.82,6.8,Right Foot,direct,17,0.0452,0
133e82ad16ff1844e9a5ff09d602dc35,3754026,Premier League,2015-2016,Crystal Palace,Dwight Gayle,2,67 min 18 sec,89.3,50.8,32.54,13.25,10.8,Right Foot,direct,2,0.0227,1
2cd18482f5c5a9bf577af7bdcd616a96,3754026,Premier League,2015-2016,Crystal Palace,Yohan Cabaye,1,3 min 13 sec,88.2,39.5,31.8,14.34,0.5,Right Foot,direct,9,0.0236,0
3927e846f84f3310307cc20c2bd536be,3754026,Premier League,2015-2016,Stoke City,Marko Arnautović,2,52 min 17 sec,96.9,23.8,28.21,13.33,16.2,Right Foot,direct,8,0.042,0
1ed86c9c016eaf0878bd25372dc4762e,3754028,Premier League,2015-2016,Southampton,James Ward-Prowse,1,28 min 55 sec,99.5,53.1,24.33,15.9,13.1,Right Foot,direct,6,0.061,0
f3a9466aba750211255e7b850a8d3e00,3754028,Premier League,2015-2016,Manchester City,Yaya Touré,2,80 min 6 sec,94.2,33.0,26.73,16.46,7.0,Right Foot,direct,12,0.0581,0
e8cb2aa4e876e7719087de7ad0647e6b,3754028,Premier League,2015-2016,Manchester City,Aleksandar Kolarov,1,14 min 59 sec,96.7,45.3,23.9,18.57,5.3,Left Foot,direct,10,0.0766,0
72f32752ce309ae2f3b205b3e3e0cf33,3754028,Premier League,2015-2016,Manchester City,Aleksandar Kolarov,1,5 min 9 sec,92.4,57.3,32.57,11.93,17.3,Left Foot,direct,10,0.0091,0
fd804974c8288ff85714d98ef3fb0aff,3754029,Premier League,2015-2016,Tottenham Hotspur,Christian Eriksen,2,70 min 6 sec,91.3,31.3,29.99,14.57,8.7,Right Foot,direct,28,0.0417,0
c0e6f2d34ebe6d0773971b1acb9f12d5,3754029,Premier League,2015-2016,Tottenham Hotspur,Christian Eriksen,2,60 min 17 sec,96.9,20.8,30.04,11.78,19.2,Right Foot,direct,28,0.0106,0
d2f92f3aeef78c62e21bbf6c351640fb,3754030,Premier League,2015-2016,Watford,Jose Cholevas,2,62 min 44 sec,96.4,59.3,30.49,11.68,19.3,Left Foot,direct,1,0.0113,0
ffd4ea4e37dd4898e6dd195e732a7ffa,3754030,Premier League,2015-2016,Watford,José Jurado,1,44 min 4 sec,94.0,28.7,28.35,14.79,11.3,Right Foot,direct,4,0.0481,0
417071ea1b517772fb4dc62c8244bf7b,3754030,Premier League,2015-2016,Everton,Kevin Mirallas,2,87 min 12 sec,97.9,53.5,25.9,15.11,13.5,Right Foot,direct,6,0.0509,0
dcf0103fc93a290d134e7d8d1c37ef2d,3754031,Premier League,2015-2016,Sunderland,Wahbi Khazri,2,64 min 19 sec,93.6,43.5,26.63,16.94,3.5,Right Foot,direct,13,0.0567,0
9ec908272c3a0d5d69958f8e581c5235,3754031,Premier League,2015-2016,Sunderland,Wahbi Khazri,1,2 min 27 sec,88.9,11.6,42.12,8.06,28.4,Right Foot,direct,13,0.007,1
24588b9ab8f30ce559eb5c818879cf59,3754033,Premier League,2015-2016,Leicester City,Christian Fuchs,2,52 min 38 sec,88.9,42.1,31.17,14.59,2.1,Left Foot,direct,4,0.0274,0
67bd0877f39513b4016192d4bf84eabb,3754033,Premier League,2015-2016,Leicester City,Riyad Mahrez,1,44 min 10 sec,93.5,48.1,27.71,15.75,8.1,Left Foot,direct,5,0.0582,0
ca0543143dd541a6502a31595aea5195,3754034,Premier League,2015-2016,Everton,Ross Barkley,1,6 min 41 sec,101.5,19.3,27.76,11.09,20.7,Right Foot,direct,10,0.0131,0
15140bbba8d323fb9d422bd45b594141,3754035,Premier League,2015-2016,West Bromwich Albion,Craig Gardner,2,83 min 14 sec,84.0,41.4,36.03,12.66,1.4,Right Foot,direct,7,0.0107,0
881ae05278346a3978184854104b4e23,3754035,Premier League,2015-2016,West Bromwich Albion,Craig Gardner,1,32 min 15 sec,100.1,41.8,19.98,22.56,1.8,Right Foot,direct,7,0.0839,0
d4794e2619720d9f902e214299252b34,3754036,Premier League,2015-2016,Sunderland,Patrick van Aanholt,1,45 min 20 sec,94.9,52.1,27.86,14.79,12.1,Left Foot,direct,7,0.0482,0
08a9380dace4d6ed71d15f59bea31e4a,3754037,Premier League,2015-2016,AFC Bournemouth,Matt Ritchie,2,62 min 29 sec,97.6,47.8,23.72,18.15,7.8,Left Foot,direct,3,0.071,0
f6234cd2ffc95dfc153163d14a5b3655,3754038,Premier League,2015-2016,Arsenal,Mesut Özil,2,57 min 19 sec,94.7,49.0,26.85,16.02,9.0,Left Foot,direct,6,0.0559,0
1aea09dd0fa0361421823d61f4073bc3,3754039,Premier League,2015-2016,Crystal Palace,Lee Chung-Yong,2,77 min 48 sec,105.5,68.2,31.71,6.69,28.2,Right Foot,direct,1,0.0075,0
8f1e3494a818a50b3957b1b6cdb96abf,3754039,Premier League,2015-2016,Crystal Palace,Yohan Cabaye,1,22 min 46 sec,86.7,53.8,36.05,11.73,13.8,Right Foot,direct,9,0.0095,0
c62f6ac7d55e33850991d5d0671f7de5,3754041,Premier League,2015-2016,Arsenal,Alexis Sánchez,2,71 min 14 sec,97.9,28.1,25.1,16.06,11.9,Right Foot,direct,12,0.0604,0
f0ccee925a5931ada69dbc874dfa61a2,3754042,Premier League,2015-2016,Liverpool,Christian Benteke,1,45 min 17 sec,98.8,34.4,21.93,20.05,5.6,Right Foot,direct,2,0.0845,0
f524e2dc7ab936d8aa75ccd972c70b20,3754044,Premier League,2015-2016,Manchester United,Juan Mata,2,78 min 17 sec,95.8,47.4,25.31,17.23,7.4,Left Foot,direct,7,0.0661,0
e5b086b8e8a6cf58a1f45665fae23697,3754045,Premier League,2015-2016,Manchester City,Aleksandar Kolarov,2,65 min 6 sec,92.5,60.5,34.3,10.73,20.5,Left Foot,direct,10,0.0079,0
59ea0db867906fc866e767ab249e5208,3754047,Premier League,2015-2016,Liverpool,Alberto Moreno,1,41 min 55 sec,96.9,47.7,24.35,17.76,7.7,Left Foot,direct,3,0.0814,0
decd29ceeecdaa715aeeb5e04e36ff65,3754049,Premier League,2015-2016,Leicester City,Christian Fuchs,1,46 min 22 sec,85.7,37.5,34.39,13.23,2.5,Left Foot,direct,4,0.0188,0
06005b55c905e08fdd4a054c8cb35096,3754052,Premier League,2015-2016,Norwich City,Robert Brady,1,4 min 17 sec,97.8,34.0,23.0,19.1,6.0,Left Foot,direct,10,0.0798,0
a6a4eb1bd73eee9235d94651c3836ead,3754055,Premier League,2015-2016,Liverpool,Roberto Firmino,2,75 min 23 sec,91.5,36.4,28.73,15.74,3.6,Right Foot,direct,1,0.0494,0
ec1c6703d7b078b63a4e9ebe9b14dd29,3754055,Premier League,2015-2016,Liverpool,Daniel Sturridge,1,1 min 13 sec,101.6,62.1,28.76,10.29,22.1,Left Foot,direct,2,0.0092,0
ee1edcb482a1abaa3f3271be2d5150e9,3754059,Premier League,2015-2016,Chelsea,Nemanja Matić,2,57 min 4 sec,93.4,46.1,27.29,16.28,6.1,Left Foot,direct,1,0.0563,0
1184f796cca9801fa2ea2e20e911f94b,3754059,Premier League,2015-2016,West Bromwich Albion,Salomón Rondón,2,55 min 24 sec,100.2,31.7,21.47,19.6,8.3,Right Foot,direct,2,0.0817,0
d092695f5e46eec3650137f2cb245440,3754060,Premier League,2015-2016,Everton,Ross Barkley,2,77 min 44 sec,82.2,42.3,37.87,12.04,2.3,Right Foot,direct,10,0.0073,0
97f6e2a334904e1e87358b32808d5e3c,3754061,Premier League,2015-2016,Chelsea,Willian,2,73 min 34 sec,90.5,28.3,31.74,13.39,11.7,Right Foot,direct,17,0.0373,0
a4b9b4adde49d415dbfa7fde3bc6940b,3754062,Premier League,2015-2016,Chelsea,Willian,2,58 min 18 sec,95.5,32.5,25.62,17.01,7.5,Right Foot,direct,17,0.0646,0
0decd661c7aa832987f7a724d8488731,3754063,Premier League,2015-2016,Watford,Almen Abdi,1,46 min 31 sec,93.4,33.1,27.48,16.06,6.9,Right Foot,direct,5,0.0584,1
4c97fb116ee4c0bb7e36bef3b09a8e85,3754063,Premier League,2015-2016,Watford,Almen Abdi,2,74 min 5 sec,98.7,34.0,22.13,19.79,6.0,Right Foot,direct,5,0.088,0
17bce8f9f62cc892b2fc90f5b4f747a6,3754064,Premier League,2015-2016,Southampton,Ryan Bertrand,1,42 min 35 sec,92.0,55.8,32.15,12.41,15.8,Left Foot,direct,4,0.0092,0
80d91ee9854c128b2d4922691cd8a5fd,3754065,Premier League,2015-2016,Tottenham Hotspur,Christian Eriksen,2,53 min 19 sec,98.0,59.3,29.27,11.83,19.3,Right Foot,direct,28,0.0122,0
5fec063c486f6d00146e1effbd839a32,3754067,Premier League,2015-2016,West Ham United,Aaron Cresswell,1,16 min 7 sec,93.6,48.0,27.59,15.83,8.0,Left Foot,direct,2,0.055,0
a9ec268fe034fa7b2b2a357af8285c66,3754068,Premier League,2015-2016,Aston Villa,Leandro Bacuna,2,78 min 41 sec,90.6,44.3,29.71,15.18,4.3,Right Foot,direct,4,0.0384,0
1b8f2b6a5ece390f28f042ef91101da9,3754068,Premier League,2015-2016,Aston Villa,Carles Gil,2,55 min 18 sec,95.3,53.6,28.2,14.23,13.6,Left Foot,direct,3,0.0406,0
be42ae1371aabc625290e70691577d81,3754068,Premier League,2015-2016,Aston Villa,Ashley Westwood,2,71 min 18 sec,98.9,27.6,24.47,16.15,12.4,Right Foot,direct,1,0.0605,0
5570e08f03a764d327af51a3f664b12a,3754070,Premier League,2015-2016,Newcastle United,Andros Townsend,2,95 min 15 sec,95.8,54.8,28.37,13.79,14.8,Left Foot,direct,2,0.0434,0
1319d69671f053339f071c375ebfce8c,3754074,Premier League,2015-2016,Tottenham Hotspur,Christian Eriksen,2,64 min 24 sec,99.9,21.1,27.59,12.18,18.9,Right Foot,direct,28,0.012,1
f0e946ef0416f895dd5e9596ea8e4896,3754074,Premier League,2015-2016,Tottenham Hotspur,Christian Eriksen,1,26 min 25 sec,97.2,26.2,26.65,14.72,13.8,Right Foot,direct,28,0.0532,1
c977c051e82427b51a764fc83d73e1a8,3754074,Premier League,2015-2016,Tottenham Hotspur,Christian Eriksen,1,35 min 14 sec,92.6,48.3,28.63,15.26,8.3,Right Foot,direct,28,0.0434,0
2e84e66cac58c06305d6544c6f066945,3754075,Premier League,2015-2016,Aston Villa,Jordan Ayew,1,33 min 39 sec,98.3,28.5,24.56,16.47,11.5,Right Foot,direct,4,0.0687,0
30555372be7b643e1b2ac374b627b5af,3754075,Premier League,2015-2016,Chelsea,Branislav Ivanović,2,78 min 30 sec,89.1,25.5,34.13,12.14,14.5,Right Foot,direct,2,0.0085,0
93a5f50acf09ea949b09a9971081a79c,3754076,Premier League,2015-2016,West Ham United,Dimitri Payet,2,47 min 40 sec,93.0,45.3,27.52,16.25,5.3,Right Foot,direct,19,0.0583,0
542626b3a20f2e92dea3273b7663a3c0,3754078,Premier League,2015-2016,Swansea City,Gylfi Sigurðsson,2,46 min 17 sec,97.4,24.4,27.46,13.76,15.6,Right Foot,direct,17,0.0456,0
5dc749a41aa32bf790bcce07ae6811ad,3754078,Premier League,2015-2016,Chelsea,Oscar,1,22 min 8 sec,101.9,15.7,30.3,9.12,24.3,Right Foot,direct,1,0.0085,1
294a6757251d18c11e7e301efbd7a126,3754079,Premier League,2015-2016,Manchester City,Kevin De Bruyne,1,7 min 7 sec,96.8,20.4,30.37,11.57,19.6,Right Foot,direct,9,0.0106,0
1c34408987807febd64a5c33ecad287c,3754080,Premier League,2015-2016,Tottenham Hotspur,Christian Eriksen,1,7 min 13 sec,90.9,42.7,29.22,15.52,2.7,Right Foot,direct,28,0.0482,0
6b38baeadf871ecf7b78f480fcc6c19f,3754081,Premier League,2015-2016,Manchester United,Ander Herrera,2,58 min 41 sec,99.3,37.3,20.88,21.53,2.7,Right Foot,direct,1,0.0823,0
02b4887123443f266fb25394f33c82dd,3754086,Premier League,2015-2016,West Ham United,Dimitri Payet,1,22 min 0 sec,84.7,42.1,35.36,12.89,2.1,Right Foot,direct,19,0.0211,0
01848dbef74f06198932a99a81773432,3754087,Premier League,2015-2016,Tottenham Hotspur,Christian Eriksen,2,89 min 9 sec,87.6,38.0,32.46,14.02,2.0,Right Foot,direct,28,0.0267,0
0d1e53c914958fe09be7fab97e381daa,3754089,Premier League,2015-2016,AFC Bournemouth,Harry Arter,2,51 min 28 sec,100.8,25.7,23.94,15.41,14.3,Right Foot,direct,1,0.0529,0
5e0cde60c5c10e6ac0ebec791cde519e,3754090,Premier League,2015-2016,Newcastle United,Georginio Wijnaldum,2,49 min 32 sec,95.9,28.5,26.7,15.46,11.5,Right Foot,direct,4,0.0517,0
9a7e94831528205fbff51408ebef6c6c,3754091,Premier League,2015-2016,Watford,Étienne Capoue,2,92 min 31 sec,84.8,39.7,35.2,12.97,0.3,Right Foot,direct,1,0.0195,0
30523675b67c71c8b7acac74765b7790,3754091,Premier League,2015-2016,Stoke City,Charlie Adam,1,25 min 35 sec,85.8,43.2,34.35,13.23,3.2,Left Foot,direct,6,0.0215,0
8e33afba531b2d42554eed1c93ebda5b,3754092,Premier League,2015-2016,Tottenham Hotspur,Harry Kane,1,29 min 19 sec,83.4,43.4,36.76,12.37,3.4,Right Foot,direct,1,0.0093,0
9b73399e5870bb2f2c0a216c3a0c71a5,3754095,Premier League,2015-2016,Sunderland,Wahbi Khazri,2,80 min 56 sec,94.4,25.9,29.23,13.73,14.1,Right Foot,direct,13,0.0392,0
d66b62f1207ff00e6e4cb1d0d2820fec,3754096,Premier League,2015-2016,West Ham United,Mauro Zárate,1,44 min 35 sec,95.5,47.8,25.71,16.9,7.8,Right Foot,direct,7,0.0627,0
b4c8bbde14c4a5f73279eb969a819a42,3754096,Premier League,2015-2016,Stoke City,Marko Arnautović,2,67 min 14 sec,88.6,40.9,31.41,14.51,0.9,Right Foot,direct,8,0.0288,0
0bb5cdeece906c04cccc2123fdfefe7f,3754096,Premier League,2015-2016,West Ham United,Cheikhou Kouyaté,2,85 min 27 sec,81.2,32.9,39.44,11.4,7.1,Right Foot,direct,1,0.0074,0
493d5b6feab089f4b24547c226cfc7be,3754097,Premier League,2015-2016,Manchester United,Juan Mata,1,27 min 39 sec,97.5,43.7,22.8,19.66,3.7,Left Foot,direct,7,0.0825,0
81f5d5f542468f34262129205dd01b18,3754097,Premier League,2015-2016,Manchester United,Wayne Rooney,2,76 min 9 sec,96.7,25.8,27.29,14.35,14.2,Right Foot,direct,8,0.0462,0
f0b64bc7d8ce82a3d9927b3689f2ba54,3754100,Premier League,2015-2016,Sunderland,Wahbi Khazri,1,36 min 15 sec,86.5,34.0,34.03,13.2,6.0,Right Foot,direct,13,0.0238,0
d44730707493feedb5eb7818143e0218,3754100,Premier League,2015-2016,Newcastle United,Jonjo Shelvey,1,30 min 2 sec,99.4,42.0,20.7,21.78,2.0,Right Foot,direct,5,0.0973,0
7fbc47470c7f60cc7c6745b132049f9e,3754101,Premier League,2015-2016,Norwich City,Robert Brady,2,70 min 2 sec,89.5,35.0,30.91,14.56,5.0,Left Foot,direct,10,0.0416,0
fa873fd36a9b4de6a6a16a1fbfca29c8,3754102,Premier League,2015-2016,Norwich City,Nathan Redmond,2,58 min 19 sec,111.4,16.9,24.65,6.63,23.1,Right Foot,direct,4,0.0081,0
7cfbeb0b5133993a0b926d2f631be510,3754104,Premier League,2015-2016,Norwich City,Robert Brady,1,37 min 43 sec,94.3,50.0,27.58,15.44,10.0,Left Foot,direct,10,0.0531,0
00aef483e6b8b57c6ad2ee9ba36957af,3754105,Premier League,2015-2016,Everton,Ross Barkley,2,63 min 49 sec,96.2,44.1,24.15,18.55,4.1,Right Foot,direct,10,0.0729,0
b68a8dca452d2122855a329045778208,3754107,Premier League,2015-2016,Manchester United,Memphis Depay,2,68 min 59 sec,90.6,20.8,35.11,10.94,19.2,Right Foot,direct,15,0.0084,0
09a3b8c02b8492c463ef6c8387b7a20a,3754108,Premier League,2015-2016,Chelsea,Cesc Fàbregas,2,89 min 17 sec,98.0,33.1,23.06,18.85,6.9,Right Foot,direct,3,0.0816,0
1687fa179222aa1ee4fde0b340a3b638,3754108,Premier League,2015-2016,Sunderland,Wahbi Khazri,1,1 min 55 sec,94.3,28.7,28.07,14.91,11.3,Right Foot,direct,13,0.0509,0
d487a89a31cb2477f7ea7f9bc16b94d5,3754108,Premier League,2015-2016,Chelsea,Willian,2,73 min 21 sec,98.0,50.7,24.46,16.81,10.7,Right Foot,direct,17,0.0692,0
7078f35a3fb84164d9dc6dbf825626fe,3754110,Premier League,2015-2016,Manchester City,Yaya Touré,2,47 min 31 sec,90.4,32.6,30.51,14.51,7.4,Right Foot,direct,12,0.0417,0
d16c6e4947213429d3193ddf4ddc6ddf,3754110,Premier League,2015-2016,West Ham United,Dimitri Payet,1,33 min 4 sec,94.8,51.0,27.5,15.24,11.0,Right Foot,direct,19,0.0484,0
79d950bdfe284593afb019eda9842c10,3754113,Premier League,2015-2016,Southampton,Dušan Tadić,1,24 min 36 sec,89.8,50.1,31.84,13.61,10.1,Left Foot,direct,2,0.0253,0
072124a73f84d70f68a657538be83ccb,3754115,Premier League,2015-2016,Chelsea,Willian,1,37 min 59 sec,107.9,14.9,27.86,7.25,25.1,Right Foot,direct,17,0.0075,0
722f0feb005500dd439fb52440c47d2d,3754115,Premier League,2015-2016,Aston Villa,Jordan Ayew,1,22 min 44 sec,97.5,25.5,26.77,14.41,14.5,Right Foot,direct,4,0.0515,0
ec0c88838dd68090361401e6eb6e5d5d,3754118,Premier League,2015-2016,Arsenal,Alexis Sánchez,1,23 min 9 sec,90.3,30.0,31.34,13.82,10.0,Right Foot,direct,12,0.0341,0
7fba80fc2ef351895ff456761f8ea35d,3754119,Premier League,2015-2016,Newcastle United,Georginio Wijnaldum,1,43 min 19 sec,100.2,26.9,23.74,16.13,13.1,Right Foot,direct,4,0.0618,0
045825c4498fbdec46ce6a7ed2758ffb,3754120,Premier League,2015-2016,West Ham United,Enner Valencia,2,88 min 40 sec,84.3,48.1,36.61,12.17,8.1,Right Foot,direct,6,0.0097,0
0168235be3c70849a8dc9e138a201ed4,3754123,Premier League,2015-2016,Everton,Leighton Baines,1,42 min 5 sec,101.4,59.3,26.8,11.96,19.3,Left Foot,direct,4,0.0112,0
6bd11e101c3cf9f029e228888f012c52,3754123,Premier League,2015-2016,Everton,Leighton Baines,2,58 min 5 sec,85.4,35.7,34.87,12.99,4.3,Left Foot,direct,4,0.0183,0
e7c08b6e6ec5504539fdb8210ac7df72,3754128,Premier League,2015-2016,Aston Villa,Leandro Bacuna,1,42 min 52 sec,96.3,43.6,23.97,18.75,3.6,Right Foot,direct,4,0.0907,0
f4c8259379326283cc8cd19968b48382,3754130,Premier League,2015-2016,Norwich City,Robert Brady,1,5 min 46 sec,101.8,49.9,20.72,19.41,9.9,Left Foot,direct,10,0.091,0
5919f44f9a16b23782c8c242b077a4a5,3754130,Premier League,2015-2016,Norwich City,Nathan Redmond,2,77 min 13 sec,92.0,24.9,31.81,12.67,15.1,Right Foot,direct,4,0.0171,0
6680cc5f0f19742f10f3a86ebc2f5f2d,3754130,Premier League,2015-2016,Aston Villa,Jordan Ayew,2,96 min 2 sec,92.1,32.9,28.79,15.35,7.1,Right Foot,direct,4,0.0465,0
aa93f2bbae3935e94ef58097e71afe9f,3754132,Premier League,2015-2016,Stoke City,Charlie Adam,2,66 min 41 sec,91.5,57.4,33.39,11.72,17.4,Left Foot,direct,6,0.0079,0
93a8596b5a514cf1932c8540a32e5ff7,3754132,Premier League,2015-2016,Sunderland,Sebastian Larsson,2,88 min 10 sec,91.4,27.5,31.21,13.43,12.5,Right Foot,direct,4,0.0366,0
000537eb191ac154319e644fb7e3f43e,3754134,Premier League,2015-2016,West Ham United,Dimitri Payet,2,75 min 35 sec,89.1,34.0,31.48,14.23,6.0,Right Foot,direct,19,0.0271,0
75d871e7b50d44854989d985b8b94f3e,3754134,Premier League,2015-2016,West Ham United,Dimitri Payet,2,70 min 38 sec,97.4,26.7,26.22,15.07,13.3,Right Foot,direct,19,0.0535,0
5960d935dc764604aaf838e8ad3237eb,3754136,Premier League,2015-2016,Aston Villa,Leandro Bacuna,1,45 min 5 sec,96.4,19.7,31.13,11.21,20.3,Right Foot,direct,4,0.01,0
43aacdae18f8c52a02dccd01423c894e,3754137,Premier League,2015-2016,Southampton,Ryan Bertrand,1,43 min 16 sec,93.5,55.4,30.65,12.93,15.4,Left Foot,direct,4,0.0257,0
111c0e5912ecf6b38ab99e1b414da94e,3754137,Premier League,2015-2016,Everton,Kevin Mirallas,2,62 min 12 sec,93.5,33.1,27.38,16.11,6.9,Right Foot,direct,6,0.0549,0
57475f4a82aeb9bc8f4cd34aa545d082,3754138,Premier League,2015-2016,Norwich City,Robert Brady,1,22 min 3 sec,96.1,54.5,27.95,14.02,14.5,Left Foot,direct,10,0.0366,0
205feae90ea591bcc1ec9b4edf09ab39,3754140,Premier League,2015-2016,Tottenham Hotspur,Erik Lamela,1,17 min 26 sec,98.5,47.7,22.84,18.79,7.7,Left Foot,direct,5,0.0848,0
252a2ef19bf06691e980d59b7b643588,3754141,Premier League,2015-2016,Arsenal,Mesut Özil,1,7 min 56 sec,94.2,53.5,29.12,13.93,13.5,Left Foot,direct,6,0.0435,0
ff2bc966371e7c50765963d345961246,3754143,Premier League,2015-2016,Newcastle United,Georginio Wijnaldum,1,44 min 53 sec,88.6,50.8,33.21,13.02,10.8,Right Foot,direct,4,0.0252,0
043a7423ce7ed11ae21c29391a7277c0,3754145,Premier League,2015-2016,Manchester City,Aleksandar Kolarov,2,61 min 59 sec,87.7,47.7,33.21,13.38,7.7,Left Foot,direct,10,0.0261,0
b0f98d0f3096ec887bff7264d7159906,3754145,Premier League,2015-2016,Manchester City,Aleksandar Kolarov,2,91 min 25 sec,95.9,18.4,32.36,10.59,21.6,Left Foot,direct,10,0.0097,0
0d53d8d33df613c0d5e1be1c23d1c051,3754145,Premier League,2015-2016,West Bromwich Albion,Rickie Lambert,2,48 min 3 sec,90.2,40.1,29.8,15.29,0.1,Right Foot,direct,3,0.0334,0
625aaa0598d53c045d5fddac6b448613,3754145,Premier League,2015-2016,West Bromwich Albion,Rickie Lambert,1,27 min 31 sec,86.7,44.5,33.6,13.46,4.5,Right Foot,direct,3,0.0219,0
7d4e3a949f955fccaced1907c0f86b0d,3754146,Premier League,2015-2016,Stoke City,Xherdan Shaqiri,2,80 min 51 sec,101.5,55.0,23.82,15.03,15.0,Left Foot,direct,5,0.0555,0
ecaefb664ca96056bd2deff5968d6c86,3754147,Premier League,2015-2016,Manchester City,Yaya Touré,2,55 min 59 sec,98.2,50.0,23.98,17.32,10.0,Right Foot,direct,12,0.0741,0
509d51176ae86d996cffc615d898c4ed,3754149,Premier League,2015-2016,Swansea City,André Ayew,1,45 min 46 sec,91.4,39.6,28.6,15.92,0.4,Left Foot,direct,1,0.0486,1
f7bb300cecebd01303d6ee631a823e77,3754150,Premier League,2015-2016,Stoke City,Xherdan Shaqiri,2,50 min 11 sec,95.1,61.4,32.83,10.62,21.4,Left Foot,direct,5,0.0095,0
4d336c1cd5b4e10421f669a5a20a9f44,3754150,Premier League,2015-2016,Sunderland,Patrick van Aanholt,1,42 min 29 sec,96.4,56.3,28.68,13.17,16.3,Left Foot,direct,7,0.0382,0
dcb190f775f0a65230188aa7426a6191,3754150,Premier League,2015-2016,Sunderland,Yann M'Vila,2,48 min 3 sec,98.0,50.7,24.46,16.81,10.7,Right Foot,direct,3,0.0671,0
6ca7db717d785451e0d7449e0d09bf23,3754151,Premier League,2015-2016,Swansea City,Gylfi Sigurðsson,2,83 min 53 sec,89.6,29.2,32.26,13.35,10.8,Right Foot,direct,17,0.0246,0
66dd2b409ada7be4d8f1968af85dd300,3754153,Premier League,2015-2016,Stoke City,Marko Arnautović,2,55 min 31 sec,89.3,30.8,32.05,13.65,9.2,Right Foot,direct,8,0.0247,0
353566a966b69f82ceaa29d549afc36c,3754153,Premier League,2015-2016,Stoke City,Charlie Adam,2,83 min 48 sec,90.0,44.6,30.35,14.85,4.6,Left Foot,direct,6,0.0351,0
1e0fe48a26e7296cd72a8311cf92388a,3754155,Premier League,2015-2016,West Bromwich Albion,Stéphane Sessègnon,1,23 min 49 sec,108.4,15.0,27.56,7.11,25.0,Right Foot,direct,4,0.0082,0
fb93419b66b280404360c934f0780bbd,3754155,Premier League,2015-2016,West Bromwich Albion,Saido Berahino,1,33 min 2 sec,95.9,45.4,24.7,17.98,5.4,Right Foot,direct,1,0.0768,0
082f0e5f80a349ec686fa13f468c41a3,3754158,Premier League,2015-2016,West Ham United,Dimitri Payet,1,18 min 28 sec,93.7,44.4,26.67,16.84,4.4,Right Foot,direct,19,0.058,0
6e3d6051a75a45e597cf18d7c9f7b094,3754158,Premier League,2015-2016,West Ham United,Dimitri Payet,1,21 min 22 sec,92.2,27.9,30.32,13.83,12.1,Right Foot,direct,19,0.0365,0
adc5fbeb08da068d2a846a00584aa024,3754161,Premier League,2015-2016,Watford,Ben Watson,2,79 min 38 sec,99.2,20.2,28.72,11.63,19.8,Right Foot,direct,2,0.0111,0
f321783c66e68087509d027e5fdba556,3754162,Premier League,2015-2016,AFC Bournemouth,Junior Stanislas,1,13 min 0 sec,89.9,48.6,31.3,14.03,8.6,Right Foot,direct,6,0.0379,0
83d3695fe91b207a77b36637bbf829f0,3754163,Premier League,2015-2016,Everton,Kevin Mirallas,1,18 min 38 sec,89.0,36.2,31.23,14.49,3.8,Right Foot,direct,6,0.0266,0
c73060e36590676fc469160900c8d0cf,3754164,Premier League,2015-2016,Southampton,Ryan Bertrand,1,11 min 2 sec,116.2,64.3,24.6,2.95,24.3,Left Foot,direct,4,0.0055,0
578c084c816fe43e260f2a96b6059c3c,3754164,Premier League,2015-2016,Sunderland,Patrick van Aanholt,2,80 min 44 sec,99.1,46.5,21.89,19.85,6.5,Left Foot,direct,7,0.0864,0
c3bc56bf9f212142a0dc47a80da4e454,3754165,Premier League,2015-2016,Manchester United,Memphis Depay,2,89 min 6 sec,96.7,24.4,28.04,13.6,15.6,Right Foot,direct,15,0.0397,0
684786f8f83ae2eb9e7836b53912ee46,3754165,Premier League,2015-2016,Manchester United,Wayne Rooney,1,22 min 8 sec,97.4,36.7,22.84,19.67,3.3,Right Foot,direct,8,0.0819,0
c877f35ae24211341c787dd3675c90ed,3754165,Premier League,2015-2016,Manchester United,Wayne Rooney,2,88 min 12 sec,109.2,16.9,25.5,7.76,23.1,Right Foot,direct,8,0.0067,0
47d4ef904265c6fa4f07971e5058081b,3754166,Premier League,2015-2016,Everton,Romelu Lukaku,2,81 min 52 sec,92.7,42.0,27.37,16.59,2.0,Left Foot,direct,6,0.0509,0
50ac80036abb7d7350aadcb060ebc956,3754167,Premier League,2015-2016,Manchester City,Yaya Touré,1,32 min 58 sec,91.0,36.2,29.25,15.45,3.8,Right Foot,direct,12,0.0452,0
6b57184b8aa4ff5b08da7c8013c3df70,3754168,Premier League,2015-2016,Southampton,James Ward-Prowse,1,4 min 40 sec,96.1,19.8,31.29,11.23,20.2,Right Foot,direct,6,0.01,1
895719c4ed1509f21bd833b6970ab565,3754169,Premier League,2015-2016,Sunderland,Jordi Gómez,1,17 min 2 sec,116.0,74.8,35.03,1.51,34.8,Left Foot,direct,1,0.0085,0
7a6927372ecf86fd020084d5e831bcd2,3754170,Premier League,2015-2016,Newcastle United,Andros Townsend,2,57 min 48 sec,95.4,57.1,29.96,12.58,17.1,Left Foot,direct,2,0.0149,1
03f39211037a806b0943d309d342faad,3754171,Premier League,2015-2016,Arsenal,Mesut Özil,2,52 min 38 sec,94.4,46.0,26.29,16.87,6.0,Left Foot,direct,6,0.0594,0
1997f72348adf574210750fca157cac1,3754172,Premier League,2015-2016,Sunderland,Sebastian Larsson,2,69 min 36 sec,91.5,54.5,31.98,12.76,14.5,Right Foot,direct,4,0.0197,0
e021a00d090118970f32bf5b384dd550,3754175,Premier League,2015-2016,Sunderland,Patrick van Aanholt,2,75 min 30 sec,89.3,48.1,31.75,13.9,8.1,Left Foot,direct,7,0.0302,0
24aa979e9ff8eff5f23183b48b38c88a,3754176,Premier League,2015-2016,West Ham United,Dimitri Payet,1,40 min 29 sec,98.5,27.7,24.77,16.06,12.3,Right Foot,direct,19,0.0584,1
515c7d231842c0e4d2ad31efae411519,3754176,Premier League,2015-2016,West Ham United,Dimitri Payet,1,26 min 6 sec,94.7,23.7,30.1,12.82,16.3,Right Foot,direct,19,0.0268,0
86c7a3d3072dc960c3c015ccb0ebec32,3754179,Premier League,2015-2016,Crystal Palace,Jason Puncheon,1,3 min 51 sec,96.0,50.8,26.32,15.84,10.8,Left Foot,direct,2,0.0642,0
12025d359e282c29f88198db9f452088,3754179,Premier League,2015-2016,Tottenham Hotspur,Christian Eriksen,2,61 min 37 sec,85.7,34.3,34.77,12.95,5.7,Right Foot,direct,28,0.0198,0
8834e3de653a9973cc981991dd93da37,3754179,Premier League,2015-2016,Tottenham Hotspur,Christian Eriksen,2,68 min 1 sec,95.1,22.2,30.61,12.21,17.8,Right Foot,direct,28,0.0119,0
8cda0d2f23878be04ae500cfeb8901ce,3754180,Premier League,2015-2016,Sunderland,Jeremain Lens,2,88 min 11 sec,97.2,34.0,23.58,18.67,6.0,Right Foot,direct,1,0.0766,0
e32b2800251af755879f7010f9a23de0,3754180,Premier League,2015-2016,Swansea City,Jonjo Shelvey,2,47 min 36 sec,110.8,17.9,23.94,7.53,22.1,Right Foot,direct,5,0.0078,0
e5d3e6ebe5d57fda189567b8e2fad841,3754180,Premier League,2015-2016,Sunderland,Sebastian Larsson,2,94 min 12 sec,95.8,34.3,24.86,17.82,5.7,Right Foot,direct,4,0.0809,0
bffe3a99373c3a4427733cae4f2d522c,3754184,Premier League,2015-2016,Norwich City,Nathan Redmond,2,86 min 45 sec,93.4,42.3,26.7,16.98,2.3,Right Foot,direct,4,0.0569,0
3613cfa74f1a2d4ad7a4ab6bdcee4218,3754188,Premier League,2015-2016,Tottenham Hotspur,Christian Eriksen,1,30 min 5 sec,88.3,41.5,31.74,14.35,1.5,Right Foot,direct,28,0.0259,0
1f9265dae3644a8d29ad5db8104906d8,3754188,Premier League,2015-2016,Tottenham Hotspur,Erik Lamela,2,65 min 51 sec,103.0,63.2,28.76,9.52,23.2,Left Foot,direct,5,0.0085,0
9ccf7ca7adfae1dd6a973647be5927b4,3754190,Premier League,2015-2016,Crystal Palace,Yohan Cabaye,2,55 min 14 sec,97.8,23.5,27.66,13.34,16.5,Right Foot,direct,9,0.0439,0
bc6e07fdaa692909bb5f1e98c7d91f8c,3754191,Premier League,2015-2016,AFC Bournemouth,Junior Stanislas,2,79 min 3 sec,95.0,34.6,25.58,17.4,5.4,Right Foot,direct,6,0.069,0
a9bef26759f2a3cc093f58493a252eca,3754191,Premier League,2015-2016,AFC Bournemouth,Junior Stanislas,2,65 min 46 sec,90.1,43.7,30.13,15.02,3.7,Right Foot,direct,6,0.0406,0
953c25d8e82c1af51de4da440ae8ab0a,3754192,Premier League,2015-2016,West Bromwich Albion,Stéphane Sessègnon,2,87 min 2 sec,94.1,50.4,27.91,15.19,10.4,Right Foot,direct,4,0.049,0
75e3cc824398af7e540d3a327067be0a,3754194,Premier League,2015-2016,Everton,Ross Barkley,1,25 min 4 sec,89.6,27.9,32.72,12.99,12.1,Right Foot,direct,10,0.0222,0
ade5496661e0f439a775e7a005687193,3754194,Premier League,2015-2016,Everton,Ross Barkley,2,48 min 7 sec,93.9,31.7,27.39,15.88,8.3,Right Foot,direct,10,0.0616,0
321c6d09a278251a90ea6d5c17e48db3,3754195,Premier League,2015-2016,West Bromwich Albion,Craig Gardner,1,46 min 55 sec,94.1,45.1,26.4,16.93,5.1,Right Foot,direct,7,0.0652,0
1405456677343a798d6c372bd445314a,3754196,Premier League,2015-2016,Stoke City,Marko Arnautović,1,33 min 15 sec,93.6,25.8,29.98,13.46,14.2,Right Foot,direct,8,0.0384,0
8ef1648ee9038f2ae8f069ef233231c8,3754196,Premier League,2015-2016,Southampton,James Ward-Prowse,2,87 min 12 sec,94.6,31.8,26.69,16.27,8.2,Right Foot,direct,6,0.0551,0
e897e601abada7ed2e89a73d00d98067,3754196,Premier League,2015-2016,Southampton,James Ward-Prowse,2,78 min 49 sec,88.8,42.3,31.28,14.53,2.3,Right Foot,direct,6,0.0262,0
f16a4bfc60e632a34e15ed5921a740aa,3754197,Premier League,2015-2016,Tottenham Hotspur,Christian Eriksen,2,60 min 17 sec,91.6,46.5,29.13,15.26,6.5,Right Foot,direct,28,0.0425,0
6a926dcf2b2f683e0a6c514753995582,3754197,Premier League,2015-2016,Manchester City,Kevin De Bruyne,2,87 min 57 sec,95.3,22.7,30.16,12.47,17.3,Right Foot,direct,9,0.0151,0
f02fd8e7bf5c410c72658933d2b103c7,3754197,Premier League,2015-2016,Manchester City,Aleksandar Kolarov,2,65 min 9 sec,85.0,31.0,36.14,12.25,9.0,Left Foot,direct,10,0.0061,0
0264a704a539f9af9c3cf1017fee26e4,3754198,Premier League,2015-2016,Liverpool,Alberto Moreno,2,92 min 2 sec,104.9,62.8,27.35,9.37,22.8,Left Foot,direct,3,0.0089,0
5546dbf3bd9fd1cf886253885cb5f57c,3754203,Premier League,2015-2016,Leicester City,Riyad Mahrez,2,71 min 7 sec,89.8,42.9,30.34,14.96,2.9,Left Foot,direct,5,0.0392,0
e4e6f6f12d3dd36ca91b87e3f7dae07e,3754204,Premier League,2015-2016,Sunderland,Yann M'Vila,1,7 min 57 sec,96.2,53.3,27.26,14.67,13.3,Right Foot,direct,3,0.0505,1
e6d9df3945e47e9f27287493f606381e,3754205,Premier League,2015-2016,Arsenal,Alexis Sánchez,1,20 min 35 sec,90.0,37.5,30.1,15.09,2.5,Right Foot,direct,12,0.0346,0
1cbab95201a430c6ee4ab4b18a06dc40,3754205,Premier League,2015-2016,Arsenal,Santi Cazorla,2,86 min 48 sec,89.0,38.8,31.02,14.68,1.2,Right Foot,direct,3,0.0288,0
92a6b8e1515e33a4fb99709d96cbaf1d,3754207,Premier League,2015-2016,Norwich City,Gary O'Neil,2,94 min 42 sec,101.1,24.5,24.44,14.58,15.5,Right Foot,direct,1,0.0498,0
c334b4f6c8b33de66bf52bbedc76718d,3754207,Premier League,2015-2016,Watford,Adlène Guédioura,2,88 min 13 sec,92.3,42.3,27.8,16.33,2.3,Right Foot,direct,1,0.0517,0
f68f7daabba66ce7f6053316a8ac50fb,3754210,Premier League,2015-2016,Manchester United,Memphis Depay,1,36 min 14 sec,93.2,37.2,26.95,16.8,2.8,Right Foot,direct,15,0.0549,0
c69f13f0206e6da1bcdc7fc672435f39,3754210,Premier League,2015-2016,Manchester United,Memphis Depay,2,92 min 45 sec,88.7,37.3,31.42,14.46,2.7,Right Foot,direct,15,0.0309,0
ad27ce7fa993a99bc7685afa5a153e1b,3754211,Premier League,2015-2016,Leicester City,Riyad Mahrez,2,79 min 9 sec,96.8,45.3,23.8,18.64,5.3,Left Foot,direct,5,0.0878,0
01132eddca631cbba80129eb556048fc,3754212,Premier League,2015-2016,Liverpool,Philippe Coutinho,2,73 min 2 sec,90.9,31.9,30.21,14.56,8.1,Right Foot,direct,9,0.039,0
88185d4b1d3158648110eccd9372f23a,3754212,Premier League,2015-2016,Liverpool,Philippe Coutinho,2,53 min 27 sec,99.2,25.5,25.36,14.87,14.5,Right Foot,direct,9,0.0513,0
3f36b61cfeae5969ec4db493bfc14785,3754214,Premier League,2015-2016,Liverpool,James Milner,1,24 min 12 sec,107.9,11.7,30.78,5.93,28.3,Right Foot,direct,3,0.0071,1
2b9b7d3abed21299adbfac3ef5126c55,3754214,Premier League,2015-2016,Liverpool,Philippe Coutinho,1,33 min 45 sec,87.2,34.2,33.31,13.49,5.8,Right Foot,direct,9,0.0258,0
2e67d55a0deb5482947a07f924704913,3754215,Premier League,2015-2016,West Bromwich Albion,Salomón Rondón,1,33 min 51 sec,99.4,19.9,28.78,11.47,20.1,Right Foot,direct,2,0.0102,0
9108199767b62e66eda2bdc7546bc2e6,3754215,Premier League,2015-2016,West Bromwich Albion,Chris Brunt,2,63 min 2 sec,106.5,63.3,26.93,8.66,23.3,Left Foot,direct,5,0.0086,0
d481525c0d0de212588e4f7a4282d40b,3754217,Premier League,2015-2016,Arsenal,Alexis Sánchez,2,49 min 10 sec,95.2,44.9,25.28,17.66,4.9,Right Foot,direct,12,0.0782,0
3e96b832c759665982feb8e56b446ece,3754217,Premier League,2015-2016,Chelsea,Eden Hazard,2,87 min 6 sec,97.9,41.4,22.14,20.44,1.4,Right Foot,direct,2,0.0802,0
13e0f62dfa73b8efeedf85697d7fbeee,3754220,Premier League,2015-2016,Liverpool,James Milner,1,32 min 24 sec,97.7,48.0,23.69,18.12,8.0,Right Foot,direct,3,0.0743,0
6aa8c0a2edc3676d185e5e1a348f57b7,3754221,Premier League,2015-2016,Manchester United,Memphis Depay,1,1 min 29 sec,94.9,31.7,26.44,16.39,8.3,Right Foot,direct,15,0.0697,0
c7311148b851981327ba95f394665e1f,3754221,Premier League,2015-2016,Swansea City,Jonjo Shelvey,2,47 min 37 sec,89.1,17.9,37.99,9.83,22.1,Right Foot,direct,5,0.0069,0
4d3b9c82b8f09ce486c2e2734091bfc6,3754222,Premier League,2015-2016,Tottenham Hotspur,Christian Eriksen,2,72 min 53 sec,84.9,36.2,35.31,12.86,3.8,Right Foot,direct,28,0.0175,0
b3e200a10a8343490f9d4fcdf249ef93,3754222,Premier League,2015-2016,Tottenham Hotspur,Erik Lamela,2,52 min 50 sec,99.1,29.1,23.57,17.22,10.9,Left Foot,direct,5,0.0722,0
2e4f1e95421e8586c17a60b2de51954e,3754222,Premier League,2015-2016,Crystal Palace,Bakary Sako,1,37 min 11 sec,99.2,54.9,25.59,14.6,14.9,Left Foot,direct,3,0.0545,0
d7ba4bdd7e8b5b42cf1ced071763ad2f,3754223,Premier League,2015-2016,Manchester United,Wayne Rooney,1,24 min 15 sec,95.1,36.8,25.1,17.97,3.2,Right Foot,direct,8,0.07,0
d74033e0aa17a7958865268acc57b3a9,3754224,Premier League,2015-2016,Swansea City,Gylfi Sigurðsson,1,28 min 1 sec,90.7,43.7,29.53,15.31,3.7,Right Foot,direct,17,0.0452,0
c556177930aa689c803d3824ddb387a2,3754225,Premier League,2015-2016,AFC Bournemouth,Junior Stanislas,2,63 min 33 sec,92.9,32.6,28.09,15.66,7.4,Right Foot,direct,6,0.0573,0
3f8ff9a43b9e1a0d98406e31da56e7e7,3754226,Premier League,2015-2016,Sunderland,Adam Johnson,1,39 min 3 sec,98.8,38.7,21.24,21.29,1.3,Left Foot,direct,3,0.0806,0
7283f571bef248b8d53b773561fdff93,3754226,Premier League,2015-2016,Liverpool,Philippe Coutinho,1,16 min 44 sec,97.7,25.1,26.82,14.23,14.9,Right Foot,direct,9,0.0448,0
d5a5ddd56c4bf702c248c3e9683a9ca5,3754227,Premier League,2015-2016,West Ham United,Dimitri Payet,2,78 min 4 sec,93.2,36.8,26.99,16.75,3.2,Right Foot,direct,19,0.0564,0
beece5bcd776f8146f0801578029fc62,3754228,Premier League,2015-2016,Leicester City,Christian Fuchs,2,63 min 54 sec,98.0,56.2,27.32,13.55,16.2,Left Foot,direct,4,0.0445,0
e9524012f995b5c9698ca2739ed21c2e,3754228,Premier League,2015-2016,Swansea City,Gylfi Sigurðsson,1,41 min 32 sec,86.6,24.0,37.03,11.15,16.0,Right Foot,direct,17,0.0072,0
9dcbfa651155027ad3a8269d52d326f7,3754229,Premier League,2015-2016,Chelsea,Cesc Fàbregas,1,11 min 22 sec,98.1,25.4,26.32,14.51,14.6,Right Foot,direct,3,0.0447,0
5af17c78b0f449e9b82240c900b60776,3754231,Premier League,2015-2016,West Bromwich Albion,Craig Gardner,2,49 min 29 sec,94.4,38.6,25.64,17.71,1.4,Right Foot,direct,7,0.0672,1
ed17d0cc7073a4dac5faa52f1a79e176,3754232,Premier League,2015-2016,Manchester United,Memphis Depay,2,61 min 49 sec,97.2,36.3,23.1,19.41,3.7,Right Foot,direct,15,0.0816,0
18dd38556f2d626479e53c248d51d544,3754232,Premier League,2015-2016,Manchester United,Juan Mata,2,82 min 45 sec,96.7,47.7,24.54,17.64,7.7,Left Foot,direct,7,0.0726,1
4ba157361205f676da21dec8dae46dfd,3754233,Premier League,2015-2016,Everton,Ross Barkley,1,42 min 27 sec,98.1,33.8,22.76,19.24,6.2,Right Foot,direct,10,0.0826,0
be1b3ae42ed45f06f7403477ad600473,3754233,Premier League,2015-2016,Everton,Romelu Lukaku,1,48 min 39 sec,97.7,43.1,22.51,19.97,3.1,Left Foot,direct,6,0.0845,0
15dd6748ee087698f1961ebb971e3b4c,3754235,Premier League,2015-2016,West Ham United,Mauro Zárate,1,16 min 42 sec,95.6,28.9,26.81,15.53,11.1,Right Foot,direct,7,0.0552,1
c7b527fc6e3fa8b5b6741673494fdde1,3754235,Premier League,2015-2016,West Bromwich Albion,Rickie Lambert,2,59 min 3 sec,91.3,47.0,29.54,15.0,7.0,Right Foot,direct,3,0.0406,0
c258174fb1aac1a35a55c8f6adb24758,3754235,Premier League,2015-2016,West Ham United,Manuel Lanzini,2,93 min 46 sec,94.5,46.5,26.32,16.78,6.5,Right Foot,direct,2,0.064,0
fd604ca4b498db3c7e3b0b09bc73211b,3754235,Premier League,2015-2016,West Ham United,Mauro Zárate,2,62 min 32 sec,94.9,49.4,26.8,15.95,9.4,Right Foot,direct,7,0.0577,0
668a24beb184e2838581036ff6169aff,3754236,Premier League,2015-2016,Crystal Palace,Dwight Gayle,2,89 min 0 sec,86.7,42.7,33.41,13.61,2.7,Right Foot,direct,2,0.0231,0
e3f436dcb63dd170e343724b4f3d250d,3754236,Premier League,2015-2016,West Bromwich Albion,Craig Gardner,1,47 min 35 sec,87.1,52.7,35.27,12.1,12.7,Right Foot,direct,7,0.0081,0
8a8e1d498798d8002f08a46cfc334f32,3754239,Premier League,2015-2016,Manchester United,Memphis Depay,1,13 min 10 sec,102.6,17.7,28.29,10.07,22.3,Right Foot,direct,15,0.0088,0
61d0599bdf1ac6cbf4942540aba4adc3,3754239,Premier League,2015-2016,Arsenal,Mesut Özil,1,45 min 37 sec,95.1,47.6,26.03,16.75,7.6,Left Foot,direct,6,0.0642,0
aedf9040722ea0ae95e0c9da39095784,3754240,Premier League,2015-2016,Arsenal,Alexis Sánchez,1,5 min 5 sec,89.8,35.3,30.56,14.74,4.7,Right Foot,direct,12,0.0338,0
793c6ec7559ab0f280b12ffec49d3cd3,3754242,Premier League,2015-2016,Chelsea,Branislav Ivanović,1,25 min 22 sec,89.3,42.7,30.82,14.74,2.7,Right Foot,direct,2,0.0351,0
bb88233e1bc16e414d7f8647d43b2d0b,3754244,Premier League,2015-2016,West Ham United,Dimitri Payet,2,92 min 40 sec,89.7,44.0,30.56,14.79,4.0,Right Foot,direct,19,0.0348,0
a21a1102765ee1e1882989bb489677ca,3754244,Premier League,2015-2016,Norwich City,Robert Brady,2,82 min 50 sec,94.9,48.2,26.41,16.42,8.2,Left Foot,direct,10,0.0608,0
a2a85a71ee0907c8ecb0599f69137227,3754244,Premier League,2015-2016,Norwich City,Robert Brady,1,23 min 33 sec,99.6,29.1,23.13,17.46,10.9,Left Foot,direct,10,0.0712,0
a3e691f244f3316f485e8be9e8f03256,3754246,Premier League,2015-2016,Watford,Miguel Layún,2,91 min 32 sec,90.3,31.2,30.98,14.13,8.8,Right Foot,direct,2,0.0443,0
9de8490862170a91541dd96d3b7b8482,3754246,Premier League,2015-2016,Manchester City,David Silva,2,63 min 40 sec,94.7,48.6,26.72,16.17,8.6,Left Foot,direct,4,0.057,0
b39859d3b73d817b00c4154bb46999f8,3754246,Premier League,2015-2016,Manchester City,Yaya Touré,2,55 min 3 sec,95.8,30.0,26.18,16.13,10.0,Right Foot,direct,12,0.0642,0
75d05e9ebc0f044a3e042b1ff701b082,3754246,Premier League,2015-2016,Manchester City,Aleksandar Kolarov,1,20 min 21 sec,93.4,59.7,33.1,11.15,19.7,Left Foot,direct,10,0.0098,0
d0b7e5e993cd200f4bc2228e4a7cec93,3754248,Premier League,2015-2016,AFC Bournemouth,Junior Stanislas,2,62 min 28 sec,81.1,26.3,41.24,10.46,13.7,Right Foot,direct,6,0.0064,0
4586d9e1314c7e8350c76bb1c549f05f,3754250,Premier League,2015-2016,Leicester City,Marc Albrighton,1,14 min 34 sec,98.4,17.5,31.19,10.24,22.5,Right Foot,direct,2,0.0086,0
1b268471d30b79e954a092b4a42d1c76,3754251,Premier League,2015-2016,Liverpool,Dejan Lovren,2,61 min 9 sec,87.0,38.1,33.05,13.78,1.9,Right Foot,direct,2,0.0208,0
336503d1676b49e75ce3280f1134f422,3754252,Premier League,2015-2016,Everton,Tom Cleverley,2,60 min 58 sec,96.9,18.1,31.83,10.5,21.9,Right Foot,direct,1,0.0089,0
bc96d0e716e8bb90bf0101b3e2a27cf9,3754252,Premier League,2015-2016,Everton,Romelu Lukaku,1,21 min 41 sec,94.7,49.0,26.85,16.02,9.0,Left Foot,direct,6,0.0555,0
4a92a44316c627dcf58582db678e4d71,3754252,Premier League,2015-2016,Everton,Ross Barkley,1,38 min 24 sec,87.2,53.2,35.36,12.0,13.2,Right Foot,direct,10,0.0076,0
211d80d29abeee323491f896d904c35e,3754254,Premier League,2015-2016,Manchester United,Juan Mata,1,11 min 14 sec,95.1,51.4,27.39,15.18,11.4,Left Foot,direct,7,0.0471,0
1bc3930b983cc1ae6de53388e27d77ad,3754254,Premier League,2015-2016,Manchester United,Memphis Depay,2,57 min 36 sec,93.9,26.6,29.34,13.88,13.4,Right Foot,direct,15,0.0399,0
44b1a613208f9bda269c66010dbdcacd,3754256,Premier League,2015-2016,Everton,Ross Barkley,2,80 min 15 sec,97.9,24.5,26.99,13.93,15.5,Right Foot,direct,10,0.047,0
c079bc3a0da614a55a7ada3abddf0f01,3754256,Premier League,2015-2016,Everton,Romelu Lukaku,1,12 min 24 sec,92.5,44.0,27.79,16.22,4.0,Left Foot,direct,6,0.058,0
7cfc2eac5ab8b13bfa8b48f2b173eed9,3754258,Premier League,2015-2016,Manchester City,Aleksandar Kolarov,2,51 min 46 sec,104.6,63.8,28.35,8.89,23.8,Left Foot,direct,10,0.0084,0
d7b5aa003615463c9c40a5a77d553574,3754258,Premier League,2015-2016,Aston Villa,Carles Gil,1,40 min 30 sec,94.1,45.1,26.4,16.93,5.1,Left Foot,direct,3,0.0625,0
8a026b5c9dc27e4a338517f5945f7f00,3754260,Premier League,2015-2016,Manchester City,Yaya Touré,2,81 min 33 sec,94.3,50.1,27.61,15.4,10.1,Right Foot,direct,12,0.0474,0
fbcdb2d56797baa175ccef084525bc65,3754260,Premier League,2015-2016,Crystal Palace,Yohan Cabaye,1,32 min 33 sec,91.8,39.6,28.2,16.14,0.4,Right Foot,direct,9,0.046,0
529b7bf6793f66f5a50924f8ababad7a,3754262,Premier League,2015-2016,AFC Bournemouth,Andrew Surman,2,66 min 35 sec,98.9,50.5,23.57,17.38,10.5,Left Foot,direct,1,0.0721,0
477821a0f75f3a398d83e890d6fa3ce4,3754263,Premier League,2015-2016,Leicester City,Riyad Mahrez,1,9 min 15 sec,92.7,33.7,28.02,15.86,6.3,Left Foot,direct,5,0.0587,0
2fc7a014842679710bac1ea14cd8e2b9,3754264,Premier League,2015-2016,Chelsea,Willian,1,46 min 4 sec,96.5,25.1,27.83,13.92,14.9,Right Foot,direct,17,0.039,0
34c5ec2e9e498ef190efdb5facc420c9,3754266,Premier League,2015-2016,Crystal Palace,Jason Puncheon,2,79 min 28 sec,96.7,37.7,23.41,19.3,2.3,Left Foot,direct,2,0.0793,0
006a8d9c24a71d7ec52e0add0e568b2d,3754266,Premier League,2015-2016,Crystal Palace,Bakary Sako,2,57 min 40 sec,89.5,43.6,30.71,14.74,3.6,Left Foot,direct,3,0.0379,0
edd5db89517a250fe0f16bcd258f2d20,3754266,Premier League,2015-2016,Watford,Almen Abdi,1,45 min 58 sec,93.8,35.4,26.6,16.86,4.6,Right Foot,direct,5,0.0585,0
782bb7c8a6f3f9fdd086c9abdc4246ed,3754266,Premier League,2015-2016,Crystal Palace,Yohan Cabaye,1,17 min 38 sec,96.3,23.7,28.76,13.15,16.3,Right Foot,direct,9,0.0367,0
20288e9ef344bbcf812f577a616834db,3754266,Premier League,2015-2016,Watford,José Jurado,2,46 min 20 sec,93.2,36.1,27.08,16.64,3.9,Right Foot,direct,4,0.0578,0
a932118b72aeb8caff1370e24a9f3782,3754267,Premier League,2015-2016,Watford,José Jurado,1,31 min 52 sec,93.0,35.6,27.36,16.43,4.4,Right Foot,direct,4,0.0573,0
2db76c5caa1d3a9df4b03043f21047b4,3754267,Premier League,2015-2016,West Bromwich Albion,Chris Brunt,2,84 min 57 sec,93.7,26.9,29.38,13.95,13.1,Left Foot,direct,5,0.04,0
fd562bedb7f92e6123e3e7e315e135ad,3754268,Premier League,2015-2016,Everton,Kevin Mirallas,2,80 min 42 sec,95.0,25.2,29.05,13.58,14.8,Right Foot,direct,6,0.0391,0
d01cf82a31bad0672996a8ff473f55ac,3754269,Premier League,2015-2016,Swansea City,Jonjo Shelvey,1,20 min 55 sec,82.8,40.1,37.2,12.27,0.1,Right Foot,direct,5,0.0067,0
b4737ad731145590b73d1f77c9b03428,3754269,Premier League,2015-2016,Swansea City,Jonjo Shelvey,1,13 min 51 sec,87.7,43.0,32.44,14.0,3.0,Right Foot,direct,5,0.025,0
2794cda7cd70965d5a4471b27001840b,3754270,Premier League,2015-2016,Stoke City,Marko Arnautović,2,68 min 0 sec,106.6,14.8,28.54,7.65,25.2,Right Foot,direct,8,0.0085,0
0e64317a80fc434ccff458e2de5711d5,3754270,Premier League,2015-2016,Tottenham Hotspur,Christian Eriksen,1,8 min 4 sec,97.9,48.1,23.54,18.19,8.1,Right Foot,direct,28,0.0789,0
b683c9eaf0aedfa1c1fc90bb185ca64b,3754272,Premier League,2015-2016,Stoke City,Marko Arnautović,2,83 min 37 sec,95.6,52.7,27.51,14.76,12.7,Right Foot,direct,8,0.047,0
30aa17052755f947d2868f689aa67f80,3754275,Premier League,2015-2016,Leicester City,Christian Fuchs,1,25 min 40 sec,87.4,42.2,32.67,13.93,2.2,Left Foot,direct,4,0.0226,0
4f5850679652776ae3dfb0a6c1af135f,3754275,Premier League,2015-2016,Leicester City,Riyad Mahrez,1,30 min 29 sec,95.3,29.6,26.8,15.72,10.4,Left Foot,direct,5,0.0562,0
ba865d26d487dc01e33b512eae3aeec3,3754276,Premier League,2015-2016,Tottenham Hotspur,Christian Eriksen,2,49 min 1 sec,98.0,39.8,22.0,20.61,0.2,Right Foot,direct,28,0.0972,0
5eeae3dfe15d17c910a04228098a680c,3754276,Premier League,2015-2016,Tottenham Hotspur,Christian Eriksen,2,69 min 25 sec,94.3,20.6,32.2,11.39,19.4,Right Foot,direct,28,0.0094,0
123523437ac8f4ed5998be4ebd4b35ba,3754277,Premier League,2015-2016,Everton,Ross Barkley,2,80 min 11 sec,88.7,49.0,32.57,13.48,9.0,Right Foot,direct,10,0.0284,0
cb70115b248e1df6bf2b91f794bd537f,3754277,Premier League,2015-2016,West Ham United,Dimitri Payet,1,45 min 27 sec,99.4,28.9,23.4,17.22,11.1,Right Foot,direct,19,0.0784,0
37aec4b23e1386af91612e846677350b,3754278,Premier League,2015-2016,Watford,Almen Abdi,2,90 min 44 sec,85.4,33.2,35.26,12.71,6.8,Right Foot,direct,5,0.0135,0
93dde036a1c19c3ada8337f544b3dba2,3754279,Premier League,2015-2016,West Bromwich Albion,Chris Brunt,1,17 min 10 sec,100.4,52.6,23.3,16.57,12.6,Left Foot,direct,5,0.0684,0
fecdb5ef37a01c7637c6a503a1dda03d,3754282,Premier League,2015-2016,Aston Villa,Leandro Bacuna,1,6 min 58 sec,95.8,43.3,24.42,18.44,3.3,Right Foot,direct,4,0.0719,0
e71f9a5fbd9ab29df4ce8093817ff7e2,3754282,Premier League,2015-2016,Southampton,Steven Davis,2,58 min 35 sec,111.9,16.3,25.05,6.05,23.7,Right Foot,direct,1,0.0075,0
14b16df2d70aa99a1938027bffafbee8,3754283,Premier League,2015-2016,Everton,Kevin Mirallas,2,79 min 55 sec,93.8,24.0,30.7,12.75,16.0,Right Foot,direct,6,0.0211,0
30033236c4bb8ebd60d262175eda6a5c,3754284,Premier League,2015-2016,Arsenal,Alexis Sánchez,1,37 min 21 sec,98.9,40.6,21.11,21.45,0.6,Right Foot,direct,12,0.0795,1
21ef0e6bd053a4ce960e7e9eb3e5692b,3754285,Premier League,2015-2016,West Ham United,Enner Valencia,2,94 min 59 sec,90.1,43.5,30.1,15.04,3.5,Right Foot,direct,6,0.0394,0
d0a4bc937b0bac868ae773784c873a83,3754287,Premier League,2015-2016,Chelsea,Willian,2,76 min 17 sec,97.4,32.3,23.88,18.07,7.7,Right Foot,direct,17,0.0765,0
bfb9e396d82e9e3ffbcc93d8a83c1c4d,3754287,Premier League,2015-2016,Chelsea,Willian,1,44 min 39 sec,97.6,55.0,26.96,14.15,15.0,Right Foot,direct,17,0.0447,0
2e9749238e200efccfd0fd30f4a3023b,3754287,Premier League,2015-2016,Watford,José Jurado,1,40 min 11 sec,95.9,51.0,26.49,15.7,11.0,Right Foot,direct,4,0.0618,0
5289ca297b8ff0a4909339209eb13061,3754288,Premier League,2015-2016,West Ham United,Dimitri Payet,1,16 min 6 sec,89.9,29.2,31.98,13.45,10.8,Right Foot,direct,19,0.0304,0
35e2637777fabc757b2813aa6f9c808f,3754288,Premier League,2015-2016,Chelsea,Willian,1,32 min 29 sec,94.3,44.0,26.01,17.29,4.0,Right Foot,direct,17,0.0662,0
44f12974766cfe5527780fdc33053c73,3754290,Premier League,2015-2016,Manchester City,Aleksandar Kolarov,1,24 min 3 sec,106.8,62.8,26.35,8.85,22.8,Left Foot,direct,10,0.0095,0
be063440d6deaa47811eeec26828dc11,3754292,Premier League,2015-2016,West Bromwich Albion,Alex Pritchard,2,80 min 25 sec,92.1,43.5,28.12,16.07,3.5,Right Foot,direct,1,0.0503,0
015fe49320b4894ab16916c77034cf83,3754292,Premier League,2015-2016,West Bromwich Albion,Craig Gardner,1,16 min 15 sec,100.4,48.2,21.25,19.81,8.2,Right Foot,direct,7,0.074,0
8f28cb2a7dba7b4612b87a3147f74369,3754294,Premier League,2015-2016,Liverpool,Philippe Coutinho,1,26 min 32 sec,96.5,44.5,23.93,18.67,4.5,Right Foot,direct,9,0.0751,0
39f3831ee8b4439dcee9808283c95267,3754295,Premier League,2015-2016,Manchester United,Memphis Depay,1,39 min 15 sec,84.8,32.2,36.05,12.37,7.8,Right Foot,direct,15,0.0081,0
9899d321a501791910242fb778b4abe1,3754295,Premier League,2015-2016,Manchester United,Memphis Depay,2,65 min 19 sec,88.0,39.0,32.02,14.24,1.0,Right Foot,direct,15,0.0244,0
dfa0755f96c01e102030e419f77d26d1,3754297,Premier League,2015-2016,West Bromwich Albion,Chris Brunt,1,47 min 17 sec,90.1,38.7,29.93,15.21,1.3,Left Foot,direct,5,0.0362,0
70d5ed3e499c6dd870af040f368dbf73,3754298,Premier League,2015-2016,Everton,Romelu Lukaku,1,13 min 22 sec,99.2,49.4,22.83,18.24,9.4,Left Foot,direct,6,0.0732,0
785e0d484d16c0afd3145d510e8a14e6,3754298,Premier League,2015-2016,Swansea City,Gylfi Sigurðsson,2,56 min 37 sec,100.9,58.7,26.73,12.34,18.7,Right Foot,direct,17,0.0104,0
d04e6e5c5c99dfd0ed5ded32fe576953,3754299,Premier League,2015-2016,Everton,Leighton Baines,1,21 min 33 sec,97.3,56.5,28.06,13.24,16.5,Left Foot,direct,4,0.0375,0
be97a49be9a3bb9d388db124b5dfecf8,3754301,Premier League,2015-2016,West Bromwich Albion,Stéphane Sessègnon,1,31 min 58 sec,94.6,31.8,26.69,16.27,8.2,Right Foot,direct,4,0.0587,0
af871c93a6cc6738c3ddd2985d251ca3,3754301,Premier League,2015-2016,Arsenal,Alexis Sánchez,1,14 min 29 sec,93.4,29.9,28.45,15.01,10.1,Right Foot,direct,12,0.049,0
17a434ae26c5ccae2c099d4876448567,3754302,Premier League,2015-2016,Leicester City,Marc Albrighton,2,64 min 39 sec,97.6,21.4,29.12,12.16,18.6,Right Foot,direct,2,0.0116,0
43f1433f43dae55d17953d8e16b93cb4,3754303,Premier League,2015-2016,Swansea City,Gylfi Sigurðsson,2,56 min 43 sec,96.7,53.3,26.83,14.83,13.3,Right Foot,direct,17,0.0468,0
179f352e21d1f12d124dec5cc1d50dc1,3754303,Premier League,2015-2016,Swansea City,Gylfi Sigurðsson,1,12 min 54 sec,97.5,32.4,23.75,18.18,7.6,Right Foot,direct,17,0.0745,1
0487cbf12a23d0df0676c59bbfc25f95,3754303,Premier League,2015-2016,Swansea City,Gylfi Sigurðsson,2,82 min 55 sec,97.1,46.7,23.86,18.32,6.7,Right Foot,direct,17,0.0785,0
86eef3b219609e9944fc2b772495c872,3754305,Premier League,2015-2016,Arsenal,Mesut Özil,2,57 min 34 sec,90.1,45.5,30.4,14.75,5.5,Left Foot,direct,6,0.039,0
e815eefa729448ce41f50cd5107477be,3754305,Premier League,2015-2016,Liverpool,Alberto Moreno,2,89 min 14 sec,93.1,49.2,28.43,15.2,9.2,Left Foot,direct,3,0.0495,0
b7094020f2e10c84ab229903a77d5919,3754306,Premier League,2015-2016,Aston Villa,Carles Gil,1,31 min 45 sec,91.9,53.2,31.05,13.34,13.2,Left Foot,direct,3,0.0359,0
80069024f9b0c98139e94d180c7c4835,3754307,Premier League,2015-2016,Stoke City,Glenn Whelan,1,14 min 14 sec,92.1,62.6,35.91,9.94,22.6,Right Foot,direct,1,0.0075,0
365bc8ef4c96f9a9ba6ef589387e902c,3754307,Premier League,2015-2016,Stoke City,Phil Bardsley,2,47 min 45 sec,90.3,40.9,29.71,15.33,0.9,Right Foot,direct,1,0.0343,0
b7a1642dd58521559d5a4b3a0138e0d2,3754307,Premier League,2015-2016,Stoke City,Giannelli Imbula,2,79 min 35 sec,89.8,37.5,30.3,14.99,2.5,Left Foot,direct,1,0.0365,0
75226645c8551d97340fa1c1a8446b9d,3754310,Premier League,2015-2016,Crystal Palace,Bakary Sako,2,62 min 24 sec,86.8,48.5,34.27,12.91,8.5,Left Foot,direct,3,0.02,0
7ef4a388122c864374564c86342504a4,3754313,Premier League,2015-2016,Manchester City,David Silva,2,64 min 28 sec,101.4,51.7,21.97,17.68,11.7,Left Foot,direct,4,0.074,0
7a47048100bb0ae2f5a604e64335e195,3754313,Premier League,2015-2016,Manchester City,Sergio Agüero,1,14 min 48 sec,91.8,40.3,28.2,16.14,0.3,Right Foot,direct,1,0.0466,0
84e22b68d6dd7c09cda2853f4aa9346a,3754314,Premier League,2015-2016,Manchester City,Kevin De Bruyne,2,71 min 48 sec,106.6,17.6,26.1,9.15,22.4,Right Foot,direct,9,0.0095,0
28f0b3dbde02c91ee520aa32601bfeed,3754316,Premier League,2015-2016,Sunderland,Adam Johnson,2,81 min 15 sec,96.6,56.7,28.75,13.01,16.7,Left Foot,direct,3,0.0326,1
df40a7f884c361e68f76642093158ede,3754318,Premier League,2015-2016,Arsenal,Alexis Sánchez,2,87 min 1 sec,89.2,43.3,30.98,14.64,3.3,Right Foot,direct,12,0.0357,0
7c3d7a798225cf6323e35b42fb97ad24,3754318,Premier League,2015-2016,Tottenham Hotspur,Erik Lamela,1,14 min 48 sec,93.4,58.6,32.46,11.59,18.6,Left Foot,direct,5,0.0088,0
376b24c40d634e1d3dbb2088a188cb36,3754318,Premier League,2015-2016,Tottenham Hotspur,Christian Eriksen,1,26 min 54 sec,114.7,14.4,26.14,3.63,25.6,Right Foot,direct,28,0.0072,0
28968f495f848947acc63e11080835ac,3754319,Premier League,2015-2016,Manchester United,Wayne Rooney,1,19 min 3 sec,96.8,25.8,27.2,14.38,14.2,Right Foot,direct,8,0.0445,0
1119f190da7edded7ee0ef0b9d0fbbde,3754321,Premier League,2015-2016,Stoke City,Xherdan Shaqiri,1,8 min 15 sec,91.9,51.3,30.29,14.0,11.3,Left Foot,direct,5,0.0378,0
9a986d3dc4ae6eed20939978f0f89dc2,3754322,Premier League,2015-2016,Manchester City,Yaya Touré,2,62 min 22 sec,97.2,24.3,27.68,13.66,15.7,Right Foot,direct,12,0.0433,0
05091a552a6795974bea0670c76c72c3,3754322,Premier League,2015-2016,Chelsea,Willian,1,45 min 58 sec,95.6,50.8,26.68,15.67,10.8,Right Foot,direct,17,0.0611,0
1dc0b0b6fceb0e5bd46ca62e561925be,3754323,Premier League,2015-2016,Norwich City,Robert Brady,2,82 min 10 sec,89.4,39.1,30.61,14.88,0.9,Left Foot,direct,10,0.0374,0
4a00ce7fad2302ab8c0d7104d77a9db1,3754323,Premier League,2015-2016,West Ham United,Manuel Lanzini,1,35 min 44 sec,91.6,39.8,28.4,16.03,0.2,Right Foot,direct,2,0.0454,0
2d1b4be0cd56bc7256b524b8f155d9bb,3754324,Premier League,2015-2016,Tottenham Hotspur,Christian Eriksen,2,52 min 31 sec,96.6,21.7,29.71,12.19,18.3,Right Foot,direct,28,0.0109,0
ea277e16edba6a7a79671c469fcb3d15,3754324,Premier League,2015-2016,Swansea City,Gylfi Sigurðsson,1,35 min 41 sec,88.6,37.6,31.49,14.44,2.4,Right Foot,direct,17,0.03,0
06696c1a781de5b4a086f24e142193de,3754324,Premier League,2015-2016,Tottenham Hotspur,Christian Eriksen,1,29 min 35 sec,96.0,24.1,28.79,13.29,15.9,Right Foot,direct,28,0.0366,0
53385b17fc7e26b3419f58281341bc9f,3754324,Premier League,2015-2016,Tottenham Hotspur,Christian Eriksen,2,58 min 29 sec,98.3,26.5,25.56,15.24,13.5,Right Foot,direct,28,0.0584,0
69c4e1f12ec3f279a51fbeef39b4f461,3754324,Premier League,2015-2016,Swansea City,Gylfi Sigurðsson,2,89 min 40 sec,89.6,50.2,32.07,13.51,10.2,Right Foot,direct,17,0.0271,0
504ffcafff7e1a248289377bcebb2937,3754326,Premier League,2015-2016,Crystal Palace,Yohan Cabaye,2,88 min 17 sec,88.4,43.3,31.77,14.28,3.3,Right Foot,direct,9,0.0229,0
a1e2c5856ff2b6f19bc63b3665d85975,3754326,Premier League,2015-2016,Swansea City,Gylfi Sigurðsson,2,91 min 54 sec,90.3,38.5,29.74,15.3,1.5,Right Foot,direct,17,0.0363,0
9c289f4e07523a7890d8e3c449f75ffc,3754328,Premier League,2015-2016,Manchester City,Yaya Touré,2,72 min 12 sec,87.3,50.1,34.22,12.76,10.1,Right Foot,direct,12,0.0168,0
78ea41142e10b95914467940688c8c10,3754328,Premier League,2015-2016,Swansea City,Gylfi Sigurðsson,2,60 min 19 sec,93.1,23.7,31.45,12.47,16.3,Right Foot,direct,17,0.0122,0
2fee4272c5b37d872a82e4dd429d1b56,3754328,Premier League,2015-2016,Manchester City,Yaya Touré,2,50 min 13 sec,96.3,27.1,26.98,14.91,12.9,Right Foot,direct,12,0.0457,0
1fb75a967cb40eedd3f7517a720a134f,3754329,Premier League,2015-2016,West Ham United,Aaron Cresswell,2,68 min 29 sec,105.6,62.4,26.63,9.44,22.4,Left Foot,direct,2,0.0091,0
0951a13805636d1d34b8a78c2b4f7756,3754330,Premier League,2015-2016,Aston Villa,Jordan Ayew,2,92 min 13 sec,92.7,39.8,27.3,16.67,0.2,Right Foot,direct,4,0.0576,0
eeabe85fa215089cf5d78fa2a2705d3d,3754330,Premier League,2015-2016,Aston Villa,Jordan Veretout,2,62 min 37 sec,94.6,26.7,28.67,14.15,13.3,Right Foot,direct,1,0.0407,0
401ca2b4498b020d97a4084a95d0b307,3754331,Premier League,2015-2016,Sunderland,Wahbi Khazri,2,71 min 33 sec,99.2,29.2,23.44,17.33,10.8,Right Foot,direct,13,0.0798,0
20ebbdd2e3855e051168e7cbd4d095a1,3754331,Premier League,2015-2016,Sunderland,Wahbi Khazri,1,22 min 11 sec,96.0,63.0,33.24,10.0,23.0,Right Foot,direct,13,0.0083,0
0dea936849361677af2995047d2baec4,3754331,Premier League,2015-2016,Sunderland,Dame N'Doye,2,57 min 15 sec,98.7,26.2,25.38,15.18,13.8,Right Foot,direct,1,0.0568,0
35433abbdee297fe5c1b51da486dcd1b,3754332,Premier League,2015-2016,Tottenham Hotspur,Christian Eriksen,1,3 min 56 sec,92.6,23.3,32.09,12.2,16.7,Right Foot,direct,28,0.009,0
3cc5376de4171344211d34b0040be1a6,3754332,Premier League,2015-2016,Tottenham Hotspur,Christian Eriksen,1,12 min 15 sec,100.7,24.3,24.88,14.36,15.7,Right Foot,direct,28,0.0501,0
73bab29c177dc70f11fffac5d3c8d0ac,3754332,Premier League,2015-2016,West Bromwich Albion,Craig Gardner,2,52 min 8 sec,91.8,34.4,28.75,15.55,5.6,Right Foot,direct,7,0.0484,0
3d1616924b3153f7abc5b39195a70a84,3754332,Premier League,2015-2016,Tottenham Hotspur,Christian Eriksen,2,81 min 2 sec,87.7,34.4,32.78,13.72,5.6,Right Foot,direct,28,0.0278,0
9bed1aae6661ff209fa9acfdd9538cf7,3754333,Premier League,2015-2016,Tottenham Hotspur,Christian Eriksen,2,56 min 37 sec,97.7,34.2,23.04,19.11,5.8,Right Foot,direct,28,0.0781,0
717919451acb523882e34fada8c60745,3754334,Premier League,2015-2016,AFC Bournemouth,Matt Ritchie,1,30 min 34 sec,111.9,63.5,24.86,6.15,23.5,Left Foot,direct,3,0.0064,0
bde1daf8cf89e2b7d4fceb27cc74702a,3754336,Premier League,2015-2016,Everton,Ross Barkley,2,85 min 24 sec,89.8,31.5,31.37,14.01,8.5,Right Foot,direct,10,0.0349,0
8a4e5f59a144d7239745aaf681f1506f,3754337,Premier League,2015-2016,Southampton,James Ward-Prowse,1,1 min 5 sec,89.2,34.3,31.32,14.32,5.7,Right Foot,direct,6,0.0328,0
effbc03aa8368ab6a49e00c73b84be9d,3754337,Premier League,2015-2016,Southampton,James Ward-Prowse,2,80 min 59 sec,93.2,30.9,28.3,15.28,9.1,Right Foot,direct,6,0.0523,0
e426b8731fec551eee093f1bb52b54b9,3754340,Premier League,2015-2016,West Bromwich Albion,Stéphane Sessègnon,1,51 min 2 sec,108.6,17.2,25.49,8.19,22.8,Right Foot,direct,4,0.0087,0
6173791e0e211475f8f70ac0a8b7d5e4,3754341,Premier League,2015-2016,Leicester City,Robert Huth,2,81 min 47 sec,99.9,30.6,22.19,18.65,9.4,Right Foot,direct,1,0.0807,0
7b0e25e915774478f84b791d8eb53e1b,3754342,Premier League,2015-2016,Liverpool,Christian Benteke,1,33 min 10 sec,97.9,33.5,23.04,18.96,6.5,Right Foot,direct,2,0.0755,0
bac23b6cc3e963ea76e3a3a76a017bc6,3754342,Premier League,2015-2016,Watford,Almen Abdi,2,67 min 54 sec,99.4,33.8,21.51,20.25,6.2,Right Foot,direct,5,0.0888,0
82e4cfbc3f72ddd13e841b5fc052a9ba,3754344,Premier League,2015-2016,Newcastle United,Georginio Wijnaldum,1,45 min 13 sec,92.7,20.7,33.43,11.21,19.3,Right Foot,direct,4,0.0084,0
ff6f89bba902bec4423ff6fb1f66b217,3754346,Premier League,2015-2016,Watford,Ben Watson,1,16 min 46 sec,91.1,31.9,30.01,14.64,8.1,Right Foot,direct,2,0.0398,0
a83ccf0c7e0124f9f279aea059bc045c,3754349,Premier League,2015-2016,West Ham United,Dimitri Payet,1,30 min 52 sec,89.4,30.5,32.04,13.62,9.5,Right Foot,direct,19,0.0291,0
671ae0393945eeb04aef0c9e5afbc1d5,3878540,Serie A,2015-2016,Lazio,Antonio Candreva,2,54 min 2 sec,81.2,36.7,38.94,11.69,3.3,Right Foot,direct,16,0.0073,0
006d4851662af4a6b728fe150f5324b6,3878540,Serie A,2015-2016,Bologna,Franco Brienza,1,26 min 55 sec,90.1,41.2,29.92,15.22,1.2,Left Foot,direct,6,0.0391,0
a0607e8a67b26cd0004dcf25f8042b4e,3878542,Serie A,2015-2016,Fiorentina,Marcos Alonso,1,37 min 37 sec,92.1,29.5,29.81,14.35,10.5,Left Foot,direct,9,0.0364,1
a6620ef055c8b869b653f9b746f3c1fc,3878542,Serie A,2015-2016,Fiorentina,Josip Iličić,1,10 min 4 sec,90.3,32.2,30.71,14.38,7.8,Left Foot,direct,14,0.0439,0
029b971a2ad8ea54060dcccfe8cdebf4,3878543,Serie A,2015-2016,Inter Milan,Stevan Jovetić,1,27 min 53 sec,86.2,42.1,33.87,13.45,2.1,Right Foot,direct,8,0.0252,0
9dc9c3234970097993022443b6351814,3878545,Serie A,2015-2016,Carpi,Andrea Lazzari,2,71 min 54 sec,100.3,49.5,21.87,18.82,9.5,Left Foot,direct,2,0.0854,0
e9645d5e558d0c52839dc955301657d7,3878545,Serie A,2015-2016,Sampdoria,Fernando,1,36 min 5 sec,100.3,44.2,20.14,22.02,4.2,Right Foot,direct,18,0.0892,1
4c3a512e02e027e71901657a28a238f1,3878545,Serie A,2015-2016,Sampdoria,Fernando,2,67 min 24 sec,95.2,46.0,25.52,17.35,6.0,Right Foot,direct,18,0.0704,0
55c7f1432b1be6de2ee67ed0c5a6300b,3878546,Serie A,2015-2016,Napoli,Dries Mertens,2,57 min 30 sec,94.9,49.0,26.66,16.11,9.0,Right Foot,direct,6,0.0568,0
1e26dc7a775a214ff4fed28225ef4d44,3878546,Serie A,2015-2016,Napoli,Dries Mertens,2,70 min 9 sec,97.8,23.2,27.84,13.17,16.8,Right Foot,direct,6,0.04,0
465da144a62062a33e1d63c6a5fca772,3878546,Serie A,2015-2016,Sassuolo,Antonio Floro Flores,1,23 min 58 sec,86.9,33.5,33.73,13.28,6.5,Right Foot,direct,8,0.027,0
0271c950bfcfcc7467a6939e642dcc85,3878548,Serie A,2015-2016,Juventus,Leonardo Bonucci,1,15 min 16 sec,97.8,44.2,22.59,19.76,4.2,Right Foot,direct,2,0.0799,0
d8519ef63faa2e9aa14aa58215ab779b,3878548,Serie A,2015-2016,Juventus,Paul Pogba,1,26 min 28 sec,85.6,39.4,34.41,13.26,0.6,Right Foot,direct,16,0.0185,0
f4b8cb08f9e232354038248b3a9a21a0,3878550,Serie A,2015-2016,Sassuolo,Matteo Politano,2,52 min 2 sec,94.7,44.1,25.63,17.53,4.1,Left Foot,direct,2,0.0747,0
03bf31c6c34dd6a5ecc1b2e7fa870d76,3878551,Serie A,2015-2016,Empoli,Mário Rui,2,49 min 2 sec,100.3,63.0,30.28,9.92,23.0,Left Foot,direct,5,0.0086,0
7b6ffc11da7195c9d54026ae4e7fd32a,3878552,Serie A,2015-2016,Carpi,Luca Marrone,2,85 min 29 sec,90.1,29.8,31.59,13.69,10.2,Right Foot,direct,4,0.0356,0
6e6632625eb1b13060018f42deb336de,3878552,Serie A,2015-2016,Inter Milan,Stevan Jovetić,2,70 min 51 sec,86.2,39.2,33.81,13.49,0.8,Right Foot,direct,8,0.0217,0
d0380cf0117c574f0f3df78f09fb7e41,3878553,Serie A,2015-2016,Lazio,Antonio Candreva,2,53 min 32 sec,94.1,57.9,31.48,11.99,17.9,Right Foot,direct,16,0.0096,0
fcc0d819bb38718917a0ee8c31fa47c3,3878553,Serie A,2015-2016,Chievo,Valter Birsa,1,44 min 38 sec,99.7,59.8,28.36,11.64,19.8,Left Foot,direct,10,0.0105,1
010c11c6b3df57528fcfb2341703dd7d,3878554,Serie A,2015-2016,Hellas Verona,Federico Viviani,2,89 min 13 sec,90.8,51.1,31.24,13.68,11.1,Right Foot,direct,8,0.0389,0
2b7864a741ecfbda0a745488f3c2411b,3878555,Serie A,2015-2016,Juventus,Paulo Dybala,2,65 min 2 sec,101.6,51.4,21.65,18.02,11.4,Left Foot,direct,11,0.0756,0
edca4abb8145c5b2684733807dabe379,3878555,Serie A,2015-2016,AS Roma,Miralem Pjanić,2,60 min 50 sec,99.3,26.6,24.66,15.63,13.4,Right Foot,direct,22,0.0609,1
0533771cba2fcd277f95dc2fcf8838db,3878555,Serie A,2015-2016,AS Roma,Miralem Pjanić,1,38 min 34 sec,82.2,46.4,38.34,11.75,6.4,Right Foot,direct,22,0.0065,0
24f86d15463b57637b3d891228d2e5a1,3878556,Serie A,2015-2016,Fiorentina,Federico Bernardeschi,2,88 min 19 sec,97.2,47.8,24.1,17.9,7.8,Left Foot,direct,3,0.0827,0
55c5af08bd2f635a84ffba890c5fc8a2,3878559,Serie A,2015-2016,Atalanta,Jasmin Kurtič,1,15 min 54 sec,87.8,26.8,34.8,12.16,13.2,Right Foot,direct,3,0.0077,0
4c580bc7b5ec2ab40838c77e2a33dbc1,3878593,Serie A,2015-2016,AS Roma,Juan Iturbe,2,89 min 2 sec,95.9,48.4,25.52,16.88,8.4,Left Foot,direct,1,0.0704,0
8b7118ac95f232fb6f543ee51ccfd575,3878594,Serie A,2015-2016,Juventus,Anderson Hernanes de Carvalho Andrade,2,79 min 16 sec,94.7,51.7,27.87,14.89,11.7,Right Foot,direct,5,0.0455,0
a24cd031d3cb42fec346c295ded93690,3878595,Serie A,2015-2016,Udinese,Bruno Fernandes,1,12 min 55 sec,100.3,11.8,34.4,7.69,28.2,Right Foot,direct,5,0.0072,0
5a45097dc152da72b91eba60378da589,3878595,Serie A,2015-2016,Udinese,Antonio Di Natale,2,78 min 21 sec,97.7,58.1,28.72,12.44,18.1,Right Foot,direct,4,0.0107,0
e950a23bb5fddfdcf7b068b4efbe9961,3878595,Serie A,2015-2016,Lazio,Antonio Candreva,1,14 min 40 sec,93.6,61.4,33.98,10.51,21.4,Right Foot,direct,16,0.0074,0
4ecf54f0d8e7965b0e137e497811d65a,3878597,Serie A,2015-2016,Empoli,Mário Rui,2,87 min 42 sec,98.5,60.5,29.71,11.23,20.5,Left Foot,direct,5,0.0105,0
b272c69e7d641d8bcccbffd380b51a3a,3878597,Serie A,2015-2016,Napoli,Manolo Gabbiadini,1,39 min 5 sec,89.8,47.9,31.22,14.15,7.9,Left Foot,direct,4,0.0379,0
a67eba9837d93c834bab8c169f13bc42,3878598,Serie A,2015-2016,Palermo,Enzo Maresca,2,84 min 16 sec,91.5,32.4,29.5,14.95,7.6,Right Foot,direct,5,0.0423,0
f2114f1e30a994932646a4fedab8ab46,3878599,Serie A,2015-2016,Sassuolo,Antonio Floro Flores,1,19 min 55 sec,88.3,28.6,33.69,12.77,11.4,Right Foot,direct,8,0.0191,0
b2f51dc4fe3bdd89671c8c6b48336991,3878600,Serie A,2015-2016,AC Milan,Mario Balotelli,2,81 min 24 sec,85.5,26.0,37.23,11.39,14.0,Right Foot,direct,16,0.0076,0
205ea40aba3dd7d2b29b632595d3a1d1,3878601,Serie A,2015-2016,Bologna,Franco Brienza,1,9 min 10 sec,93.6,43.6,26.64,16.93,3.6,Left Foot,direct,6,0.0603,0
310f8ae171674eb559d98d71508b154e,3878602,Serie A,2015-2016,AC Milan,Giacomo Bonaventura,1,39 min 55 sec,94.7,33.9,26.02,17.02,6.1,Right Foot,direct,16,0.0646,1
8ae40fa9ae49ca6b3c2f3054dcfbf3e0,3878603,Serie A,2015-2016,Empoli,Ronaldo Pompeu da Silva,2,54 min 28 sec,82.8,35.8,37.44,12.12,4.2,Right Foot,direct,1,0.0059,0
4b4137d07834b7061a2db71f4acdf35b,3878604,Serie A,2015-2016,Napoli,Raúl Albiol,1,12 min 31 sec,62.3,62.6,61.97,6.88,22.6,Right Foot,direct,1,0.0033,0
5917569e8bd29054230e961570e202e4,3878609,Serie A,2015-2016,Juventus,Paul Pogba,1,22 min 56 sec,90.6,28.8,31.46,13.58,11.2,Right Foot,direct,16,0.0343,0
e92b12721202208db841718db6dea746,3878609,Serie A,2015-2016,Genoa,Blerim Džemaili,1,34 min 55 sec,93.5,41.2,26.53,17.13,1.2,Right Foot,direct,11,0.0598,0
a0c92a5ee99257bc9f4459fb61d500f9,3878610,Serie A,2015-2016,Atalanta,Jasmin Kurtič,2,64 min 44 sec,88.7,36.7,31.47,14.41,3.3,Right Foot,direct,3,0.0298,0
5107c31e60b9c3845047347f1b0577e9,3878610,Serie A,2015-2016,Hellas Verona,Rafael Márquez,1,32 min 32 sec,89.3,26.8,33.42,12.58,13.2,Right Foot,direct,18,0.0138,0
605ac773dfa35f489da57dae1f669915,3878611,Serie A,2015-2016,Chievo,Valter Birsa,1,10 min 9 sec,91.9,32.7,29.03,15.21,7.3,Left Foot,direct,10,0.0433,0
8a5c93b9de739d40f96d20997796ca0f,3878611,Serie A,2015-2016,Chievo,Valter Birsa,1,32 min 14 sec,97.4,48.3,24.08,17.78,8.3,Left Foot,direct,10,0.0871,0
527fa6cc4c423e22663d858ee52847e1,3878611,Serie A,2015-2016,Inter Milan,Stevan Jovetić,2,53 min 9 sec,86.1,45.7,34.38,13.1,5.7,Right Foot,direct,8,0.0202,0
214fd8f55d0ad48497196b0c00e1072b,3879537,Serie A,2015-2016,AC Milan,Mario Balotelli,1,4 min 51 sec,96.9,23.9,28.16,13.38,16.1,Right Foot,direct,16,0.0376,1
92a9a6947acf4660dd587f747e546aa1,3879538,Serie A,2015-2016,Lazio,Filip Đorđević,1,38 min 11 sec,101.4,33.8,19.61,21.99,6.2,Left Foot,direct,1,0.0949,0
de316c8ac9cd229da9baf77e5e94ef19,3879538,Serie A,2015-2016,Genoa,Blerim Džemaili,2,64 min 39 sec,94.0,22.7,31.23,12.23,17.3,Right Foot,direct,11,0.0106,0
7f39fa44686a4772a5b65290a22f99bd,3879538,Serie A,2015-2016,Genoa,Panagiotis Tachtsidis,1,42 min 59 sec,93.0,54.9,30.84,13.01,14.9,Left Foot,direct,4,0.0285,0
14ef43ffd6d4f20faf8d48583a13c92b,3879538,Serie A,2015-2016,Genoa,Panagiotis Tachtsidis,1,45 min 36 sec,101.3,61.4,28.42,10.7,21.4,Left Foot,direct,4,0.0109,0
c459afd2364bbeab52bb8e4787bdc154,3879539,Serie A,2015-2016,Napoli,Dries Mertens,1,13 min 56 sec,93.7,25.2,30.18,13.23,14.8,Right Foot,direct,6,0.0371,0
c4dba32785853d233fb2c16a3c6b0dd3,3879541,Serie A,2015-2016,Fiorentina,Matías Vecino,1,10 min 48 sec,96.8,21.9,29.43,12.32,18.1,Right Foot,direct,1,0.0096,0
e1e3027c3289ad370e1ec3f64f48141a,3879541,Serie A,2015-2016,Fiorentina,Marcos Alonso,1,21 min 3 sec,97.7,37.9,22.4,20.17,2.1,Left Foot,direct,9,0.0842,0
51793b8669784fe3fe3bbd46494d5cba,3879541,Serie A,2015-2016,Fiorentina,Marcos Alonso,2,51 min 36 sec,88.6,41.1,31.42,14.5,1.1,Left Foot,direct,9,0.0279,0
71735d8eb9f58d9835f24589af06f08a,3879542,Serie A,2015-2016,Inter Milan,Adem Ljajić,1,9 min 3 sec,89.0,55.4,34.61,11.85,15.4,Right Foot,direct,9,0.0088,0
3a0e2a4918a9408169a7f82a73532976,3879542,Serie A,2015-2016,Hellas Verona,Federico Viviani,1,13 min 19 sec,94.7,15.6,35.15,9.42,24.4,Right Foot,direct,8,0.007,0
e37430293c6f497d6a17d73723ba8797,3879544,Serie A,2015-2016,Sassuolo,Matteo Politano,1,47 min 51 sec,93.9,42.1,26.18,17.32,2.1,Left Foot,direct,2,0.0596,0
adf2d196820c965b6d95972658226179,3879544,Serie A,2015-2016,Palermo,Enzo Maresca,2,73 min 14 sec,96.8,38.3,23.26,19.47,1.7,Right Foot,direct,5,0.0884,0
a76ec5d6ae9a5d7eb4938494f781bdb1,3879545,Serie A,2015-2016,AS Roma,Miralem Pjanić,2,56 min 55 sec,97.3,55.9,27.71,13.57,15.9,Right Foot,direct,22,0.0422,0
87c5e748e81de5935a6191954b06547d,3879547,Serie A,2015-2016,AS Roma,Miralem Pjanić,1,27 min 10 sec,99.2,40.3,20.8,21.77,0.3,Right Foot,direct,22,0.099,1
584973caa0719eecea7cca127478ee69,3879548,Serie A,2015-2016,Juventus,Paul Pogba,2,55 min 17 sec,97.2,31.6,24.3,17.62,8.4,Right Foot,direct,16,0.0762,0
6f57418aad0f2d8f6166b810225fa642,3879549,Serie A,2015-2016,Genoa,Blerim Džemaili,1,43 min 44 sec,89.7,45.4,30.78,14.59,5.4,Right Foot,direct,11,0.0379,0
3bf19af48dd612b5da201ca23d406887,3879549,Serie A,2015-2016,Genoa,Blerim Džemaili,1,39 min 54 sec,95.2,30.4,26.59,16.02,9.6,Right Foot,direct,11,0.062,0
7ef2f8a4cec57694ec6c7cc8d311735d,3879549,Serie A,2015-2016,AC Milan,Mario Balotelli,2,76 min 9 sec,92.5,44.2,27.82,16.19,4.2,Right Foot,direct,16,0.0564,0
829d48c857e47eaad451fd514c094133,3879549,Serie A,2015-2016,AC Milan,Mario Balotelli,2,62 min 3 sec,96.3,27.1,26.98,14.91,12.9,Right Foot,direct,16,0.0507,0
55a2401816998a2d5f7fe109debc2f0c,3879549,Serie A,2015-2016,Genoa,Blerim Džemaili,1,9 min 37 sec,93.3,23.5,31.39,12.43,16.5,Right Foot,direct,11,0.0095,1
44ee4d9d1d65947f5a5056c639e24602,3879550,Serie A,2015-2016,Inter Milan,Alex Telles,1,24 min 55 sec,97.4,66.9,35.13,8.44,26.9,Left Foot,direct,2,0.0074,0
8ee7e5af96a8ac9d0984128aece86c15,3879550,Serie A,2015-2016,Fiorentina,Marcos Alonso,1,32 min 46 sec,97.1,33.2,23.89,18.28,6.8,Left Foot,direct,9,0.0736,0
8df934402ca144c23ba632cf5a908b80,3879551,Serie A,2015-2016,Hellas Verona,Federico Viviani,1,25 min 17 sec,85.2,38.7,34.82,13.1,1.3,Right Foot,direct,8,0.0212,0
bc820e325ea3c3f5c850f2e8167fa759,3879551,Serie A,2015-2016,Lazio,Ricardo Kishna,1,14 min 2 sec,87.4,53.8,35.4,11.9,13.8,Left Foot,direct,1,0.0084,0
23b716d644757e973d29825bb800080c,3879552,Serie A,2015-2016,Bologna,Franco Brienza,2,88 min 18 sec,94.3,50.7,27.84,15.16,10.7,Left Foot,direct,6,0.0491,0
63aeb99ebfed30a6155ce3a860dfeddc,3879552,Serie A,2015-2016,Udinese,Marquinho,1,4 min 1 sec,97.1,47.2,24.01,18.11,7.2,Left Foot,direct,2,0.0766,0
0d99b82813fca74b0d410132ed38eaf9,3879552,Serie A,2015-2016,Udinese,Antonio Di Natale,2,71 min 21 sec,88.8,34.6,31.66,14.2,5.4,Right Foot,direct,4,0.0333,0
2e013a96f52e61738c84cd6434fde052,3879554,Serie A,2015-2016,Torino,Cesare Bovo,2,59 min 51 sec,100.5,55.3,24.79,14.61,15.3,Right Foot,direct,5,0.0441,0
f4e4e5177389a61974cf75a03f89f2c8,3879554,Serie A,2015-2016,Palermo,Aleksandar Trajkovski,1,38 min 33 sec,94.0,52.6,28.89,14.25,12.6,Right Foot,direct,7,0.0438,0
e44186e5516126bd3ebf6892be2bfc68,3879556,Serie A,2015-2016,Empoli,Leandro Paredes,2,83 min 3 sec,87.0,49.7,34.4,12.75,9.7,Right Foot,direct,11,0.0167,0
c61f30e08b57f58857bf573f89e971f2,3879556,Serie A,2015-2016,Empoli,Mário Rui,2,80 min 12 sec,98.2,53.1,25.43,15.45,13.1,Left Foot,direct,5,0.0592,0
e5dcc67ce50a93ac8b8d21db2aa1333c,3879556,Serie A,2015-2016,Empoli,Leandro Paredes,2,86 min 42 sec,92.2,38.5,27.84,16.33,1.5,Right Foot,direct,11,0.0522,0
798dbc6871d245788916c6a0be764c21,3879558,Serie A,2015-2016,Torino,Cesare Bovo,2,79 min 42 sec,96.0,32.5,25.14,17.31,7.5,Right Foot,direct,5,0.0649,0
86aa51277720773d08a526b58a56a262,3879559,Serie A,2015-2016,Bologna,Filippo Falco,2,91 min 23 sec,91.0,45.0,29.43,15.27,5.0,Left Foot,direct,1,0.0434,0
8526ca7fc71ca8cc6d4a0d41e391538d,3879559,Serie A,2015-2016,Juventus,Paul Pogba,2,80 min 0 sec,101.9,22.7,25.04,13.33,17.3,Right Foot,direct,16,0.0378,0
57e3549bf444031e21ad716f0c041e18,3879560,Serie A,2015-2016,Frosinone,Daniel Pavlovic,1,11 min 44 sec,84.8,50.2,36.65,11.98,10.2,Left Foot,direct,7,0.0083,0
482fef41c1318f72ad630d45726ba350,3879561,Serie A,2015-2016,Fiorentina,Josip Iličić,1,45 min 31 sec,97.4,60.3,30.38,11.28,20.3,Left Foot,direct,14,0.01,0
effe782002cd47c5ad03110366c57671,3879561,Serie A,2015-2016,Fiorentina,Borja Valero,2,58 min 18 sec,99.1,33.7,21.83,19.96,6.3,Right Foot,direct,5,0.0863,0
2dcb2b037de257f9f8aa5782f5efdd2c,3879562,Serie A,2015-2016,Napoli,Lorenzo Insigne,2,66 min 59 sec,94.4,24.8,29.77,13.24,15.2,Right Foot,direct,11,0.0366,1
9c4f069669d3108e49df8e83945f8cf8,3879562,Serie A,2015-2016,AC Milan,Giacomo Bonaventura,2,89 min 39 sec,98.9,46.8,22.17,19.55,6.8,Right Foot,direct,16,0.0847,0
26c619d35de1b1e41213ae1e647e5125,3879563,Serie A,2015-2016,Empoli,Piotr Zieliński,1,9 min 1 sec,103.0,17.2,28.44,9.73,22.8,Right Foot,direct,6,0.0084,0
ac3f85315610469f173d46020b5c59bc,3879564,Serie A,2015-2016,Palermo,Aleksandar Trajkovski,1,34 min 16 sec,94.3,39.4,25.71,17.68,0.6,Right Foot,direct,7,0.068,0
be76198e9a569cd39eb1de852ea6a591,3879566,Serie A,2015-2016,Udinese,Francesco Lodi,2,80 min 36 sec,87.1,40.2,32.9,13.86,0.2,Left Foot,direct,8,0.022,0
b683f8ec2e2b47715bc65dbfed519e37,3879567,Serie A,2015-2016,AS Roma,Miralem Pjanić,2,55 min 51 sec,96.1,38.7,23.94,18.95,1.3,Right Foot,direct,22,0.0764,1
a8dc8a09a11659a60c55e01717991c5d,3879568,Serie A,2015-2016,AC Milan,Giacomo Bonaventura,1,30 min 14 sec,100.0,19.0,29.0,10.98,21.0,Right Foot,direct,16,0.0115,0
aa6209273f647f44afa09f4aa3894acc,3879568,Serie A,2015-2016,AC Milan,Alex Rodrigo Dias da Costa,1,42 min 37 sec,96.9,45.2,23.68,18.74,5.2,Right Foot,direct,1,0.08,0
0f3f60b0dc9577e955a7bba2146e9c54,3879570,Serie A,2015-2016,Genoa,Blerim Džemaili,1,31 min 26 sec,99.1,18.2,30.2,10.57,21.8,Right Foot,direct,11,0.0105,0
d5b2f37752120de541a37e8dc2f8c155,3879571,Serie A,2015-2016,Carpi,Andrea Lazzari,2,78 min 39 sec,96.4,28.7,26.17,15.77,11.3,Left Foot,direct,2,0.0674,0
60d50bc809aeec6fba15f2c26e074e76,3879571,Serie A,2015-2016,Atalanta,Luca Cigarini,1,36 min 21 sec,93.4,25.3,30.39,13.19,14.7,Right Foot,direct,4,0.0324,0
0712e221b7250bfea75d2b00f9ee380d,3879572,Serie A,2015-2016,Fiorentina,Marcos Alonso,1,38 min 51 sec,95.5,53.8,28.12,14.2,13.8,Left Foot,direct,9,0.0421,0
fc2669db1fe529bda22d879a53b7fe87,3879572,Serie A,2015-2016,Napoli,Lorenzo Insigne,1,25 min 23 sec,91.7,39.4,28.31,16.08,0.6,Right Foot,direct,11,0.0507,0
6fa9bd8260f4e473599c498d1e36b756,3879572,Serie A,2015-2016,Napoli,Omar El Kaddouri,2,86 min 54 sec,96.3,21.4,30.13,12.0,18.6,Right Foot,direct,1,0.012,0
c44d9c49c9d19dbc6ff110ccb6d9ca14,3879573,Serie A,2015-2016,Lazio,Antonio Candreva,2,56 min 43 sec,93.6,43.8,26.67,16.89,3.8,Right Foot,direct,16,0.0605,0
7be90adf6a5b55673a82878ab2da4fe2,3879574,Serie A,2015-2016,Inter Milan,Ivan Perišić,2,86 min 47 sec,99.1,57.5,27.26,12.95,17.5,Left Foot,direct,5,0.0363,0
d44004f923b7e68fd85e40b2f86b87a4,3879574,Serie A,2015-2016,Inter Milan,Stevan Jovetić,1,11 min 49 sec,88.8,28.0,33.43,12.77,12.0,Right Foot,direct,8,0.0183,0
2b64c2f27888826197b89ed32a851861,3879574,Serie A,2015-2016,Inter Milan,Stevan Jovetić,2,84 min 33 sec,98.2,29.5,24.2,17.03,10.5,Right Foot,direct,8,0.0743,0
dc8d83def453c0e3765b9412efef9260,3879575,Serie A,2015-2016,Udinese,Francesco Lodi,1,43 min 0 sec,89.8,42.1,30.27,15.02,2.1,Left Foot,direct,8,0.0372,0
45e57f345ba08de98fae0f5118883267,3879576,Serie A,2015-2016,Frosinone,Danilo Soddimo,1,38 min 50 sec,89.8,29.4,32.01,13.47,10.6,Right Foot,direct,3,0.0269,0
fc173a13238ee5d74cd7f4d585fc6ac9,3879577,Serie A,2015-2016,Empoli,Massimo Maccarone,1,29 min 37 sec,96.8,33.7,24.04,18.28,6.3,Right Foot,direct,1,0.0877,0
d9133e4ed4661d78ee978bdca1928546,3879577,Serie A,2015-2016,Empoli,Leandro Paredes,1,33 min 57 sec,109.7,1.9,39.47,3.06,38.1,Right Foot,direct,11,0.0062,0
0aed9f76ea0c49217aeedc01a7ab898c,3879578,Serie A,2015-2016,Bologna,Emanuele Giaccherini,1,29 min 8 sec,93.7,29.0,28.51,14.79,11.0,Right Foot,direct,6,0.0454,0
fafd8379552818b357eb7167c3b85717,3879578,Serie A,2015-2016,Bologna,Emanuele Giaccherini,2,69 min 0 sec,103.1,17.2,28.38,9.72,22.8,Right Foot,direct,6,0.0089,0
dc0bc1a50eff46533ac20d39959a1801,3879579,Serie A,2015-2016,Palermo,Robin Quaison,2,80 min 3 sec,98.3,29.3,24.19,16.96,10.7,Right Foot,direct,1,0.0749,0
4272b1d6e6218a0f15106276d43e9b38,3879579,Serie A,2015-2016,Inter Milan,Stevan Jovetić,2,50 min 7 sec,93.7,38.3,26.35,17.23,1.7,Right Foot,direct,8,0.0635,0
7d2390b43361d592ff344605601d780d,3879580,Serie A,2015-2016,Juventus,Paulo Dybala,2,68 min 41 sec,94.6,49.2,27.01,15.89,9.2,Left Foot,direct,11,0.0557,0
7208e0bcc0bb51911c49e7bef45bee19,3879582,Serie A,2015-2016,Lazio,Antonio Candreva,1,28 min 1 sec,87.3,36.6,32.88,13.8,3.4,Right Foot,direct,16,0.0288,0
238c93ab342c1ce39147dbf70e616e75,3879582,Serie A,2015-2016,Lazio,Antonio Candreva,1,12 min 9 sec,83.7,26.2,38.83,11.01,13.8,Right Foot,direct,16,0.0069,0
652aa2d366166c7fb79b116546b6c63e,3879583,Serie A,2015-2016,AS Roma,Miralem Pjanić,1,45 min 43 sec,92.9,15.0,36.87,9.17,25.0,Right Foot,direct,22,0.0058,0
310b8c399ec149de1fd6b5ce37e99fc8,3879584,Serie A,2015-2016,Udinese,Francesco Lodi,2,92 min 23 sec,101.3,31.8,20.42,20.46,8.2,Left Foot,direct,8,0.0953,0
7b2ba931447fa4ed0ddd80232101bd98,3879584,Serie A,2015-2016,Udinese,Antonio Di Natale,2,56 min 6 sec,97.6,57.5,28.43,12.75,17.5,Right Foot,direct,4,0.025,0
143a030777cdc1a42f361493b0cfc683,3879584,Serie A,2015-2016,Udinese,Francesco Lodi,1,19 min 41 sec,105.9,62.8,26.81,9.12,22.8,Left Foot,direct,8,0.0097,1
bb54e079f325579a368bfac523e2dba6,3879584,Serie A,2015-2016,Frosinone,Nicolás Castillo,1,27 min 17 sec,80.5,33.0,40.12,11.22,7.0,Right Foot,direct,2,0.0066,0
42bbef082a452ee38878bc02a5a4225d,3879585,Serie A,2015-2016,Sassuolo,Domenico Berardi,2,52 min 4 sec,92.0,51.8,30.38,13.87,11.8,Left Foot,direct,8,0.0348,1
1fd02d50fa7d8526d44244087d574095,3879586,Serie A,2015-2016,Hellas Verona,Leandro Greco,2,70 min 43 sec,94.6,51.5,27.88,14.94,11.5,Left Foot,direct,3,0.0434,0
19a9db48ec0e8fc8f9a346afc85aa339,3879587,Serie A,2015-2016,Inter Milan,Adem Ljajić,1,46 min 53 sec,87.2,45.9,33.33,13.48,5.9,Right Foot,direct,9,0.0249,0
203aa33750aa99cca99f268574cb7169,3879587,Serie A,2015-2016,Bologna,Saphir Taïder,2,63 min 53 sec,111.2,13.5,27.92,5.27,26.5,Right Foot,direct,3,0.0077,0
f4701cc692d372b3cd908fe810626578,3879588,Serie A,2015-2016,Atalanta,Jasmin Kurtič,1,39 min 52 sec,91.6,49.0,29.79,14.61,9.0,Right Foot,direct,3,0.0403,0
e599583e849e4be975909bdb6c6869b1,3879588,Serie A,2015-2016,Lazio,Lucas Biglia,1,15 min 54 sec,95.3,34.3,25.35,17.5,5.7,Right Foot,direct,6,0.0721,1
86c12b6542946f4019eb185f54340b26,3879589,Serie A,2015-2016,Carpi,Matteo Fedele,1,7 min 29 sec,93.2,24.1,31.16,12.65,15.9,Right Foot,direct,1,0.0171,0
c3208d75f746838de5d4226c0bac9c57,3879591,Serie A,2015-2016,Sassuolo,Nicola Sansone,1,19 min 13 sec,94.5,29.0,27.77,15.12,11.0,Right Foot,direct,8,0.0473,1
8ae2de00b5663524fd178d83ad711655,3879591,Serie A,2015-2016,Juventus,Anderson Hernanes de Carvalho Andrade,2,82 min 5 sec,90.4,28.0,31.94,13.27,12.0,Right Foot,direct,5,0.0264,0
d0d14c9cb9ac97a7b724aef02bfa8f65,3879592,Serie A,2015-2016,Udinese,Marquinho,1,25 min 49 sec,85.0,43.6,35.18,12.91,3.6,Left Foot,direct,2,0.0183,0
12a6c2551af7f40693daade0ef5aa952,3879592,Serie A,2015-2016,AS Roma,Miralem Pjanić,2,88 min 29 sec,97.4,19.2,30.71,11.03,20.8,Right Foot,direct,22,0.0121,0
518419a99a047bc40d0e86af4a6b67ea,3879592,Serie A,2015-2016,Udinese,Bruno Fernandes,2,84 min 8 sec,87.0,27.3,35.36,12.07,12.7,Right Foot,direct,5,0.0078,0
6ea075ec0c941dde5b8905a8c4039fcf,3879595,Serie A,2015-2016,Fiorentina,Josip Iličić,1,39 min 21 sec,94.4,30.7,27.24,15.76,9.3,Left Foot,direct,14,0.0594,0
baa2664e72557a87fa9dae29b699e32f,3879596,Serie A,2015-2016,Sampdoria,Fernando,1,22 min 7 sec,96.2,31.8,25.17,17.13,8.2,Right Foot,direct,18,0.0647,0
78c71a7692dc8d5b96235456a61af388,3879597,Serie A,2015-2016,Torino,Cesare Bovo,2,50 min 51 sec,95.0,33.9,25.73,17.2,6.1,Right Foot,direct,5,0.071,0
12390ac0f8b89395d6f05a63c5a0b55d,3879598,Serie A,2015-2016,Inter Milan,Fredy Guarín,2,94 min 39 sec,81.5,16.0,45.37,8.58,24.0,Right Foot,direct,1,0.0059,0
2729a45cfcb31f92d301b75dab2747ff,3879599,Serie A,2015-2016,AC Milan,Keisuke Honda,2,92 min 50 sec,101.5,48.5,20.36,20.37,8.5,Left Foot,direct,8,0.0845,0
7829460e856b4f8ec927d103d01f0998,3879600,Serie A,2015-2016,Hellas Verona,Rafael Márquez,1,45 min 12 sec,94.5,33.7,26.27,16.84,6.3,Right Foot,direct,18,0.0592,0
5d3a78b5ff6cc2fe95adf83731eac3ac,3879601,Serie A,2015-2016,Atalanta,Mauricio Ricardo Pinilla Ferreira,2,70 min 28 sec,93.5,44.3,26.85,16.74,4.3,Right Foot,direct,1,0.0595,0
f0637f20feab70de1aa83fe5de1b2539,3879601,Serie A,2015-2016,Atalanta,Maximiliano Moralez,2,88 min 42 sec,95.0,37.1,25.17,17.95,2.9,Right Foot,direct,2,0.074,0
f89cbe4fa057e22fce3f5c5e8601a9f5,3879603,Serie A,2015-2016,Sassuolo,Domenico Berardi,2,51 min 9 sec,93.5,42.9,26.66,16.97,2.9,Left Foot,direct,8,0.0529,0
bb64b87d75924f66daf819f47f42ed91,3879604,Serie A,2015-2016,Napoli,Manolo Gabbiadini,2,91 min 16 sec,92.7,50.2,29.14,14.69,10.2,Left Foot,direct,4,0.042,0
1b19f160dfdccb0168b122fe9d00e0d5,3879605,Serie A,2015-2016,Empoli,Riccardo Saponara,2,52 min 13 sec,100.4,34.4,20.38,21.43,5.6,Right Foot,direct,1,0.0879,1
eab8aa562c77f3fa45513e41c5049466,3879606,Serie A,2015-2016,Sampdoria,Fernando,1,41 min 36 sec,88.9,39.5,31.1,14.65,0.5,Right Foot,direct,18,0.0271,0
67962339c14df97f1823cd13b055ee3e,3879609,Serie A,2015-2016,Napoli,Lorenzo Insigne,1,5 min 30 sec,92.0,37.6,28.1,16.15,2.4,Right Foot,direct,11,0.0503,0
b7269f10959c05e1428faaef7645119d,3879610,Serie A,2015-2016,AS Roma,Lucas Digne,1,21 min 45 sec,101.4,54.0,23.28,15.8,14.0,Left Foot,direct,2,0.0615,0
791d7a9dde3ddb86fe6b08143059dbd1,3879610,Serie A,2015-2016,AS Roma,Radja Nainggolan,1,28 min 35 sec,83.2,36.5,36.97,12.3,3.5,Right Foot,direct,1,0.0061,0
e275725e85fa4ae139402e491ead5a09,3879610,Serie A,2015-2016,Lazio,Antonio Candreva,2,70 min 49 sec,100.4,47.9,21.13,20.01,7.9,Right Foot,direct,16,0.087,0
899725cdcf08a07f6ac978d6cbf84917,3879612,Serie A,2015-2016,Genoa,Darko Lazović,2,68 min 5 sec,99.8,41.7,20.27,22.25,1.7,Right Foot,direct,4,0.0928,0
4bf9f8a12a8f43c51a9c35b4f67abf43,3879615,Serie A,2015-2016,Sassuolo,Domenico Berardi,2,47 min 18 sec,88.0,40.0,32.0,14.25,0.0,Left Foot,direct,8,0.0273,0
ebb1af644aa9ea070ab348bd90b2f8a7,3879617,Serie A,2015-2016,AS Roma,Miralem Pjanić,1,24 min 29 sec,99.9,28.6,23.11,17.25,11.4,Right Foot,direct,22,0.0722,0
d83945a66b1926634c913cd393b3ca5f,3879617,Serie A,2015-2016,AS Roma,Miralem Pjanić,1,42 min 32 sec,95.1,32.1,26.12,16.64,7.9,Right Foot,direct,22,0.0628,0
b331529387ebdc17ba31903c9114022f,3879617,Serie A,2015-2016,AS Roma,Miralem Pjanić,1,39 min 7 sec,91.0,29.3,30.91,13.87,10.7,Right Foot,direct,22,0.0382,0
040e74a897f8b40d4d6f60c7c74d8d37,3879618,Serie A,2015-2016,Juventus,Paulo Dybala,1,2 min 51 sec,94.7,58.1,31.11,12.01,18.1,Left Foot,direct,11,0.0104,0
e7e1423ab3ae1dd718eeb71850efd549,3879618,Serie A,2015-2016,Juventus,Anderson Hernanes de Carvalho Andrade,1,40 min 0 sec,84.8,38.9,35.22,12.95,1.1,Right Foot,direct,5,0.0174,0
61bc1fb94a77eb7ef00b1f2b3b7ede92,3879619,Serie A,2015-2016,Sassuolo,Domenico Berardi,1,11 min 33 sec,88.7,42.1,31.37,14.5,2.1,Left Foot,direct,8,0.0258,0
e2bc71af44c4dd85530d1e4c651133c6,3879619,Serie A,2015-2016,Sassuolo,Antonio Floro Flores,2,87 min 39 sec,93.2,23.5,31.47,12.41,16.5,Right Foot,direct,8,0.0098,0
772f848bea0f07d7045dce26a02dfa82,3879621,Serie A,2015-2016,Atalanta,Maximiliano Moralez,1,19 min 1 sec,94.5,28.6,27.93,14.95,11.4,Right Foot,direct,2,0.0435,0
e46bb6ed0d126a6b8e154206df8b9743,3879621,Serie A,2015-2016,Atalanta,Davide Brivio,2,58 min 46 sec,90.4,46.9,30.39,14.62,6.9,Left Foot,direct,1,0.0407,0
729093fbfe058d45f7bbb7d037e2e6cd,3879622,Serie A,2015-2016,Carpi,Gabriel Silva,1,9 min 42 sec,100.6,50.4,22.01,18.33,10.4,Left Foot,direct,1,0.0759,0
5b2b3e20406174d9d7fd3370b12aca7f,3879622,Serie A,2015-2016,Carpi,Gaetano Letizia,2,96 min 15 sec,95.4,29.1,26.91,15.53,10.9,Right Foot,direct,1,0.0608,0
583b58c5787e0625bbece1888c0061b0,3879623,Serie A,2015-2016,Empoli,Leandro Paredes,1,26 min 24 sec,94.1,22.8,31.09,12.3,17.2,Right Foot,direct,11,0.0094,0
1cd27bf1e17a6f9fd06028c76ae3d85a,3879625,Serie A,2015-2016,Sampdoria,Éder,2,71 min 23 sec,95.8,44.7,24.65,18.12,4.7,Right Foot,direct,2,0.0773,0
c4ceb1cf81c128f24128b048d1a0d489,3879625,Serie A,2015-2016,Sampdoria,Ervin Zukanović,1,17 min 12 sec,89.9,54.4,33.37,12.38,14.4,Left Foot,direct,3,0.0085,0
3bc0e7ef558a256c48c3fbec09d0476f,3879628,Serie A,2015-2016,AC Milan,Giacomo Bonaventura,2,67 min 5 sec,96.1,33.0,24.9,17.56,7.0,Right Foot,direct,16,0.0728,0
6a92559909a39d46721b886b2713ae46,3879628,Serie A,2015-2016,Sampdoria,Fernando,2,90 min 18 sec,94.4,40.9,25.62,17.74,0.9,Right Foot,direct,18,0.0628,0
b55c6c56a36ff578492544dbff761223,3879629,Serie A,2015-2016,Hellas Verona,Federico Viviani,2,68 min 34 sec,101.4,31.3,20.53,20.14,8.7,Right Foot,direct,8,0.0978,1
5b84ce91947cd1226a6c6f1ad12ab283,3879630,Serie A,2015-2016,Palermo,Gastón Brugman,2,61 min 42 sec,94.8,34.6,25.77,17.28,5.4,Right Foot,direct,1,0.0673,0
f5ea355b6437a08e31055e4e7ecf7812,3879631,Serie A,2015-2016,Chievo,Valter Birsa,1,19 min 32 sec,93.7,54.7,30.13,13.28,14.7,Left Foot,direct,10,0.037,0
504b4569c1d7731c3dcbce8b9d27c472,3879631,Serie A,2015-2016,Chievo,Valter Birsa,1,23 min 52 sec,99.2,27.5,24.27,16.2,12.5,Left Foot,direct,10,0.0632,0
4eec0dd2d2326bb6a70a01fe4c0fb843,3879631,Serie A,2015-2016,Udinese,Francesco Lodi,1,33 min 5 sec,100.0,27.1,23.8,16.21,12.9,Left Foot,direct,8,0.0622,0
e15ff4a1cb38ee0c32860312bbf4a143,3879632,Serie A,2015-2016,AS Roma,Miralem Pjanić,2,69 min 27 sec,95.6,32.7,25.47,17.15,7.3,Right Foot,direct,22,0.0699,0
875cbe39a2fe48cbe5977567957c74b1,3879633,Serie A,2015-2016,Lazio,Antonio Candreva,1,35 min 12 sec,82.3,41.7,37.74,12.09,1.7,Right Foot,direct,16,0.0074,0
666e140363877e7c9ce07e588a3872d7,3879633,Serie A,2015-2016,Lazio,Antonio Candreva,2,54 min 47 sec,90.7,53.2,32.14,12.98,13.2,Right Foot,direct,16,0.0245,0
a48900d57384e4f3102d46231ea910a6,3879633,Serie A,2015-2016,Lazio,Lucas Biglia,1,29 min 8 sec,95.7,34.1,25.01,17.7,5.9,Right Foot,direct,6,0.0723,0
bd5bf5a80d6899ff21078f2c4cecbd25,3879634,Serie A,2015-2016,Genoa,Darko Lazović,2,93 min 9 sec,97.7,17.0,32.04,10.01,23.0,Right Foot,direct,4,0.0078,0
839c94a28765098bb58f37d98bc23ffd,3879635,Serie A,2015-2016,Napoli,Faouzi Ghoulam,2,52 min 23 sec,81.6,39.9,38.4,11.89,0.1,Left Foot,direct,5,0.0069,0
e2903413bf1a7968f1528ed65013f7d6,3879636,Serie A,2015-2016,Sassuolo,Nicola Sansone,1,31 min 23 sec,89.9,52.8,32.71,12.87,12.8,Right Foot,direct,8,0.0236,0
b0a21246bbb8eb026d121ca53acae29e,3879636,Serie A,2015-2016,Fiorentina,Josip Iličić,2,82 min 35 sec,97.7,53.3,25.96,15.17,13.3,Left Foot,direct,14,0.0549,0
827bac0279f0048c4acf2d85864f0ca6,3879637,Serie A,2015-2016,Lazio,Lucas Biglia,2,75 min 11 sec,95.8,50.4,26.34,15.94,10.4,Right Foot,direct,6,0.0582,0
bf7825a69a7d10c95a0407ebffcafc67,3879637,Serie A,2015-2016,Lazio,Marco Parolo,2,69 min 50 sec,87.1,39.8,32.9,13.86,0.2,Right Foot,direct,1,0.0216,0
ce92ebb1ee81210edd6ae068efc2306a,3879638,Serie A,2015-2016,Inter Milan,Adem Ljajić,2,58 min 47 sec,98.6,14.7,33.14,8.99,25.3,Right Foot,direct,9,0.0083,1
989c1ad9b37c43441f89537eb2db96af,3879639,Serie A,2015-2016,AS Roma,Miralem Pjanić,2,82 min 48 sec,89.8,24.0,34.18,11.84,16.0,Right Foot,direct,22,0.0076,1
3a8dbb93b48aa2602c433160fea25e58,3879640,Serie A,2015-2016,Frosinone,Daniel Pavlovic,2,46 min 37 sec,100.0,35.5,20.5,21.59,4.5,Left Foot,direct,7,0.0937,0
4153cab4ee1c8dcfda58685f1209c731,3879642,Serie A,2015-2016,AC Milan,Giacomo Bonaventura,2,74 min 3 sec,95.2,25.4,28.78,13.73,14.6,Right Foot,direct,16,0.042,0
6a0f258d5e99199f149742b4e66d4551,3879642,Serie A,2015-2016,AC Milan,Giacomo Bonaventura,2,68 min 52 sec,89.6,24.0,34.35,11.8,16.0,Right Foot,direct,16,0.008,0
3a7ebca7829a9f2f9046a1e730b262af,3879642,Serie A,2015-2016,AC Milan,M'Baye Niang,2,79 min 6 sec,93.2,43.0,26.97,16.78,3.0,Right Foot,direct,2,0.0545,0
e2b0f4fdc7ee033ca8e73822eb19ba1a,3879643,Serie A,2015-2016,Sampdoria,Éder,1,33 min 52 sec,95.3,47.7,25.87,16.83,7.7,Right Foot,direct,2,0.0696,0
453feae1b534b23a5d78aefce64c1c9b,3879644,Serie A,2015-2016,Palermo,Ivaylo Chochev,1,42 min 59 sec,96.2,54.4,27.82,14.1,14.4,Left Foot,direct,1,0.0411,0
6406fb3da7ca23cf4c6ac76d4082d47e,3879645,Serie A,2015-2016,Bologna,Franco Brienza,1,5 min 54 sec,100.0,58.6,27.31,12.36,18.6,Left Foot,direct,6,0.0128,0
7bc52e068d92af1e6e3c6df4ddb84f0f,3879647,Serie A,2015-2016,Genoa,Tino Costa,2,51 min 18 sec,93.0,56.3,31.54,12.45,16.3,Left Foot,direct,3,0.0101,0
d2c4e04da36191df06e830973cf45c0d,3879647,Serie A,2015-2016,Genoa,Panagiotis Tachtsidis,2,81 min 40 sec,87.4,38.4,32.64,13.96,1.6,Left Foot,direct,4,0.0263,0
1a4138e1935d34796252740a6bdc2489,3879648,Serie A,2015-2016,Inter Milan,Alex Telles,2,90 min 0 sec,90.9,48.7,30.37,14.4,8.7,Left Foot,direct,2,0.036,0
99656522aef849bdc20f006458d13e18,3879648,Serie A,2015-2016,Udinese,Antonio Di Natale,1,21 min 14 sec,99.6,43.1,20.63,21.72,3.1,Right Foot,direct,4,0.0908,0
9477b0f859ed269540ee5fec9442f9ea,3879649,Serie A,2015-2016,Frosinone,Danilo Soddimo,1,9 min 31 sec,92.3,63.3,36.2,9.72,23.3,Right Foot,direct,3,0.0079,0
12643de213eaa1d14c653c42e0a6c817,3879649,Serie A,2015-2016,Frosinone,Nicolás Castillo,2,88 min 30 sec,84.7,39.0,35.31,12.92,1.0,Right Foot,direct,2,0.015,0
0c275e12d05d9f3cec37117990ed59d7,3879651,Serie A,2015-2016,Napoli,Lorenzo Insigne,2,63 min 24 sec,95.1,24.1,29.54,13.09,15.9,Right Foot,direct,11,0.0352,0
3ab23d26a2c2cd59fdae682f463e97f2,3879651,Serie A,2015-2016,AS Roma,Miralem Pjanić,2,65 min 28 sec,86.6,29.2,35.1,12.39,10.8,Right Foot,direct,22,0.0081,0
158c47623aa49d2a65320b416d329379,3879653,Serie A,2015-2016,Juventus,Paulo Dybala,2,63 min 22 sec,89.7,45.7,30.83,14.54,5.7,Left Foot,direct,11,0.0424,0
2427add5e2173f854fa89e143c352aa2,3879653,Serie A,2015-2016,Fiorentina,Josip Iličić,1,22 min 47 sec,91.3,44.1,28.99,15.56,4.1,Left Foot,direct,14,0.0489,0
340760bdff4e4cfca6c6e582f51ec777,3879655,Serie A,2015-2016,Lazio,Antonio Candreva,2,62 min 0 sec,92.3,52.5,30.39,13.72,12.5,Right Foot,direct,16,0.0353,0
c15676ebbe108eb8a19e2ac08f495383,3879655,Serie A,2015-2016,Lazio,Antonio Candreva,2,68 min 23 sec,87.9,35.7,32.39,13.96,4.3,Right Foot,direct,16,0.0266,0
7d9bc1b75cc5d26f1fb23e69657eb0a9,3879655,Serie A,2015-2016,Lazio,Antonio Candreva,2,52 min 45 sec,90.6,59.8,35.45,10.74,19.8,Right Foot,direct,16,0.0078,0
008a8ce8f9fae6a2b53431d478af9d02,3879655,Serie A,2015-2016,Sampdoria,Antonio Cassano,2,63 min 44 sec,117.6,17.2,22.93,2.16,22.8,Right Foot,direct,1,0.0098,0
ea29f3e11551ea08fc23623d5ac17597,3879655,Serie A,2015-2016,Sampdoria,Ervin Zukanović,2,92 min 44 sec,94.4,50.0,27.48,15.48,10.0,Left Foot,direct,3,0.0477,1
f95ca323d83b51391fa5437565a0c9cd,3879658,Serie A,2015-2016,Torino,Danilo Avelar,2,64 min 59 sec,99.4,31.8,22.17,19.11,8.2,Left Foot,direct,2,0.0807,0
5466fee68d41dfdf87cb598dc2ae90c8,3879659,Serie A,2015-2016,Inter Milan,Stevan Jovetić,1,36 min 53 sec,99.2,21.2,28.04,12.19,18.8,Right Foot,direct,8,0.0129,0
11b6a34adeee7858b556d480343d9096,3879659,Serie A,2015-2016,Lazio,Antonio Candreva,2,70 min 32 sec,99.8,44.7,20.74,21.32,4.7,Right Foot,direct,16,0.0876,0
3deabb9b14f38931bc9d308475fcb978,3879662,Serie A,2015-2016,Fiorentina,Josip Iličić,1,26 min 54 sec,93.7,57.0,31.32,12.3,17.0,Left Foot,direct,14,0.0104,0
a3409029dddc89242b8c0674213d8a86,3879663,Serie A,2015-2016,Sassuolo,Antonio Floro Flores,2,83 min 22 sec,84.8,27.3,37.42,11.5,12.7,Right Foot,direct,8,0.0072,0
fb9ea5a06e6c62adeabe61bf68a633d6,3879664,Serie A,2015-2016,Palermo,Franco Vázquez,2,63 min 13 sec,99.6,57.0,26.55,13.32,17.0,Left Foot,direct,4,0.0414,0
2a11e433668e53531c9fb0c211d26943,3879664,Serie A,2015-2016,Sampdoria,Fernando,1,43 min 54 sec,94.5,43.2,25.7,17.56,3.2,Right Foot,direct,18,0.0801,0
1c26b45ccd533c845f1f5cd7a9dfb272,3879664,Serie A,2015-2016,Palermo,Aleksandar Trajkovski,2,65 min 38 sec,108.7,14.1,28.26,6.59,25.9,Right Foot,direct,7,0.0075,0
47b06f7a5c36f8183037e6eb2a633c5d,3879665,Serie A,2015-2016,Frosinone,Daniel Pavlovic,1,12 min 24 sec,92.5,24.9,31.37,12.8,15.1,Left Foot,direct,7,0.0233,0
c4c57afb5648d66172ad313c7aa1ff96,3879665,Serie A,2015-2016,AC Milan,Giacomo Bonaventura,1,47 min 42 sec,97.1,41.6,22.96,19.72,1.6,Right Foot,direct,16,0.0746,0
9e2768cfb0ab39596b9695cad491c63f,3879665,Serie A,2015-2016,Frosinone,Danilo Soddimo,2,57 min 31 sec,93.8,26.5,29.47,13.81,13.5,Right Foot,direct,3,0.0386,0
d209045a66bd17ac4daa262bd7366a11,3879666,Serie A,2015-2016,Sampdoria,Ervin Zukanović,1,13 min 14 sec,96.7,55.1,27.77,13.87,15.1,Left Foot,direct,3,0.0412,0
6757d4120122daf9a876483bd16a29d9,3879666,Serie A,2015-2016,Genoa,Darko Lazović,1,51 min 14 sec,97.2,26.7,26.4,15.0,13.3,Right Foot,direct,4,0.0493,0
fcad3dbf178d4188684e77aa49e2378a,3879666,Serie A,2015-2016,Genoa,Blerim Džemaili,1,24 min 41 sec,92.2,47.4,28.77,15.32,7.4,Right Foot,direct,11,0.0467,0
ffeb8be318c0f891ac252b2f1227c435,3879668,Serie A,2015-2016,Empoli,Leandro Paredes,2,74 min 54 sec,86.7,21.6,38.05,10.54,18.4,Right Foot,direct,11,0.0079,0
4fba015add190cf144b628bb848eb921,3879669,Serie A,2015-2016,Napoli,Lorenzo Insigne,2,60 min 1 sec,85.3,34.8,35.09,12.87,5.2,Right Foot,direct,11,0.0157,0
d73901ea4f523ff25eea67d6541f33cd,3879670,Serie A,2015-2016,Juventus,Paulo Dybala,1,7 min 19 sec,95.7,52.3,27.24,14.99,12.3,Left Foot,direct,11,0.0515,1
065effa357021599b7bacd6037059008,3879670,Serie A,2015-2016,Hellas Verona,Luca Siligardi,1,21 min 19 sec,87.4,50.6,34.28,12.68,10.6,Left Foot,direct,5,0.0141,0
e198840465fb820fb7d72722ace8a2e4,3879671,Serie A,2015-2016,Fiorentina,Josip Iličić,1,2 min 6 sec,85.2,33.2,35.46,12.64,6.8,Left Foot,direct,14,0.0143,0
00d60bc95f36f5b962d7e08535ced08f,3879672,Serie A,2015-2016,Chievo,Simone Pepe,2,84 min 51 sec,97.7,25.9,26.38,14.7,14.1,Right Foot,direct,5,0.049,1
7b78db28c811c62c479ab12fb37bbdc1,3879673,Serie A,2015-2016,Udinese,Francesco Lodi,2,65 min 22 sec,100.1,57.0,26.17,13.39,17.0,Left Foot,direct,8,0.0446,0
80884373997c6ca13288924f1b5ea437,3879674,Serie A,2015-2016,AC Milan,Giacomo Bonaventura,2,66 min 29 sec,115.4,9.9,30.45,2.31,30.1,Right Foot,direct,16,0.0074,0
9bc16d4d7c7896f857420fedadb93b72,3879675,Serie A,2015-2016,Lazio,Antonio Candreva,2,72 min 46 sec,94.0,58.4,31.85,11.77,18.4,Right Foot,direct,16,0.0093,0
add4ffa0bff60e738d60d8e979f7cc83,3879676,Serie A,2015-2016,AS Roma,Miralem Pjanić,1,42 min 46 sec,94.2,45.6,26.4,16.86,5.6,Right Foot,direct,22,0.0615,0
d71da8de04fbc94781487b8e5c1e07d8,3879677,Serie A,2015-2016,Fiorentina,Marcos Alonso,2,69 min 52 sec,93.1,55.7,31.15,12.71,15.7,Left Foot,direct,9,0.0172,0
92e4459fd53f6e97bd2ebf090e1cf3eb,3879677,Serie A,2015-2016,Fiorentina,Marcos Alonso,1,23 min 1 sec,94.4,52.4,28.45,14.48,12.4,Left Foot,direct,9,0.043,0
67b8a5b9e55624df12dcb9fe216ac3d3,3879677,Serie A,2015-2016,Fiorentina,Matías Fernández,1,3 min 26 sec,95.2,27.0,28.0,14.48,13.0,Right Foot,direct,5,0.0431,0
8fbd5c4d49f5734c27502126aebe7d37,3879679,Serie A,2015-2016,Napoli,Dries Mertens,1,16 min 45 sec,95.6,43.8,24.69,18.2,3.8,Right Foot,direct,6,0.0718,0
5a8cf6d148e7b5bf76cecf66f3147f3b,3879679,Serie A,2015-2016,Frosinone,Oliver Kragl,2,51 min 40 sec,89.7,29.6,32.04,13.49,10.4,Left Foot,direct,6,0.0276,0
2e24b63c9e2087488ea486318cfa3f02,3879680,Serie A,2015-2016,Chievo,Simone Pepe,2,50 min 20 sec,91.8,29.6,30.06,14.26,10.4,Right Foot,direct,5,0.0392,0
ba267b8e53679c9fd07cc7a842375800,3879680,Serie A,2015-2016,Chievo,Valter Birsa,2,48 min 13 sec,89.0,43.1,31.15,14.56,3.1,Left Foot,direct,10,0.0272,0
5ff4c9ff3d57f5ce555253c2c180ef1a,3879681,Serie A,2015-2016,Inter Milan,Adem Ljajić,2,82 min 30 sec,93.3,42.7,26.84,16.87,2.7,Right Foot,direct,9,0.0555,0
37a80385545b06eebbf105ac8b14c37e,3879681,Serie A,2015-2016,Sassuolo,Nicola Sansone,1,26 min 22 sec,101.8,18.3,28.32,10.49,21.7,Right Foot,direct,8,0.0107,0
b1f3770c057edd99524bcef4ca4a26c3,3879681,Serie A,2015-2016,Sassuolo,Nicola Sansone,1,13 min 1 sec,91.0,32.8,29.88,14.82,7.2,Right Foot,direct,8,0.0442,0
c9b80150b3f6bf7d0a11f2e684946c42,3879681,Serie A,2015-2016,Inter Milan,Adem Ljajić,2,68 min 27 sec,98.8,30.8,23.11,18.13,9.2,Right Foot,direct,9,0.0735,0
de478420abffc68a516246140498ee73,3879681,Serie A,2015-2016,Sassuolo,Nicola Sansone,1,15 min 33 sec,113.7,17.3,23.56,5.34,22.7,Right Foot,direct,8,0.0077,0
0bd3fccb26aac8ce177f718d9d199a7d,3879681,Serie A,2015-2016,Sassuolo,Domenico Berardi,1,35 min 25 sec,88.1,43.7,32.11,14.11,3.7,Left Foot,direct,8,0.0286,0
7275fa5ca9b59f4c09a00b5ce708aa9e,3879682,Serie A,2015-2016,Empoli,Leandro Paredes,1,36 min 14 sec,97.3,28.1,25.63,15.82,11.9,Right Foot,direct,11,0.0647,0
1682ee931743618255b5b7656ff4d3b4,3879682,Serie A,2015-2016,Empoli,Mário Rui,1,30 min 11 sec,95.3,46.1,25.44,17.38,6.1,Left Foot,direct,5,0.078,0
d2c892eae0c6189f11786ae32e820be7,3879682,Serie A,2015-2016,Torino,Daniele Baselli,1,40 min 22 sec,100.1,37.9,20.01,22.5,2.1,Right Foot,direct,2,0.0872,0
2a935a3551014214c94f61b0a378e60c,3879684,Serie A,2015-2016,Sampdoria,Fernando,1,39 min 57 sec,101.0,35.6,19.5,22.64,4.4,Right Foot,direct,18,0.0988,0
c44b32098fe10735327088d89687aba5,3879685,Serie A,2015-2016,Genoa,Blerim Džemaili,2,90 min 43 sec,106.4,16.7,26.98,8.69,23.3,Right Foot,direct,11,0.0086,0
33fc1d94bf38b7e01c0b2654d835deb1,3879687,Serie A,2015-2016,Frosinone,Daniel Pavlovic,1,43 min 5 sec,88.7,32.0,32.31,13.69,8.0,Left Foot,direct,7,0.0258,0
79f15871628b27ab620ea0f5e1df0b5b,3879687,Serie A,2015-2016,Torino,Danilo Avelar,2,69 min 51 sec,88.3,42.9,31.83,14.27,2.9,Left Foot,direct,2,0.0252,0
dea1ea639d1c86d9707f3d93062e3ccf,3879688,Serie A,2015-2016,Atalanta,Luca Cigarini,2,53 min 45 sec,93.4,37.4,26.73,16.95,2.6,Right Foot,direct,4,0.0553,0
807519b6da6caaa0ebce6b3d1814e8d6,3879688,Serie A,2015-2016,Inter Milan,Adem Ljajić,2,79 min 32 sec,100.9,32.8,20.41,20.88,7.2,Right Foot,direct,9,0.0908,0
dda4b4ddcff6bb27748f3da06d560dde,3879689,Serie A,2015-2016,Sampdoria,Fernando,2,61 min 53 sec,86.5,47.4,34.31,13.0,7.4,Right Foot,direct,18,0.0195,0
6f58af5aaa3137b216a2759f196dac53,3879691,Serie A,2015-2016,AS Roma,Miralem Pjanić,2,92 min 40 sec,88.2,48.9,33.02,13.32,8.9,Right Foot,direct,22,0.0258,0
6bbae7828b28c47c437500759f0c609a,3879691,Serie A,2015-2016,AS Roma,Lucas Digne,1,34 min 3 sec,88.2,44.8,32.16,14.03,4.8,Left Foot,direct,2,0.0288,0
3037a392299cc22963ad5fa85babab22,3879693,Serie A,2015-2016,Juventus,Paulo Dybala,1,14 min 21 sec,95.9,49.0,25.73,16.62,9.0,Left Foot,direct,11,0.06,1
c376e31e9e2664887739494c99166e3c,3879693,Serie A,2015-2016,Juventus,Leonardo Bonucci,2,84 min 5 sec,94.1,29.3,28.02,15.07,10.7,Right Foot,direct,2,0.0514,0
b2b41c6735741ce4d8460c5d4d96b6fb,3879693,Serie A,2015-2016,Udinese,Francesco Lodi,2,73 min 27 sec,92.5,34.1,28.13,15.85,5.9,Left Foot,direct,8,0.0567,0
496a4bcf3236a6087a3b47fa45d1c492,3879694,Serie A,2015-2016,Bologna,Emanuele Giaccherini,1,1 min 19 sec,87.5,45.8,33.01,13.61,5.8,Right Foot,direct,6,0.0262,1
bb1465c5d10c15e642038592dbaa03e6,3879698,Serie A,2015-2016,AC Milan,Mario Balotelli,2,79 min 34 sec,96.1,32.7,24.99,17.44,7.3,Right Foot,direct,16,0.0689,0
0007655df15cf4495fa6fa361dd4a907,3879698,Serie A,2015-2016,Empoli,Piotr Zieliński,2,83 min 28 sec,89.1,35.7,31.2,14.48,4.3,Right Foot,direct,6,0.0308,0
8ff94d31cba1864b8562332d3057f590,3879698,Serie A,2015-2016,AC Milan,Giacomo Bonaventura,1,37 min 20 sec,99.5,35.9,20.91,21.28,4.1,Right Foot,direct,16,0.0884,0
1e22f33be88c1cf3652a11aa2178c2f8,3879699,Serie A,2015-2016,Napoli,Faouzi Ghoulam,1,39 min 44 sec,85.0,28.5,36.84,11.79,11.5,Left Foot,direct,5,0.0076,0
49ddea5c1fc00d37f3b903fc1a9943e1,3879699,Serie A,2015-2016,Napoli,Faouzi Ghoulam,1,14 min 55 sec,83.6,30.0,37.75,11.68,10.0,Left Foot,direct,5,0.0068,0
0b6f768abbb98e83627a502af7da87b9,3879700,Serie A,2015-2016,Udinese,Bruno Fernandes,2,68 min 59 sec,75.8,14.9,50.83,7.84,25.1,Right Foot,direct,5,0.0034,0
2888bf041c4426f2a2570ec740edd1fa,3879701,Serie A,2015-2016,Juventus,Paulo Dybala,1,9 min 45 sec,99.9,50.0,22.45,18.24,10.0,Left Foot,direct,11,0.0749,0
42fb9682c81a1c4a32304252ee903818,3879701,Serie A,2015-2016,AS Roma,Miralem Pjanić,2,88 min 47 sec,99.1,51.6,23.9,16.75,11.6,Right Foot,direct,22,0.0716,0
0ce52aab66931d70faf60c67c989b270,3879702,Serie A,2015-2016,Genoa,Suso,1,18 min 24 sec,95.2,45.1,25.32,17.61,5.1,Left Foot,direct,3,0.0793,0
5892082727b62eaca6290837d34d765c,3879702,Serie A,2015-2016,Hellas Verona,Luca Siligardi,2,75 min 58 sec,93.4,54.9,30.49,13.11,14.9,Left Foot,direct,5,0.0324,0
d213904b73ea4bc65a7da5d68d634a0b,3879702,Serie A,2015-2016,Hellas Verona,Luca Siligardi,2,59 min 11 sec,88.4,42.5,31.7,14.34,2.5,Left Foot,direct,5,0.0272,0
897db76f2cd5ff9aa5220fc3ffa97d64,3879704,Serie A,2015-2016,Inter Milan,Adem Ljajić,1,6 min 50 sec,98.4,26.0,25.74,14.96,14.0,Right Foot,direct,9,0.0512,0
c0f50641969bdfd095b369f03150b5af,3879704,Serie A,2015-2016,Inter Milan,Adem Ljajić,2,79 min 33 sec,99.3,27.1,24.39,15.96,12.9,Right Foot,direct,9,0.0679,0
42c8078cd30090a5488fa9547d0f6f35,3879706,Serie A,2015-2016,Fiorentina,Josip Iličić,1,23 min 42 sec,91.6,48.3,29.59,14.81,8.3,Left Foot,direct,14,0.044,1
88817375a789e97e4cf680e7f075883f,3879706,Serie A,2015-2016,Torino,Daniele Baselli,2,75 min 54 sec,92.9,42.4,27.21,16.67,2.4,Right Foot,direct,2,0.0555,0
079e9498ee4f696e142e6c70a9cba01a,3879707,Serie A,2015-2016,Frosinone,Daniel Pavlovic,2,62 min 21 sec,95.7,50.7,26.55,15.76,10.7,Left Foot,direct,7,0.0552,0
1291c6223cdd31746564eece0860bf9f,3879710,Serie A,2015-2016,Sampdoria,Fernando,2,92 min 56 sec,101.1,27.7,22.55,17.07,12.3,Right Foot,direct,18,0.0801,0
4f59180d512deaa2bd8f5e7cc67acc85,3879710,Serie A,2015-2016,Sampdoria,Fernando,2,68 min 40 sec,92.5,52.4,30.17,13.82,12.4,Right Foot,direct,18,0.0391,0
de944131ce862a42779fc80b7771f5df,3879711,Serie A,2015-2016,Udinese,Guilherme,2,50 min 29 sec,82.2,49.9,39.07,11.32,9.9,Right Foot,direct,2,0.0067,0
d106f3ccf1102c64111c03ad675ebcb7,3879711,Serie A,2015-2016,Lazio,Danilo Cataldi,1,37 min 2 sec,91.7,30.1,29.98,14.38,9.9,Right Foot,direct,1,0.0406,0
9ebd022583c8c84047cca152aa7ff8fb,3879712,Serie A,2015-2016,AC Milan,Giacomo Bonaventura,1,23 min 41 sec,84.6,42.8,35.51,12.82,2.8,Right Foot,direct,16,0.0161,0
7f05038dd5da32c4f9c44ac28c25051a,3879713,Serie A,2015-2016,Juventus,Anderson Hernanes de Carvalho Andrade,2,84 min 59 sec,85.9,45.7,34.57,13.02,5.7,Right Foot,direct,5,0.0219,0
2c7eb636db42c25649ceab17f6351cb5,3879714,Serie A,2015-2016,Napoli,Lorenzo Insigne,1,36 min 42 sec,98.3,34.0,22.51,19.48,6.0,Right Foot,direct,11,0.0798,1
2d565d09da2249a39fbc0d0d9bfc50c2,3879715,Serie A,2015-2016,Torino,Ciro Immobile,2,63 min 6 sec,101.3,46.4,19.76,21.77,6.4,Right Foot,direct,1,0.0868,0
8401325a533573789a56f776d0603325,3879717,Serie A,2015-2016,Sassuolo,Nicola Sansone,2,92 min 8 sec,88.9,37.5,31.2,14.57,2.5,Right Foot,direct,8,0.0293,0
5618dc6ffd9c02a1ece0dfd494a1a29a,3879718,Serie A,2015-2016,Empoli,Leandro Paredes,1,19 min 41 sec,86.6,47.8,34.3,12.97,7.8,Right Foot,direct,11,0.0218,0
cb8be9dd8bc526710b706ef11535ca06,3879719,Serie A,2015-2016,Sampdoria,Lazaros Christodoulopoulos,2,55 min 30 sec,95.7,50.5,26.47,15.85,10.5,Right Foot,direct,2,0.0613,0
d8a065cfb2d7f70f02e4f974706d58e1,3879719,Serie A,2015-2016,Sampdoria,Joaquín Correa,1,21 min 44 sec,87.0,31.0,34.21,12.89,9.0,Right Foot,direct,1,0.0195,0
179bc41dc45f058dba5f0280efea66c1,3879720,Serie A,2015-2016,Napoli,Dries Mertens,2,73 min 11 sec,99.0,28.4,23.99,16.71,11.6,Right Foot,direct,6,0.0666,0
c331d48b3b97d05b0e048794f4e60348,3879721,Serie A,2015-2016,AC Milan,Giacomo Bonaventura,1,14 min 0 sec,90.8,38.0,29.27,15.53,2.0,Right Foot,direct,16,0.0451,0
ca298b86bba5c4b07dea448d93a4238d,3879721,Serie A,2015-2016,AC Milan,Keisuke Honda,1,35 min 31 sec,87.7,48.5,33.4,13.22,8.5,Left Foot,direct,8,0.0255,0
67187e2a8560604cc941bd4a0fbe639e,3879722,Serie A,2015-2016,Hellas Verona,Urby Emanuelson,2,55 min 44 sec,100.2,49.8,22.09,18.55,9.8,Left Foot,direct,1,0.0791,0
26d9967c372c76cc95801b2bde9d4c96,3879722,Serie A,2015-2016,Atalanta,Alessandro Diamanti,1,15 min 54 sec,88.3,44.9,32.08,14.06,4.9,Left Foot,direct,4,0.0305,0
30c669a54a61be0391aa5744b1954608,3879723,Serie A,2015-2016,Inter Milan,Marcelo Brozović,2,71 min 0 sec,96.2,28.7,26.35,15.68,11.3,Right Foot,direct,1,0.0601,0
8d5f8b81a5a3e2c196ee38d44f939cad,3879723,Serie A,2015-2016,Chievo,Valter Birsa,2,60 min 7 sec,96.6,34.7,23.99,18.49,5.3,Left Foot,direct,10,0.0725,0
e19ab5797fc6eedbb6bde54b1bb89082,3879724,Serie A,2015-2016,Fiorentina,Matías Fernández,2,79 min 29 sec,100.4,22.2,26.48,12.89,17.8,Right Foot,direct,5,0.0337,0
eae94638576ed98ec970153e1064f5d4,3879725,Serie A,2015-2016,Bologna,Archimede Morleo,2,49 min 14 sec,83.8,46.7,36.81,12.2,6.7,Left Foot,direct,1,0.0069,0
18d4e7e0ec8fe106b5e437d391f7ba50,3879725,Serie A,2015-2016,Bologna,Saphir Taïder,1,38 min 38 sec,94.2,24.5,30.1,13.06,15.5,Right Foot,direct,3,0.0319,0
30d547eda2fb53f8d9aa21b903d3c77f,3879726,Serie A,2015-2016,Juventus,Paul Pogba,1,17 min 0 sec,89.9,40.5,30.1,15.14,0.5,Right Foot,direct,16,0.0396,0
23bfc185255a3d4ad22608ec3c61ac78,3879726,Serie A,2015-2016,Juventus,Paulo Dybala,1,34 min 49 sec,92.6,43.6,27.64,16.34,3.6,Left Foot,direct,11,0.0571,0
07fa77e33bfcb053f0a0bb1211015d41,3879729,Serie A,2015-2016,Palermo,Achraf Lazaar,1,43 min 5 sec,90.9,62.4,36.72,9.91,22.4,Left Foot,direct,1,0.0063,0
f41c83bb00d53811c91f2ab4d9195827,3879732,Serie A,2015-2016,Chievo,Antonio Floro Flores,2,82 min 58 sec,98.4,13.9,33.88,8.68,26.1,Right Foot,direct,8,0.0078,0
4043e954a2c1ce551aa6d74cbbbe4166,3879732,Serie A,2015-2016,Chievo,Antonio Floro Flores,2,87 min 0 sec,87.5,56.0,36.22,11.34,16.0,Right Foot,direct,8,0.0081,0
a47f49eadebb4ddf2914ab2318ed5896,3879734,Serie A,2015-2016,AC Milan,Mario Balotelli,2,74 min 47 sec,96.8,55.1,27.68,13.9,15.1,Right Foot,direct,16,0.0406,0
e8fd14446c4a235edeb74a22d6da002c,3879734,Serie A,2015-2016,AC Milan,M'Baye Niang,1,24 min 34 sec,95.1,30.0,26.83,15.8,10.0,Right Foot,direct,2,0.0599,0
0ba1401224699da5d560dc2fe28e3ee8,3879734,Serie A,2015-2016,AC Milan,Mario Balotelli,2,76 min 46 sec,96.1,49.9,25.87,16.31,9.9,Right Foot,direct,16,0.0605,0
626d040599bc3ed10f173870c997eb53,3879735,Serie A,2015-2016,Empoli,Leandro Paredes,2,78 min 23 sec,82.9,40.5,37.1,12.31,0.5,Right Foot,direct,11,0.0067,0
81a773d465c1e45dde8f47dcbb04f7c1,3879736,Serie A,2015-2016,Sampdoria,Fernando,2,62 min 10 sec,90.9,43.1,29.26,15.48,3.1,Right Foot,direct,18,0.0379,0
ceb1e9af31931cb1dfc119ae7756d928,3879737,Serie A,2015-2016,Hellas Verona,Leandro Greco,2,71 min 19 sec,94.6,34.1,26.08,17.02,5.9,Left Foot,direct,3,0.0693,1
cb9f17806de8eda1371fc8cf71d179fe,3879738,Serie A,2015-2016,AS Roma,Miralem Pjanić,2,47 min 38 sec,85.9,28.0,36.15,11.93,12.0,Right Foot,direct,22,0.0075,0
ddbcf58977992a265968aba03b0feca3,3879739,Serie A,2015-2016,Juventus,Paul Pogba,1,19 min 16 sec,88.8,42.6,31.31,14.51,2.6,Right Foot,direct,16,0.0271,0
83356a9e4efe67fea6b236e3e0dcc042,3879740,Serie A,2015-2016,Empoli,Leandro Paredes,2,50 min 41 sec,88.8,46.2,31.81,14.07,6.2,Right Foot,direct,11,0.0324,0
24e4eb08d1d9ec59ce2add196664d74e,3879741,Serie A,2015-2016,Chievo,Paul-José M'Poku,2,62 min 53 sec,83.1,42.5,36.98,12.32,2.5,Right Foot,direct,3,0.007,0
63acb7c5ab299147de3cadd972400ba8,3879742,Serie A,2015-2016,AC Milan,Giacomo Bonaventura,2,57 min 15 sec,92.6,31.7,28.63,15.26,8.3,Right Foot,direct,16,0.045,0
de1fc3cd9d750de54235bd1c5093820e,3879743,Serie A,2015-2016,Bologna,Mattia Destro,1,12 min 51 sec,96.3,27.1,26.98,14.91,12.9,Right Foot,direct,2,0.0282,0
771b68587979f06b972c536e8984faac,3879745,Serie A,2015-2016,Palermo,Franco Vázquez,1,40 min 17 sec,98.7,58.7,28.34,12.21,18.7,Left Foot,direct,4,0.0129,0
db3e2ba2607dae43fa9576c7c07b376a,3879746,Serie A,2015-2016,Fiorentina,Josip Iličić,2,69 min 16 sec,92.5,40.8,27.51,16.54,0.8,Left Foot,direct,14,0.0567,0
4ebf3019a98a0eb4bc9284be351aa324,3879747,Serie A,2015-2016,Bologna,Emanuele Giaccherini,2,47 min 30 sec,94.7,19.0,32.88,10.76,21.0,Right Foot,direct,6,0.0091,0
dfd8c8463921c0c39028230b79a24a14,3879747,Serie A,2015-2016,Bologna,Mattia Destro,2,74 min 33 sec,95.0,25.7,28.8,13.81,14.3,Right Foot,direct,2,0.0429,0
98f2806c6c1cc9f68c552ca675d1fa38,3879748,Serie A,2015-2016,Chievo,Paul-José M'Poku,2,52 min 58 sec,87.4,24.2,36.23,11.37,15.8,Right Foot,direct,3,0.007,0
9eca1bc30960f818b113ebafa6b72e96,3879748,Serie A,2015-2016,Chievo,Antonio Floro Flores,2,80 min 26 sec,95.5,23.8,29.37,13.03,16.2,Right Foot,direct,8,0.0299,0
14f7bb20839a5e85d61f6dce87e87dc6,3879748,Serie A,2015-2016,Chievo,Paul-José M'Poku,2,59 min 8 sec,89.5,33.1,31.27,14.23,6.9,Right Foot,direct,3,0.0341,0
143d7557f0fcebe643de26dedf45843a,3879750,Serie A,2015-2016,Fiorentina,Manuel Pasqual,1,16 min 4 sec,107.8,65.3,28.09,7.2,25.3,Left Foot,direct,2,0.0076,0
ca857ca2d8a391996f3ad898f77671a3,3879750,Serie A,2015-2016,Fiorentina,Manuel Pasqual,1,8 min 54 sec,94.6,57.2,30.68,12.39,17.2,Left Foot,direct,2,0.0114,0
9ec1b9f67621195439bd31aa2f6ea8de,3879751,Serie A,2015-2016,AS Roma,Miralem Pjanić,1,43 min 47 sec,99.6,47.9,21.88,19.43,7.9,Right Foot,direct,22,0.0883,0
581c90516ab846968fbb3fc6082f83be,3879752,Serie A,2015-2016,Udinese,Guilherme,2,64 min 3 sec,90.3,33.4,30.42,14.64,6.6,Right Foot,direct,2,0.0298,0
9139b8d22348cd8bf70a224a7ee1533d,3879752,Serie A,2015-2016,Genoa,Suso,1,14 min 25 sec,89.1,45.6,31.4,14.29,5.6,Left Foot,direct,3,0.0314,0
89172aca07d3306cca45439d08f88da1,3879752,Serie A,2015-2016,Genoa,Blerim Džemaili,2,84 min 55 sec,97.6,24.6,27.18,13.92,15.4,Right Foot,direct,11,0.0441,0
3fbcff4e1d9e8bc941c6ead959edbe88,3879752,Serie A,2015-2016,Udinese,Ali Adnan,1,32 min 38 sec,86.8,48.0,34.15,13.0,8.0,Left Foot,direct,3,0.0202,1
91fd96d6981c69b2e74a5feec5bcf15c,3879753,Serie A,2015-2016,Empoli,Leandro Paredes,2,61 min 6 sec,86.9,32.5,33.94,13.12,7.5,Right Foot,direct,11,0.0187,0
827af2cff1106acc268f8266dc480756,3879756,Serie A,2015-2016,Napoli,Dries Mertens,2,66 min 14 sec,99.2,27.7,24.16,16.33,12.3,Right Foot,direct,6,0.0648,0
ef56dc0710e4c847a6ddfaac3c1d5365,3879757,Serie A,2015-2016,AS Roma,Miralem Pjanić,1,26 min 45 sec,98.2,35.9,22.18,20.12,4.1,Right Foot,direct,22,0.0868,0
02b6b08ae7c0dd107c40004303319c22,3879758,Serie A,2015-2016,AC Milan,Keisuke Honda,1,43 min 27 sec,93.1,41.5,26.94,16.87,1.5,Left Foot,direct,8,0.0549,0
527575be291aff82182bc76548d45861,3879758,Serie A,2015-2016,AC Milan,Keisuke Honda,1,26 min 1 sec,95.5,52.3,27.41,14.92,12.3,Left Foot,direct,8,0.0472,0
2219b38a014c0fcd23db8c9d9735e573,3879759,Serie A,2015-2016,Inter Milan,Adem Ljajić,2,88 min 8 sec,87.5,45.9,33.03,13.6,5.9,Right Foot,direct,9,0.0287,0
d393f8fa9fbea454f1bd21f47b7956f0,3879760,Serie A,2015-2016,Bologna,Emanuele Giaccherini,1,11 min 6 sec,85.5,31.5,35.53,12.48,8.5,Right Foot,direct,6,0.0101,0
0c307e2dfb3fb432d2babcaf592f5177,3879760,Serie A,2015-2016,Palermo,Enzo Maresca,1,35 min 21 sec,95.6,55.7,29.01,13.3,15.7,Right Foot,direct,5,0.0412,0
b689a9f5684fb49ff2b6ccd881292b0a,3879761,Serie A,2015-2016,Atalanta,Alessandro Diamanti,1,21 min 30 sec,87.8,48.3,33.25,13.3,8.3,Left Foot,direct,4,0.024,0
15610c548147ef5b284aeb18c8252aac,3879762,Serie A,2015-2016,Udinese,Ali Adnan,2,91 min 12 sec,89.6,54.1,33.51,12.39,14.1,Left Foot,direct,3,0.0084,0
25be131d2af99160588709d7a7362bd9,3879762,Serie A,2015-2016,Hellas Verona,Luca Marrone,2,80 min 48 sec,99.0,26.6,24.91,15.53,13.4,Right Foot,direct,4,0.0636,0
e0d193e7b2c90132d56edfe776d9f84b,3879763,Serie A,2015-2016,Sampdoria,Fernando,1,14 min 30 sec,94.8,28.4,27.74,14.98,11.6,Right Foot,direct,18,0.0484,0
ce9461f37d7fdcc445ad07c66d3cf602,3879763,Serie A,2015-2016,Sampdoria,Fernando,1,41 min 32 sec,112.7,9.8,31.07,3.52,30.2,Right Foot,direct,18,0.0074,0
809a5a308f9b5a5a41010f9e6a840f9b,3879764,Serie A,2015-2016,Genoa,Blerim Džemaili,1,5 min 13 sec,91.4,33.2,29.4,15.1,6.8,Right Foot,direct,11,0.045,0
68dcd9bfd8ac69afd78f7c20b7a7981b,3879766,Serie A,2015-2016,Lazio,Antonio Candreva,1,45 min 58 sec,91.2,47.5,29.76,14.84,7.5,Right Foot,direct,16,0.0392,0
b25a1c6cbfdf4a0164c4b51f734e5189,3879767,Serie A,2015-2016,AS Roma,Francesco Totti,2,90 min 37 sec,93.2,37.4,26.93,16.83,2.6,Right Foot,direct,2,0.0599,0
7b9328cd2184ba44e7fc8ba24938fb7d,3879768,Serie A,2015-2016,Hellas Verona,Luca Marrone,2,89 min 39 sec,87.5,38.7,32.53,14.01,1.3,Right Foot,direct,4,0.0249,0
f426028186f22dc65e87692982bcf9a8,3879769,Serie A,2015-2016,Napoli,Lorenzo Insigne,1,11 min 25 sec,94.4,32.3,26.73,16.34,7.7,Right Foot,direct,11,0.059,0
8a968083113447ec1420e15d033622f9,3879770,Serie A,2015-2016,Juventus,Paul Pogba,2,74 min 15 sec,90.2,45.4,30.29,14.82,5.4,Right Foot,direct,16,0.0455,0
3e74795b9d54834639124b0597ca4435,3879771,Serie A,2015-2016,Sassuolo,Domenico Berardi,1,1 min 23 sec,95.7,43.5,24.55,18.33,3.5,Left Foot,direct,8,0.0733,0
dcb9cbd49c444be0820af147bf0d81cd,3879772,Serie A,2015-2016,Lazio,Lucas Biglia,2,69 min 0 sec,94.9,43.5,25.34,17.78,3.5,Right Foot,direct,6,0.0739,0
29eb8227c2dbf98f44300d2a918d2709,3879774,Serie A,2015-2016,Palermo,Enzo Maresca,1,44 min 21 sec,91.8,46.3,28.9,15.4,6.3,Right Foot,direct,5,0.0467,0
9aa28b5a48b64c8cf23ce680dd997773,3879775,Serie A,2015-2016,Empoli,Piotr Zieliński,2,93 min 23 sec,92.9,36.1,27.38,16.46,3.9,Right Foot,direct,6,0.0642,0
f106b4c5dcbc5c3154ec6476b311b496,3879776,Serie A,2015-2016,Bologna,Saphir Taïder,2,72 min 12 sec,96.2,37.2,23.96,18.83,2.8,Right Foot,direct,3,0.07,0
b5459adf8ef631871705377624627c34,3879778,Serie A,2015-2016,Sampdoria,Fernando,1,4 min 39 sec,93.0,34.1,27.64,16.11,5.9,Right Foot,direct,18,0.055,0
a926f39a2161b16bf1737f49ccf89466,3879778,Serie A,2015-2016,Sampdoria,Lazaros Christodoulopoulos,2,93 min 44 sec,95.0,27.9,27.77,14.83,12.1,Right Foot,direct,2,0.0444,0
0c141cd2f0ead7fbd37b9e81f221cb69,3879780,Serie A,2015-2016,Hellas Verona,Leandro Greco,1,43 min 26 sec,95.9,47.8,25.33,17.13,7.8,Left Foot,direct,3,0.0708,0
a1f7197c0b40f4f6884f52308e89f849,3879780,Serie A,2015-2016,Hellas Verona,Luca Marrone,2,48 min 58 sec,100.2,29.4,22.46,17.97,10.6,Right Foot,direct,4,0.0779,0
739bf18f8fd404a8ddbaaf12fb1301ab,3879781,Serie A,2015-2016,AC Milan,Giacomo Bonaventura,2,60 min 38 sec,99.7,41.2,20.34,22.22,1.2,Right Foot,direct,16,0.0818,0
cdaea5aaa151c26f5d8e4fcbf100ebd9,3879781,Serie A,2015-2016,Chievo,Simone Pepe,2,86 min 30 sec,104.0,16.6,28.35,9.23,23.4,Right Foot,direct,5,0.0087,0
da253d2799775a42dc21711b994a551f,3879781,Serie A,2015-2016,Chievo,Simone Pepe,2,77 min 17 sec,92.8,32.1,28.32,15.47,7.9,Right Foot,direct,5,0.0449,0
f05af09671ade785988c9f27c08e62bb,3879781,Serie A,2015-2016,AC Milan,Keisuke Honda,1,41 min 57 sec,96.0,59.6,30.99,11.49,19.6,Left Foot,direct,8,0.0104,0
e17d6ae72042ed787929ef606a5eee61,3879787,Serie A,2015-2016,AS Roma,Miralem Pjanić,2,63 min 13 sec,100.9,46.0,20.02,21.66,6.0,Right Foot,direct,22,0.0911,0
f470eb04436837f3b4866059c6fd7561,3879788,Serie A,2015-2016,Palermo,Aleksandar Trajkovski,1,38 min 23 sec,85.7,36.2,34.51,13.15,3.8,Right Foot,direct,7,0.0202,0
5ecde3816dc08b73538cb7aa52b189a4,3879788,Serie A,2015-2016,Palermo,Aleksandar Trajkovski,2,69 min 31 sec,99.1,25.1,25.67,14.58,14.9,Right Foot,direct,7,0.0472,0
d23f38d50d58397b95073b5df854ce72,3879789,Serie A,2015-2016,Fiorentina,Marcos Alonso,1,5 min 25 sec,97.4,45.9,23.36,18.85,5.9,Left Foot,direct,9,0.0772,0
68674cd46654c099f30f976ff602866b,3879789,Serie A,2015-2016,Frosinone,Daniel Pavlovic,2,50 min 25 sec,97.4,40.6,22.61,20.06,0.6,Left Foot,direct,7,0.0779,0
c0eb02acd5ef78f239064846cc7493c7,3879789,Serie A,2015-2016,Fiorentina,Mauro Zárate,2,88 min 31 sec,96.4,31.6,25.05,17.16,8.4,Right Foot,direct,7,0.0752,0
ec517156c17c8545eca1f67521bacf21,3879790,Serie A,2015-2016,Juventus,Paulo Dybala,1,28 min 52 sec,87.8,34.3,32.7,13.74,5.7,Left Foot,direct,11,0.0274,0
dfcbe4937012cfca1442dfa80be17f7f,3879790,Serie A,2015-2016,Juventus,Paul Pogba,1,32 min 4 sec,89.6,30.5,31.85,13.69,9.5,Right Foot,direct,16,0.0318,1
a789f5054858cd4f3a44d15520d7088f,3879790,Serie A,2015-2016,Juventus,Paul Pogba,2,75 min 56 sec,100.6,33.1,20.59,20.83,6.9,Right Foot,direct,16,0.0909,0
4a84f5704dad729b540667e7a37c40ae,3879790,Serie A,2015-2016,Juventus,Paul Pogba,1,35 min 34 sec,95.1,55.9,29.54,13.09,15.9,Right Foot,direct,16,0.0388,0
9b40960930287373f2acb8042575c891,3879791,Serie A,2015-2016,AC Milan,Keisuke Honda,2,63 min 2 sec,100.7,47.5,20.71,20.51,7.5,Left Foot,direct,8,0.0888,0
5081a73004d168127788049121e6b6b4,3879791,Serie A,2015-2016,AC Milan,Giacomo Bonaventura,1,36 min 30 sec,95.5,37.3,24.65,18.33,2.7,Right Foot,direct,16,0.0718,0
c72bee9345fd474e1e9e644ace8c7963,3879791,Serie A,2015-2016,AC Milan,Keisuke Honda,2,73 min 1 sec,99.0,60.5,29.35,11.24,20.5,Left Foot,direct,8,0.0112,0
cc9983b284047b46528cb65fb7960140,3879791,Serie A,2015-2016,AC Milan,Giacomo Bonaventura,2,59 min 33 sec,115.1,9.0,31.38,2.32,31.0,Right Foot,direct,16,0.0077,0
14ad5093b1730dbe73b92b4903b69529,3879792,Serie A,2015-2016,Sampdoria,Dodô,2,74 min 23 sec,99.2,40.8,20.82,21.74,0.8,Left Foot,direct,1,0.0806,0
611e7bf8099ccda35b4077cbccf3c665,3879792,Serie A,2015-2016,Sampdoria,Fernando,2,77 min 36 sec,87.1,44.4,33.19,13.63,4.4,Right Foot,direct,18,0.0222,0
163f84dc51bef0e62fc2fc7ad148a05e,3879793,Serie A,2015-2016,Sassuolo,Nicola Sansone,2,84 min 0 sec,100.3,37.6,19.85,22.64,2.4,Right Foot,direct,8,0.0887,0
710176cf64c06fcb45bb14ed7a2ce4c2,3879795,Serie A,2015-2016,Carpi,Kevin Lasagna,2,66 min 0 sec,90.0,49.9,31.59,13.73,9.9,Left Foot,direct,3,0.0385,1
443dc890e26c7f927d007c217aaa0195,3879796,Serie A,2015-2016,Genoa,Blerim Džemaili,1,31 min 48 sec,93.2,29.2,28.89,14.67,10.8,Right Foot,direct,11,0.0471,0
667a81e56c0704cdd07e7405096f88a8,3879797,Serie A,2015-2016,Carpi,Simone Verdi,2,76 min 1 sec,93.1,32.4,27.95,15.7,7.6,Right Foot,direct,5,0.0543,0
8759547cf0deebadd97e841160040871,3879799,Serie A,2015-2016,Lazio,Lucas Biglia,1,35 min 9 sec,99.3,22.2,27.3,12.79,17.8,Right Foot,direct,6,0.0315,0
4ef4845a2ea341b2abf990646e593e8e,3879800,Serie A,2015-2016,Fiorentina,Mauro Zárate,2,85 min 41 sec,110.0,16.5,25.54,7.17,23.5,Right Foot,direct,7,0.0075,0
3aabb7471e5a45bf97a2e79ed28e386f,3879800,Serie A,2015-2016,Fiorentina,Josip Iličić,2,74 min 3 sec,94.0,44.8,26.44,16.94,4.8,Left Foot,direct,14,0.0601,0
8caf3e4362bab49811d0269dbd138cb1,3879802,Serie A,2015-2016,Chievo,Valter Birsa,2,73 min 29 sec,94.3,54.0,29.27,13.75,14.0,Left Foot,direct,10,0.0429,1
727392ac2563871dc3263c3857da4409,3879804,Serie A,2015-2016,Frosinone,Oliver Kragl,1,25 min 17 sec,85.3,52.0,36.72,11.77,12.0,Left Foot,direct,6,0.0088,0
0a5175826bb4decfe4a5de07cb81cf4d,3879805,Serie A,2015-2016,AC Milan,Mario Balotelli,2,74 min 52 sec,88.0,26.5,34.73,12.14,13.5,Right Foot,direct,16,0.008,0
13adf3fea0eefa966e88ea39b183c1a2,3879806,Serie A,2015-2016,Bologna,Franco Brienza,2,72 min 35 sec,99.9,55.0,25.08,14.7,15.0,Left Foot,direct,6,0.0532,0
af38298ba6c8e741132e163d074d5f8a,3879807,Serie A,2015-2016,Chievo,Valter Birsa,1,21 min 5 sec,96.0,57.4,29.64,12.55,17.4,Left Foot,direct,10,0.018,0
93be85f25e881a54d8841cb023501f98,3879808,Serie A,2015-2016,Frosinone,Oliver Kragl,1,32 min 0 sec,89.6,32.3,31.36,14.11,7.7,Left Foot,direct,6,0.0393,0
ca61d0514c4002389e7f4b5b95a33bfc,3879808,Serie A,2015-2016,Frosinone,Daniel Pavlovic,2,71 min 32 sec,92.5,49.5,29.09,14.84,9.5,Left Foot,direct,7,0.047,0
08a41403ed3419599c580826496e1cd8,3879809,Serie A,2015-2016,Sassuolo,Nicola Sansone,2,55 min 47 sec,100.8,28.2,22.54,17.34,11.8,Right Foot,direct,8,0.0746,0
a680c8d8ddcc6a73a3221e3da7b3943b,3879809,Serie A,2015-2016,Genoa,Suso,2,47 min 22 sec,88.3,40.5,31.7,14.38,0.5,Left Foot,direct,3,0.0248,0
b90dbee1cb53c8eedcfa995428a3fc62,3879810,Serie A,2015-2016,AC Milan,Mario Balotelli,1,13 min 38 sec,96.2,22.7,29.42,12.63,17.3,Right Foot,direct,16,0.0189,0
5c452182db4a7c0c73c1194668d6b0d8,3879810,Serie A,2015-2016,AC Milan,Mario Balotelli,1,37 min 16 sec,90.8,22.1,34.25,11.41,17.9,Right Foot,direct,16,0.0081,0
996c833046c2f9a686da66589c8676ea,3879810,Serie A,2015-2016,Juventus,Paul Pogba,2,59 min 18 sec,93.4,32.6,27.61,15.91,7.4,Right Foot,direct,16,0.0583,0
42dcf222d68d607d9c3eca8b8fc8712f,3879811,Serie A,2015-2016,Napoli,Lorenzo Insigne,1,9 min 2 sec,108.7,17.7,25.0,8.44,22.3,Right Foot,direct,11,0.0092,0
8ec8584081018a02eb246f04f18ab859,3879811,Serie A,2015-2016,Napoli,José Callejón,2,54 min 30 sec,91.3,43.0,28.86,15.7,3.0,Right Foot,direct,2,0.0494,0
0f8c6137a8b7519f44100aa6893539ec,3879811,Serie A,2015-2016,Napoli,Manolo Gabbiadini,2,48 min 38 sec,96.4,56.1,28.57,13.28,16.1,Left Foot,direct,4,0.0404,0
a24ae2b1884b506a4f17bb3e2ec49a7b,3879812,Serie A,2015-2016,Palermo,Oscar Hiljemark,2,50 min 39 sec,100.9,52.4,22.77,16.91,12.4,Right Foot,direct,1,0.0667,0
0edc997a7af6299a03339295126aafb1,3879814,Serie A,2015-2016,Fiorentina,Josip Iličić,1,38 min 45 sec,87.7,41.2,32.32,14.1,1.2,Left Foot,direct,14,0.0244,0
c9f23ef4a2ad376433d837d728096cc1,3879815,Serie A,2015-2016,Atalanta,Luca Cigarini,2,81 min 40 sec,97.9,22.9,27.94,13.02,17.1,Right Foot,direct,4,0.0328,1
49c31214fcd0512258fb1cee5006eedd,3879815,Serie A,2015-2016,Torino,Cesare Bovo,2,91 min 48 sec,96.4,55.4,28.18,13.64,15.4,Right Foot,direct,5,0.0422,0
f28b30ad5754a6eaded6778ba0fbbc3e,3879816,Serie A,2015-2016,Bologna,Sergio Floccari,2,69 min 21 sec,91.6,28.0,30.83,13.66,12.0,Right Foot,direct,1,0.0307,0
c900675eab9e8e499958a9e88b2aa01a,3879817,Serie A,2015-2016,Napoli,Manolo Gabbiadini,1,33 min 48 sec,90.8,42.8,29.33,15.46,2.8,Left Foot,direct,4,0.0376,0
2fe311a925c4d8b0e9d5d68c6f154dd5,3879819,Serie A,2015-2016,Genoa,Darko Lazović,2,53 min 20 sec,99.4,34.7,21.27,20.69,5.3,Right Foot,direct,4,0.0941,0
af4042d1ff46eb06593be06128aee8d5,3879819,Serie A,2015-2016,Carpi,Riccardo Gagliolo,1,38 min 13 sec,101.4,49.7,20.98,19.34,9.7,Left Foot,direct,2,0.0855,0
5b135104d842e9e0e5e70e6bcc870434,3879819,Serie A,2015-2016,Carpi,Riccardo Gagliolo,1,2 min 8 sec,99.4,56.6,26.46,13.55,16.6,Left Foot,direct,2,0.0439,0
7275a5c2865eab0fc645727d9850c115,3879820,Serie A,2015-2016,Juventus,Paul Pogba,2,56 min 8 sec,75.8,22.6,47.5,8.97,17.4,Right Foot,direct,16,0.0064,0
75f08f31a729eb30a94d13197d214224,3879821,Serie A,2015-2016,Sassuolo,Domenico Berardi,2,86 min 37 sec,95.4,44.9,25.08,17.79,4.9,Left Foot,direct,8,0.0795,0
d9058eb611038dfd4ce0616d647b3847,3879821,Serie A,2015-2016,Fiorentina,Marcos Alonso,2,78 min 8 sec,89.2,47.0,31.59,14.09,7.0,Left Foot,direct,9,0.0282,0
9e4e2b6727633a5641b838b7703fedd5,3879822,Serie A,2015-2016,Udinese,Bruno Fernandes,1,10 min 23 sec,90.7,32.0,30.37,14.5,8.0,Right Foot,direct,5,0.0409,0
26a5c8bc687109825f75c4f4501d6421,3879822,Serie A,2015-2016,Chievo,Simone Pepe,2,73 min 51 sec,95.3,53.7,28.24,14.18,13.7,Right Foot,direct,5,0.042,0
a51d2f3d591db032e046aaad48e2c02f,3879824,Serie A,2015-2016,Sampdoria,Fernando,2,79 min 21 sec,93.1,53.3,30.01,13.67,13.3,Right Foot,direct,18,0.0355,0
f54d52cc2e14ed1296c2f03f8d34f31a,3879824,Serie A,2015-2016,AC Milan,Mario Balotelli,1,29 min 28 sec,88.5,38.9,31.52,14.46,1.1,Right Foot,direct,16,0.0261,0
332b4ef91353b043edcd0f75ded7416a,3879824,Serie A,2015-2016,AC Milan,Mario Balotelli,1,35 min 54 sec,92.3,29.3,29.69,14.36,10.7,Right Foot,direct,16,0.0437,0
4607385c09b93f1ce3c9503e1927b387,3879824,Serie A,2015-2016,AC Milan,Mario Balotelli,2,51 min 37 sec,91.6,24.4,32.4,12.39,15.6,Right Foot,direct,16,0.0089,0
35d184f4ab253e995d6290a9bd2c6831,3879824,Serie A,2015-2016,AC Milan,Mario Balotelli,1,4 min 30 sec,91.1,34.5,29.42,15.23,5.5,Right Foot,direct,16,0.0398,0
34e525bdea3be64f43803acef731a10d,3879826,Serie A,2015-2016,Hellas Verona,Federico Viviani,1,31 min 6 sec,89.6,45.1,30.82,14.59,5.1,Right Foot,direct,8,0.0334,0
20a733b271e991f03d23453b64517973,3879828,Serie A,2015-2016,AS Roma,Konstantinos Manolas,2,71 min 54 sec,99.3,24.8,25.68,14.43,15.2,Right Foot,direct,1,0.0537,0
9615409b448fa9f7e8e24910225e7183,3879828,Serie A,2015-2016,AS Roma,Alessandro Florenzi,1,44 min 12 sec,95.1,39.7,24.9,18.25,0.3,Right Foot,direct,1,0.0765,0
d375d99e704a7930e8f42d0f2ee108a6,3879829,Serie A,2015-2016,Hellas Verona,Federico Viviani,2,54 min 40 sec,93.5,29.7,28.43,14.98,10.3,Right Foot,direct,8,0.0479,0
d92794337d3a156ae23d9c833bd31a6e,3879829,Serie A,2015-2016,Hellas Verona,Federico Viviani,1,32 min 43 sec,83.0,45.1,37.35,12.11,5.1,Right Foot,direct,8,0.0066,0
857eaafba44e7da0f51946c348cab04f,3879830,Serie A,2015-2016,Genoa,Panagiotis Tachtsidis,2,88 min 44 sec,91.2,19.1,35.58,10.44,20.9,Left Foot,direct,4,0.0085,0
eb108a5c7a0582ea749a64a240519b94,3879831,Serie A,2015-2016,Sampdoria,Fernando,2,78 min 44 sec,89.9,49.4,31.53,13.83,9.4,Right Foot,direct,18,0.0292,0
ba6ef2e9ebbe400cc7b22c3110039305,3879832,Serie A,2015-2016,Atalanta,Alessandro Diamanti,2,90 min 50 sec,89.6,33.5,31.09,14.35,6.5,Left Foot,direct,4,0.0395,0
64454eecd794ae512a875a6f3be5277c,3879832,Serie A,2015-2016,Atalanta,Alessandro Diamanti,2,89 min 48 sec,98.6,34.5,22.1,19.93,5.5,Left Foot,direct,4,0.0848,0
ef9fd2ec90b90f73817fc1be78af7015,3879832,Serie A,2015-2016,Palermo,Aleksandar Trajkovski,2,84 min 16 sec,101.4,20.9,26.66,12.09,19.1,Right Foot,direct,7,0.0119,0
c6048cc3a5ce8b41cb56972cc567cf35,3879833,Serie A,2015-2016,Juventus,Paul Pogba,1,30 min 56 sec,84.2,35.9,36.03,12.59,4.1,Right Foot,direct,16,0.0128,0
43dd735b2e3743e3927e2f97fc2d655b,3879833,Serie A,2015-2016,Juventus,Anderson Hernanes de Carvalho Andrade,2,49 min 18 sec,92.3,28.4,30.03,14.04,11.6,Right Foot,direct,5,0.0382,0
623d64dc2ac59c150ce1eacc03eff972,3879834,Serie A,2015-2016,Fiorentina,Josip Iličić,2,77 min 2 sec,94.3,51.5,28.16,14.83,11.5,Left Foot,direct,14,0.0425,0
fcb6260bc8c1f364131ad17d8ec9536d,3879834,Serie A,2015-2016,Udinese,Cyril Théréau,1,11 min 3 sec,95.7,44.2,24.66,18.18,4.2,Right Foot,direct,1,0.0675,0
02e01d87eb289e1eea182651d93770fb,3879836,Serie A,2015-2016,AC Milan,Mario Balotelli,2,87 min 17 sec,97.0,53.6,26.72,14.77,13.6,Right Foot,direct,16,0.052,0
65ed6396aa856be6e9788b1a9f8650a3,3879838,Serie A,2015-2016,Sampdoria,Luis Muriel,1,22 min 35 sec,98.0,44.7,22.5,19.75,4.7,Right Foot,direct,1,0.0872,0
44d61a2936c7609d221524fcf168222f,3879838,Serie A,2015-2016,Lazio,Lucas Biglia,2,94 min 57 sec,101.3,48.5,20.54,20.23,8.5,Right Foot,direct,6,0.0856,0
ef7c11aa34094a4682d2322154f3f580,3879839,Serie A,2015-2016,Fiorentina,Matías Fernández,2,74 min 28 sec,92.5,18.1,35.15,10.22,21.9,Right Foot,direct,5,0.0071,0
6a173f0c07d9fb068d6ead2f55fb076a,3879839,Serie A,2015-2016,Fiorentina,Mauro Zárate,2,92 min 29 sec,92.5,28.2,29.92,14.04,11.8,Right Foot,direct,7,0.0423,0
ef3a6101b531b2d0ca277c870b23a3a4,3879839,Serie A,2015-2016,Juventus,Paul Pogba,2,58 min 30 sec,98.6,29.8,23.71,17.41,10.2,Right Foot,direct,16,0.0727,0
f4dacbda0826f8f16366bbd60b9e13b1,3879840,Serie A,2015-2016,Bologna,Franco Brienza,1,6 min 49 sec,94.6,38.8,25.43,17.86,1.2,Left Foot,direct,6,0.071,0
a174f23d9bb4f156f396b1e6b80385c6,3879841,Serie A,2015-2016,Palermo,Franco Vázquez,1,12 min 48 sec,99.5,26.8,24.38,15.83,13.2,Left Foot,direct,4,0.064,0
bc00513133f8d9b10820e3bc07510689,3879842,Serie A,2015-2016,Atalanta,Luca Cigarini,2,86 min 31 sec,99.3,53.6,24.77,15.49,13.6,Right Foot,direct,4,0.0557,0
66334893a4fed9e4939043925182bfa2,3879842,Serie A,2015-2016,Chievo,Valter Birsa,1,21 min 1 sec,95.5,55.8,29.15,13.23,15.8,Left Foot,direct,10,0.0377,0
3b3b25239d05748aa821856928c68474,3879843,Serie A,2015-2016,Torino,Cesare Bovo,1,21 min 56 sec,89.2,44.8,31.17,14.46,4.8,Right Foot,direct,5,0.0275,0
04f57cdd8df556a22d1ead5763147a0d,3879846,Serie A,2015-2016,Hellas Verona,Luca Siligardi,2,94 min 9 sec,99.0,25.2,25.69,14.62,14.8,Left Foot,direct,5,0.054,1
ca05867153a6a465d0b8eb308c1e8fb2,3879847,Serie A,2015-2016,Torino,Gastón Silva,1,43 min 43 sec,93.4,48.7,27.99,15.5,8.7,Left Foot,direct,1,0.0533,0
95762d1bbe20992091aa3940f51e5731,3879848,Serie A,2015-2016,Fiorentina,Matías Fernández,1,12 min 21 sec,84.7,49.8,36.64,12.02,9.8,Right Foot,direct,5,0.0084,0
7d9921f7879fe6704cd1be042cb2c05c,3879848,Serie A,2015-2016,Fiorentina,Mauro Zárate,2,51 min 39 sec,100.6,19.2,28.44,11.07,20.8,Right Foot,direct,7,0.011,0
e8250a07b6fd75379619dedeef31c7ad,3879849,Serie A,2015-2016,Empoli,Piotr Zieliński,2,87 min 53 sec,113.1,5.1,35.58,2.53,34.9,Right Foot,direct,6,0.0071,0
43d9b96bf536f161b4fd843819a4ea7a,3879850,Serie A,2015-2016,Carpi,Simone Verdi,2,52 min 27 sec,99.8,20.8,27.87,11.99,19.2,Right Foot,direct,5,0.0139,0
64d87e2dd1e6bdf9e71b45c802b5aa0a,3879851,Serie A,2015-2016,AC Milan,Mario Balotelli,1,5 min 53 sec,96.1,39.3,23.91,18.99,0.7,Right Foot,direct,16,0.0701,0
77d8987db7b66f7d1afc61d10e027060,3879851,Serie A,2015-2016,Frosinone,Oliver Kragl,1,43 min 4 sec,79.1,47.6,41.6,10.8,7.6,Left Foot,direct,6,0.0078,1
ecfe162fab4eee339b62e842208817c2,3879852,Serie A,2015-2016,Palermo,Franco Vázquez,2,77 min 34 sec,107.6,65.1,28.0,7.36,25.1,Left Foot,direct,4,0.0073,0
d9588ff81e113fa059a4f17d60926bcf,3879852,Serie A,2015-2016,Palermo,Enzo Maresca,2,57 min 51 sec,94.8,48.0,26.44,16.44,8.0,Right Foot,direct,5,0.0639,0
d20132c63d1e4caa51e8ce3e1c53e7a0,3879852,Serie A,2015-2016,Palermo,Aleksandar Trajkovski,1,6 min 26 sec,93.9,41.3,26.13,17.38,1.3,Right Foot,direct,7,0.062,0
5df7c05c90e707ab6a2e060324e73146,3879853,Serie A,2015-2016,Inter Milan,Ivan Perišić,2,75 min 28 sec,97.8,56.6,27.72,13.28,16.6,Left Foot,direct,5,0.0363,0
a6c330a3ea79c1ba781d3a04ab06058c,3879853,Serie A,2015-2016,Lazio,Antonio Candreva,2,56 min 55 sec,95.5,56.4,29.48,12.94,16.4,Right Foot,direct,16,0.0287,0
cee04a1ae689b263321d65a2b7b5386c,3879856,Serie A,2015-2016,AS Roma,Francesco Totti,2,79 min 31 sec,99.9,52.1,23.46,16.75,12.1,Right Foot,direct,2,0.0683,0
438330f1ae9e815802772f0da00e3ffe,3879857,Serie A,2015-2016,Empoli,Mário Rui,2,50 min 55 sec,90.1,42.2,29.98,15.16,2.2,Left Foot,direct,5,0.0353,0
3787e5646ffa70581d177a826d9f89d7,3879858,Serie A,2015-2016,Bologna,Emanuele Giaccherini,2,94 min 28 sec,90.3,32.7,30.58,14.49,7.3,Right Foot,direct,6,0.0417,0
ab136f196098dbcb9bb831f698f1cfdc,3879859,Serie A,2015-2016,Carpi,Kevin Lasagna,2,69 min 15 sec,90.2,49.6,31.31,13.89,9.6,Left Foot,direct,3,0.0331,0
1a805ea5d52a0e3e09102687d815d6be,3879859,Serie A,2015-2016,Carpi,Simone Verdi,2,83 min 23 sec,113.5,62.5,23.42,5.58,22.5,Left Foot,direct,5,0.0086,0
ce06bd4baf006bd220ce2d8e878e15fd,3879859,Serie A,2015-2016,Carpi,Simone Verdi,2,92 min 55 sec,107.7,66.4,29.12,6.74,26.4,Left Foot,direct,5,0.0083,0
abc4543aaa3a5c15adad1882152cddc8,3879860,Serie A,2015-2016,Fiorentina,Josip Iličić,1,13 min 58 sec,104.5,63.3,27.98,9.18,23.3,Left Foot,direct,14,0.0085,0
cec9e50172e4ce6a48099489d63d9004,3879860,Serie A,2015-2016,Fiorentina,Matías Fernández,2,69 min 35 sec,90.6,27.8,31.83,13.27,12.2,Right Foot,direct,5,0.0318,0
f1e9e24038c9573e44410ede5369cd9c,3879861,Serie A,2015-2016,Frosinone,Oliver Kragl,2,55 min 35 sec,92.5,27.8,30.08,13.9,12.2,Left Foot,direct,6,0.0385,0
002307613bc04a4410a765365f505100,3879861,Serie A,2015-2016,Sassuolo,Lorenzo Pellegrini,1,28 min 10 sec,86.0,34.7,34.41,13.11,5.3,Right Foot,direct,2,0.0253,0
b32d7ed1d7a7035b012808a3eeb53e39,3879861,Serie A,2015-2016,Sassuolo,Domenico Berardi,1,39 min 7 sec,96.6,44.4,23.81,18.77,4.4,Left Foot,direct,8,0.0839,0
e2439518b7452f9da7ac1361b697e2ae,3879862,Serie A,2015-2016,Napoli,Faouzi Ghoulam,1,30 min 46 sec,84.8,43.6,35.38,12.83,3.6,Left Foot,direct,5,0.019,0
c505ccd196de8b44601300b749f51c78,3879864,Serie A,2015-2016,Juventus,Paulo Dybala,2,68 min 12 sec,96.6,53.8,27.17,14.54,13.8,Left Foot,direct,11,0.0432,0
07a65f9994f9bb13dab79f0f6bbecc7a,3879865,Serie A,2015-2016,Sampdoria,Fernando,2,69 min 11 sec,95.1,42.3,25.01,18.1,2.3,Right Foot,direct,18,0.0734,0
c8621b1826669a6dc18569dd4d2baa72,3879866,Serie A,2015-2016,Chievo,Antonio Floro Flores,1,46 min 29 sec,89.1,41.2,30.92,14.73,1.2,Right Foot,direct,8,0.0313,0
f59280100f181cacaac9e18dde537be8,3879867,Serie A,2015-2016,Frosinone,Oliver Kragl,2,66 min 31 sec,88.3,43.2,31.86,14.24,3.2,Left Foot,direct,6,0.029,0
437698ed41be3010ccde9798b535b222,3879867,Serie A,2015-2016,Napoli,Faouzi Ghoulam,1,14 min 50 sec,92.2,29.3,29.79,14.32,10.7,Left Foot,direct,5,0.0363,0
9760e61b08ee47c8ad7cf13320e7e150,3879868,Serie A,2015-2016,Inter Milan,Stevan Jovetić,2,85 min 45 sec,98.9,38.9,21.13,21.41,1.1,Right Foot,direct,8,0.0805,0
8f9695b07217b806a4d23a37fa1f0181,3879869,Serie A,2015-2016,AC Milan,Giacomo Bonaventura,2,93 min 9 sec,100.4,19.8,28.15,11.42,20.2,Right Foot,direct,16,0.0104,0
a9861171ef429875c4c9521daf927ad1,3879871,Serie A,2015-2016,Udinese,Francesco Lodi,1,42 min 0 sec,90.6,39.4,29.41,15.49,0.6,Left Foot,direct,8,0.0395,0
73c7f54c3935c930cb287f707e349714,3879871,Serie A,2015-2016,Carpi,Kevin Lasagna,1,24 min 39 sec,91.3,48.1,29.82,14.73,8.1,Left Foot,direct,3,0.0418,0
c52eeae93f8de19e72118e58070eef90,3879871,Serie A,2015-2016,Udinese,Ali Adnan,1,8 min 44 sec,86.5,50.2,35.02,12.49,10.2,Left Foot,direct,3,0.0092,0
5e13a43a1d66b0b7629b68f2fa524875,3879873,Serie A,2015-2016,Torino,Davide Zappacosta,1,36 min 42 sec,96.9,38.7,23.14,19.59,1.3,Right Foot,direct,1,0.0753,0
7f43a41544832cc3714a3ec3e84f2c82,3879875,Serie A,2015-2016,Hellas Verona,Luca Siligardi,1,32 min 5 sec,106.6,62.9,26.53,8.86,22.9,Left Foot,direct,5,0.0093,0
94a381acee99d65102b6c5638ab98963,3879875,Serie A,2015-2016,Hellas Verona,Federico Viviani,1,41 min 50 sec,92.7,23.5,31.9,12.3,16.5,Right Foot,direct,8,0.0097,0
6212efadcb4c0d9ea56aabf85ac89832,3879876,Serie A,2015-2016,Atalanta,Marco Borriello,2,60 min 58 sec,95.5,45.0,25.0,17.83,5.0,Left Foot,direct,1,0.0725,0
13c768f6badf808910f9867ec63e1f98,18244,Champions League,2016-2017,Real Madrid,Cristiano Ronaldo,2,89 min 42 sec,91.0,30.0,30.68,14.08,10.0,Right Foot,direct,70,0.0437,0
dd187eef75188f0853b636e75f64e890,18244,Champions League,2016-2017,Juventus,Paulo Dybala,1,34 min 4 sec,89.0,50.0,32.57,13.35,10.0,Left Foot,direct,11,0.0253,0
d599f38b61fcb53acc8144105f4b6374,265952,La Liga,2016-2017,Barcelona,Neymar,2,65 min 3 sec,100.6,55.6,24.89,14.42,15.6,Right Foot,direct,40,0.0458,1
0fd5f37bb0b4ca297c24d072a10f9be9,265952,La Liga,2016-2017,Barcelona,Lionel Messi,2,58 min 22 sec,101.1,34.9,19.58,22.38,5.1,Left Foot,direct,473,0.1002,0
ccf7051f0417f81261d6863bfd085c70,266033,La Liga,2016-2017,Barcelona,Luis Suárez,2,76 min 4 sec,88.7,27.7,33.63,12.66,12.3,Right Foot,direct,26,0.016,0
3ca95a59045a7414728c70e05a340b10,266033,La Liga,2016-2017,Barcelona,Lionel Messi,2,70 min 6 sec,86.4,32.9,34.34,13.01,7.1,Left Foot,direct,473,0.0221,0
8bcd18c13d614acf5c8cac0dca9042f0,266191,La Liga,2016-2017,Barcelona,Neymar,2,50 min 2 sec,97.8,20.1,29.81,11.5,19.9,Right Foot,direct,40,0.0109,0
a24556139eb9cb45e1d898ec2c9487d3,266191,La Liga,2016-2017,Real Sociedad,Íñigo Martínez,2,55 min 13 sec,87.6,53.7,35.18,11.98,13.7,Left Foot,direct,2,0.0073,0
d6d973012440008134f628aadc515d78,266273,La Liga,2016-2017,Barcelona,Lionel Messi,2,70 min 26 sec,90.2,45.1,30.23,14.87,5.1,Left Foot,direct,473,0.0393,0
0eaa5ed2b7bac6b19c9e53b8471c9c61,266299,La Liga,2016-2017,Celta Vigo,Iago Aspas,2,79 min 5 sec,94.1,48.3,27.2,15.98,8.3,Left Foot,direct,7,0.0607,0
157e87b1adeb8a853889df1feaf16ff7,266299,La Liga,2016-2017,Barcelona,Lionel Messi,1,36 min 12 sec,98.0,60.6,30.14,11.16,20.6,Left Foot,direct,473,0.01,0
d912baa2d20fb93160a55dd28e088483,266440,La Liga,2016-2017,Barcelona,Lionel Messi,1,39 min 19 sec,100.1,34.3,20.7,21.1,5.7,Left Foot,direct,473,0.084,0
9d10818cb407da0a1be1657a358bf01f,266440,La Liga,2016-2017,Barcelona,Neymar,2,75 min 55 sec,95.1,23.9,29.65,12.99,16.1,Right Foot,direct,40,0.0337,0
c0d9db7448a08f83166870a30a258245,266440,La Liga,2016-2017,Barcelona,Luis Suárez,2,82 min 0 sec,101.6,22.4,25.46,13.1,17.6,Right Foot,direct,26,0.0462,0
414af79410b05139bac4f19f0316fbd6,266440,La Liga,2016-2017,Valencia,Dani Parejo,2,77 min 39 sec,91.6,43.0,28.56,15.86,3.0,Right Foot,direct,20,0.0506,0
3a0e29e422e6e0e9519b60a0878576ad,266477,La Liga,2016-2017,Barcelona,Lionel Messi,2,89 min 35 sec,95.1,40.3,24.9,18.25,0.3,Left Foot,direct,473,0.0822,1
999d1ca975e1b5b2cdba36082ec2a7fa,266516,La Liga,2016-2017,Barcelona,Neymar,1,25 min 14 sec,109.0,16.8,25.68,7.79,23.2,Right Foot,direct,40,0.0078,0
bbb4756afdec06ca0aa1f4dca74e0bdf,266516,La Liga,2016-2017,Barcelona,Lionel Messi,2,79 min 34 sec,89.8,51.9,32.46,13.11,11.9,Left Foot,direct,473,0.0304,0
888c4162aadee6e9030f5f1cdbeb1913,266528,La Liga,2016-2017,Barcelona,Lionel Messi,1,24 min 33 sec,92.3,31.4,29.0,15.03,8.6,Left Foot,direct,473,0.0447,0
dfe21d2111cb40741398e6ffbaabbcef,266669,La Liga,2016-2017,Barcelona,Neymar,1,34 min 3 sec,93.4,59.5,32.98,11.23,19.5,Right Foot,direct,40,0.0089,0
5b6b8e22cde718247d3aabcedf4d3a3b,266669,La Liga,2016-2017,Barcelona,Lionel Messi,2,62 min 6 sec,93.5,21.9,32.09,11.81,18.1,Left Foot,direct,473,0.0094,0
49a36597c9b4d3148652b4d66ebd5ab9,266669,La Liga,2016-2017,Barcelona,Lionel Messi,2,72 min 18 sec,96.9,49.0,24.79,17.16,9.0,Left Foot,direct,473,0.079,0
63f9fcc73f2d4788f1c03507b369bd51,266731,La Liga,2016-2017,Barcelona,Lionel Messi,1,29 min 16 sec,88.4,40.1,31.6,14.43,0.1,Left Foot,direct,473,0.0293,0
f492cecdaeba9f1a728ce32c7cf1fd85,266731,La Liga,2016-2017,Barcelona,Lionel Messi,1,9 min 51 sec,95.1,25.3,28.92,13.65,14.7,Left Foot,direct,473,0.0423,0
6db1606b88ca32a88695c89b715d36b5,266874,La Liga,2016-2017,Barcelona,Lionel Messi,1,39 min 10 sec,113.5,69.5,30.21,3.32,29.5,Left Foot,direct,473,0.0074,1
13d05b145165290c2258dd1f10a80d04,266874,La Liga,2016-2017,Athletic Club,Mikel Balenziaga,1,36 min 50 sec,63.1,9.3,64.65,6.24,30.7,Left Foot,direct,1,0.0082,0
91a2c9130b99be36880239407085d2a8,266874,La Liga,2016-2017,Athletic Club,Ander Iturraspe,1,22 min 25 sec,100.7,22.7,25.92,13.25,17.3,Right Foot,direct,2,0.0488,0
3a2c87897002c712bf985499d1415e33,266892,La Liga,2016-2017,Athletic Club,Beñat Etxebarria,2,85 min 16 sec,94.7,48.9,26.82,16.06,8.9,Right Foot,direct,13,0.0551,0
2d55c9e071bfcf48e597b24b9ff1468d,266952,La Liga,2016-2017,Villarreal,Jonathan dos Santos,2,64 min 23 sec,93.0,33.8,27.7,16.04,6.2,Right Foot,direct,2,0.0558,0
a79cadd8590c8360455548e27095062c,266952,La Liga,2016-2017,Villarreal,Manu Trigueros,1,44 min 7 sec,85.0,40.7,35.01,13.03,0.7,Right Foot,direct,2,0.0187,0
265a762cf7c4a80dba6a8a4985a7c37c,266952,La Liga,2016-2017,Barcelona,Lionel Messi,1,19 min 42 sec,100.9,40.8,19.12,23.62,0.8,Left Foot,direct,473,0.0918,0
b6ac6d8cb7672657f754c2ffe69e8a70,266952,La Liga,2016-2017,Barcelona,Neymar,2,92 min 11 sec,94.0,25.7,29.67,13.53,14.3,Right Foot,direct,40,0.0379,0
11fa1bf115b6eaf2140675e3be5fb027,267039,La Liga,2016-2017,Las Palmas,Momo,2,50 min 58 sec,93.5,49.6,28.19,15.23,9.6,Left Foot,direct,1,0.0516,0
51beafbce438a05577b41566164b82d9,267039,La Liga,2016-2017,Las Palmas,Mauricio Lemos,1,7 min 7 sec,98.7,22.4,27.63,12.84,17.6,Right Foot,direct,3,0.0301,0
cc23b669590cd6166f9b3c2e69261fbe,267039,La Liga,2016-2017,Barcelona,Lionel Messi,2,84 min 30 sec,93.5,54.1,30.02,13.47,14.1,Left Foot,direct,473,0.0418,0
2a79ff53e9f1f455313505e026976fdb,267058,La Liga,2016-2017,Barcelona,Lionel Messi,2,79 min 24 sec,95.7,48.0,25.58,16.93,8.0,Left Foot,direct,473,0.0668,0
65c2e3c85f58613f803ed03dc34848b6,267058,La Liga,2016-2017,Barcelona,Lionel Messi,1,30 min 13 sec,90.0,36.2,30.24,14.96,3.8,Left Foot,direct,473,0.0351,0
41333abc2fd00ee13744474cbdf87ab9,267076,La Liga,2016-2017,Barcelona,Lionel Messi,1,17 min 56 sec,92.9,54.4,30.69,13.18,14.4,Left Foot,direct,473,0.0337,0
ed2fe8bf576fec26b624210d85181f94,267077,La Liga,2016-2017,Barcelona,Lionel Messi,2,68 min 14 sec,90.0,48.3,31.13,14.14,8.3,Left Foot,direct,473,0.0378,0
658fddce4a6b169fb2ce22c7835fbfd4,267101,La Liga,2016-2017,Osasuna,Roberto Torres,2,47 min 7 sec,93.3,44.2,27.03,16.64,4.2,Right Foot,direct,1,0.0656,1
c770d1d62b2088b7ade90eb06d1f430d,267212,La Liga,2016-2017,Leganés,Gabriel,2,79 min 55 sec,95.2,44.6,25.22,17.74,4.6,Left Foot,direct,1,0.0742,1
d839680a2e831aeeed1b516daa72b164,267212,La Liga,2016-2017,Barcelona,Lionel Messi,2,90 min 42 sec,93.6,46.6,27.21,16.25,6.6,Left Foot,direct,473,0.0575,0
7f58df0e32cf6a6cf0aaa78d67fa264a,267212,La Liga,2016-2017,Leganés,Unai López,1,16 min 46 sec,100.8,25.5,24.06,15.26,14.5,Right Foot,direct,1,0.0604,0
5ec58809089093718e15c1aa50d63043,267220,La Liga,2016-2017,Barcelona,Neymar,2,74 min 19 sec,96.5,37.5,23.63,19.11,2.5,Right Foot,direct,40,0.0773,0
158db42fdca2e607453b2c0a81cb04e5,267220,La Liga,2016-2017,Barcelona,Luis Suárez,2,67 min 43 sec,87.2,36.2,33.02,13.73,3.8,Right Foot,direct,26,0.0265,0
737d1d035b18b513000a6f25d9abf34f,267373,La Liga,2016-2017,Real Sociedad,Asier Illarramendi,2,71 min 15 sec,68.7,24.3,53.65,8.16,15.7,Right Foot,direct,4,0.0053,0
36654a83520eaecba1363d8c30357b35,267373,La Liga,2016-2017,Barcelona,Lionel Messi,2,49 min 24 sec,96.5,62.9,32.81,10.05,22.9,Left Foot,direct,473,0.0088,0
c43137c159358596b6275256d724ea92,267395,La Liga,2016-2017,Barcelona,Ivan Rakitić,2,78 min 3 sec,95.6,40.0,24.4,18.62,0.0,Right Foot,direct,6,0.0753,0
725b49e93e7099ef907b26d255d3fbc2,267395,La Liga,2016-2017,Barcelona,Lionel Messi,1,2 min 56 sec,92.5,46.6,28.28,15.68,6.6,Left Foot,direct,473,0.06,0
fd4156b74efdc89f1d357bbc6f9fbc07,267395,La Liga,2016-2017,Barcelona,Lionel Messi,1,42 min 12 sec,93.7,46.1,27.0,16.44,6.1,Left Foot,direct,473,0.0629,0
7c8dfbae168c3a69fb11e22c9129f710,267464,La Liga,2016-2017,Barcelona,Lionel Messi,1,37 min 43 sec,98.2,27.8,24.98,16.0,12.2,Left Foot,direct,473,0.071,0
f816e091482f540a1b17f1e2b69e8df5,267492,La Liga,2016-2017,Barcelona,Lionel Messi,2,87 min 15 sec,99.4,56.0,26.08,13.93,16.0,Left Foot,direct,473,0.0461,0
eb34323df06d20b11aa171e076a07fbb,267492,La Liga,2016-2017,Barcelona,Neymar,1,13 min 7 sec,93.4,36.0,26.9,16.74,4.0,Right Foot,direct,40,0.0667,0
a8097e88af9cae73b59702185625267d,267492,La Liga,2016-2017,Barcelona,Luis Suárez,1,46 min 1 sec,93.8,26.8,29.34,13.94,13.2,Right Foot,direct,26,0.0401,0
e26e5c1eea04db369596470f9488b4b7,267569,La Liga,2016-2017,Barcelona,Lionel Messi,2,56 min 29 sec,88.0,51.4,33.97,12.68,11.4,Left Foot,direct,473,0.0141,0
1010087760456c1d4d59387fa4f66054,267590,La Liga,2016-2017,Barcelona,Lionel Messi,2,94 min 7 sec,94.2,45.2,26.32,16.96,5.2,Left Foot,direct,473,0.0644,0
b68d4295061a00ce610f7a6a5b975e65,267590,La Liga,2016-2017,Málaga,Sandro Ramírez,2,72 min 50 sec,101.2,20.7,26.94,11.96,19.3,Right Foot,direct,1,0.0117,0
6be2cb6f92e1baebdaf8ed64efbc59b3,267590,La Liga,2016-2017,Barcelona,Lionel Messi,2,78 min 44 sec,101.7,47.8,19.89,21.08,7.8,Left Foot,direct,473,0.0941,0
1118279435a9a923f83f070b5e36afe4,267590,La Liga,2016-2017,Barcelona,Lionel Messi,2,68 min 39 sec,88.3,39.1,31.71,14.37,0.9,Left Foot,direct,473,0.0279,0
cdf258434848442a60ba87297491d0b6,267590,La Liga,2016-2017,Barcelona,Lionel Messi,1,21 min 43 sec,94.8,50.1,27.15,15.62,10.1,Left Foot,direct,473,0.0586,0
c1bda65cceb3e9adda16e8c0c82e3f67,267590,La Liga,2016-2017,Barcelona,Lionel Messi,2,50 min 28 sec,93.1,43.4,27.11,16.66,3.4,Left Foot,direct,473,0.0674,0
fc15295ac4daae9db8d626beca024fca,267596,La Liga,2016-2017,Barcelona,Lionel Messi,1,29 min 4 sec,100.6,40.6,19.41,23.28,0.6,Left Foot,direct,473,0.0907,0
7fddb97aa3889d0b972b47cf4e3b7d55,267596,La Liga,2016-2017,Barcelona,Lionel Messi,1,9 min 44 sec,102.1,66.4,31.9,8.14,26.4,Left Foot,direct,473,0.0069,0
4a94f43c69d818487db761efaefcb4b6,267596,La Liga,2016-2017,Barcelona,Lionel Messi,2,76 min 6 sec,94.8,40.4,25.2,18.03,0.4,Left Foot,direct,473,0.0763,0
1a7209e5bebcd76d301863fb2201fd81,267660,La Liga,2016-2017,Barcelona,Lionel Messi,2,90 min 34 sec,94.8,43.3,25.42,17.75,3.3,Left Foot,direct,473,0.0819,0
e974550e4d63cf1a84596da7c68a4c8d,267670,La Liga,2016-2017,Real Betis,Rubén Castro,1,20 min 22 sec,100.1,29.6,22.45,18.06,10.4,Right Foot,direct,4,0.0959,1
d2daadc54107b2c709db871320b35e69,267670,La Liga,2016-2017,Barcelona,Lionel Messi,2,60 min 57 sec,89.6,44.1,30.68,14.73,4.1,Left Foot,direct,473,0.0436,0
c2a7136348abf76f8cd5972165acf108,267670,La Liga,2016-2017,Barcelona,Lionel Messi,2,65 min 16 sec,98.2,32.0,23.22,18.43,8.0,Left Foot,direct,473,0.0815,0
ac1d7b058b576a33ed5684abfcd85d10,267670,La Liga,2016-2017,Barcelona,Luis Suárez,2,81 min 9 sec,94.4,26.2,29.08,13.86,13.8,Right Foot,direct,26,0.0447,1
364a4f5e785f5091bbd8ff0fc1a7d5bc,9575,La Liga,2017-2018,Barcelona,Lionel Messi,1,34 min 5 sec,92.3,42.5,27.81,16.31,2.5,Left Foot,direct,473,0.0558,0
90144011cbf32c9f31275390b5a23820,9575,La Liga,2017-2018,Barcelona,Lionel Messi,2,70 min 34 sec,97.9,61.1,30.56,10.91,21.1,Left Foot,direct,473,0.0111,0
52036ac6e296546e4a2cbffcea425faf,9575,La Liga,2017-2018,Barcelona,Lionel Messi,1,13 min 44 sec,99.0,26.3,25.07,15.33,13.7,Left Foot,direct,473,0.0646,0
8a7c7c69d38e78731f0f9e1025d2fd08,9581,La Liga,2017-2018,Deportivo Alavés,Óscar Romero,2,68 min 33 sec,85.9,47.2,34.85,12.82,7.2,Left Foot,direct,1,0.0196,0
5934d1fa7fa461bc919abff7401202e7,9581,La Liga,2017-2018,Barcelona,Lionel Messi,2,52 min 13 sec,88.7,41.5,31.34,14.53,1.5,Left Foot,direct,473,0.0281,0
385cc1141e82534d5a4b01e877d32066,9581,La Liga,2017-2018,Deportivo Alavés,Ibai Gómez,1,33 min 8 sec,96.2,31.0,25.44,16.78,9.0,Right Foot,direct,1,0.0672,0
734ccd8eaf8877f4bb6d685eddb9573f,9592,La Liga,2017-2018,Barcelona,Luis Suárez,1,29 min 31 sec,96.0,21.1,30.55,11.82,18.9,Right Foot,direct,26,0.0114,0
6e160158f529be97abb71f33e5c2a125,9592,La Liga,2017-2018,Barcelona,Luis Suárez,1,18 min 34 sec,90.0,29.1,31.92,13.46,10.9,Right Foot,direct,26,0.0265,0
9454404d270007ed52af689e09e7a55a,9592,La Liga,2017-2018,Barcelona,Lionel Messi,2,85 min 39 sec,93.7,54.1,29.84,13.53,14.1,Left Foot,direct,473,0.0414,0
c8c0b6e6a041ff5779a28c8f48a5e96e,9602,La Liga,2017-2018,Barcelona,Lionel Messi,1,46 min 4 sec,90.6,39.2,29.41,15.48,0.8,Left Foot,direct,473,0.0392,0
c08c35fa1a022f86c40c04440abe8688,9602,La Liga,2017-2018,Getafe,Vitorino Antunes,2,54 min 5 sec,88.6,46.9,32.15,13.87,6.9,Left Foot,direct,2,0.0288,0
d011ba299743b4d6fe63032c4c3c6a80,9609,La Liga,2017-2018,Barcelona,Lionel Messi,2,80 min 39 sec,94.1,24.3,30.29,12.95,15.7,Left Foot,direct,473,0.0289,0
351fdbf67b424b4298734a4e80b5f4f8,9609,La Liga,2017-2018,Eibar,Anaitz Arbilla,1,45 min 31 sec,90.6,43.3,29.58,15.31,3.3,Right Foot,direct,1,0.0354,0
811c60410a08e796bddeb6526be561f9,9620,La Liga,2017-2018,Girona,Juanpe,2,51 min 51 sec,58.3,16.9,65.88,6.51,23.1,Right Foot,direct,1,0.0048,0
965d3fb31aec94d054cdb90643c22f21,9620,La Liga,2017-2018,Barcelona,Lionel Messi,1,16 min 5 sec,88.5,41.9,31.56,14.42,1.9,Left Foot,direct,473,0.0253,0
641ea5cd5b77d82820e2b20e9a7065aa,9620,La Liga,2017-2018,Barcelona,Lionel Messi,2,91 min 15 sec,97.7,30.5,24.24,17.34,9.5,Left Foot,direct,473,0.0719,0
1910b55c4b4e5a8fd0b9a69c6a47ac90,9636,La Liga,2017-2018,Barcelona,Lionel Messi,2,46 min 42 sec,91.5,43.0,28.66,15.81,3.0,Left Foot,direct,473,0.049,0
d50b2bd0c9f1805320c545a4fa5cca3b,9636,La Liga,2017-2018,Barcelona,Lionel Messi,1,20 min 50 sec,99.2,51.9,23.96,16.6,11.9,Left Foot,direct,473,0.0695,0
3de034fa037210b820aa3e5180647c1a,9636,La Liga,2017-2018,Barcelona,Luis Suárez,2,79 min 44 sec,92.0,50.9,30.05,14.18,10.9,Right Foot,direct,26,0.034,0
2bdd7ab5284f4ca3df098acf59c0e8a0,9636,La Liga,2017-2018,Las Palmas,Mauricio Lemos,2,54 min 32 sec,85.3,44.3,34.97,12.96,4.3,Right Foot,direct,3,0.019,0
b4fa2b5de668ab1ea19282a28ce7648e,9642,La Liga,2017-2018,Barcelona,Lionel Messi,2,93 min 43 sec,101.5,40.6,18.51,24.38,0.6,Left Foot,direct,473,0.1275,0
e62d4dc0a4ee3d50b7c9cc5c1e548928,9642,La Liga,2017-2018,Barcelona,Lionel Messi,2,56 min 43 sec,93.7,40.4,26.3,17.29,0.4,Left Foot,direct,473,0.0632,0
701721e5c95ff910645ab8d28b9b22ff,9650,La Liga,2017-2018,Barcelona,Lionel Messi,1,26 min 52 sec,99.0,42.4,21.14,21.31,2.4,Left Foot,direct,473,0.0887,0
7ea3438cb076927d401430df2dbea318,9661,La Liga,2017-2018,Barcelona,Luis Suárez,1,41 min 27 sec,101.6,37.9,18.52,24.24,2.1,Right Foot,direct,26,0.1155,0
ec49cd75fd96fba636af979fbcfafa41,9661,La Liga,2017-2018,Barcelona,Lionel Messi,2,89 min 34 sec,91.1,41.3,28.93,15.73,1.3,Left Foot,direct,473,0.0437,0
b25ea907a97ba33183b55c637d73232e,9673,La Liga,2017-2018,Barcelona,Lionel Messi,1,2 min 36 sec,91.9,43.6,28.33,15.95,3.6,Left Foot,direct,473,0.053,0
a4091f0ff2ff757d57f8b7baa8efb5ec,9682,La Liga,2017-2018,Leganés,Diego Rico,2,86 min 26 sec,81.5,39.6,38.5,11.86,0.4,Left Foot,direct,1,0.0081,0
244dac6ff10ea7f788d1905f12e5ef2e,9695,La Liga,2017-2018,Barcelona,Lionel Messi,1,32 min 23 sec,91.6,52.1,30.87,13.63,12.1,Left Foot,direct,473,0.0333,0
08a3116cb87bac67c486fc597b785523,9700,La Liga,2017-2018,Barcelona,Lionel Messi,2,95 min 32 sec,93.4,38.1,26.67,17.02,1.9,Left Foot,direct,473,0.0604,0
9b03b25ee77c9da1153007c3617ef596,9717,La Liga,2017-2018,Barcelona,Lionel Messi,1,21 min 16 sec,96.3,33.6,24.55,17.91,6.4,Left Foot,direct,473,0.0734,0
08116240d5011e2411e09b876c97f289,9717,La Liga,2017-2018,Barcelona,Luis Suárez,2,88 min 52 sec,98.9,27.7,24.42,16.21,12.3,Right Foot,direct,26,0.0631,0
376074969a1ebd104f3d2a1fc3df6f0d,9726,La Liga,2017-2018,Barcelona,Lionel Messi,2,66 min 23 sec,90.6,42.8,29.53,15.36,2.8,Left Foot,direct,473,0.0371,0
2836f545d6e0eb3fa1e4271169eed9dd,9736,La Liga,2017-2018,Barcelona,Lionel Messi,1,45 min 57 sec,88.4,53.3,34.28,12.3,13.3,Left Foot,direct,473,0.0084,0
4228a22feb7d1181256894f2d36f80cf,9742,La Liga,2017-2018,Barcelona,Lionel Messi,2,78 min 0 sec,92.8,37.9,27.28,16.64,2.1,Left Foot,direct,473,0.0549,0
8c7fdbf6082162094da6caf228e967d8,9742,La Liga,2017-2018,Barcelona,Lionel Messi,1,39 min 54 sec,93.7,45.0,26.77,16.71,5.0,Left Foot,direct,473,0.0569,0
e6b197869915938294b03e48c70673fe,9742,La Liga,2017-2018,Barcelona,Lionel Messi,1,31 min 49 sec,96.5,44.8,23.99,18.58,4.8,Left Foot,direct,473,0.0767,0
c7bff6670a9b2c05816aa225c2cfebd0,9754,La Liga,2017-2018,Barcelona,Lionel Messi,2,75 min 32 sec,88.8,50.7,32.98,13.11,10.7,Left Foot,direct,473,0.0272,0
849c6cf47c8432c2b910ac0d48c34f8c,9754,La Liga,2017-2018,Barcelona,Lionel Messi,2,84 min 29 sec,88.5,37.6,31.59,14.39,2.4,Left Foot,direct,473,0.0278,1
f46f5f78d6414a35702d240d4cb8ce71,9754,La Liga,2017-2018,Barcelona,Lionel Messi,2,63 min 25 sec,90.5,32.9,30.34,14.62,7.1,Left Foot,direct,473,0.0406,0
663f4636f16d3ad3340996e7e0804085,9774,La Liga,2017-2018,Barcelona,Lionel Messi,2,83 min 15 sec,99.4,49.7,22.77,18.16,9.7,Left Foot,direct,473,0.0765,1
068ebdd72eef8eb5f8b9ce04115e9526,9774,La Liga,2017-2018,Barcelona,Lionel Messi,1,41 min 46 sec,90.1,51.7,32.11,13.26,11.7,Left Foot,direct,473,0.0245,0
da2cb4df855bbb9cc962040165671f0e,9774,La Liga,2017-2018,Barcelona,Lionel Messi,2,73 min 6 sec,97.8,63.6,32.4,9.75,23.6,Left Foot,direct,473,0.008,0
ebc8551f1968972d1060446574949f69,9774,La Liga,2017-2018,Barcelona,Lionel Messi,1,34 min 16 sec,109.5,65.2,27.3,6.57,25.2,Left Foot,direct,473,0.0077,0
b357a4576118d2878d1f619b75bce0be,9783,La Liga,2017-2018,Barcelona,Luis Suárez,1,42 min 46 sec,89.6,27.0,33.06,12.72,13.0,Right Foot,direct,26,0.0154,0
4025bdc18aed34a7aa3be01483a445d3,9794,La Liga,2017-2018,Barcelona,Lionel Messi,1,21 min 28 sec,89.2,25.8,33.92,12.26,14.2,Left Foot,direct,473,0.0084,0
1f3d91356c3d8e910c66f6073c8bd23d,9794,La Liga,2017-2018,Getafe,Vitorino Antunes,2,93 min 34 sec,85.9,51.5,35.99,12.04,11.5,Left Foot,direct,2,0.0071,0
986a1103ccf93ce7d6c9302eaf993b8b,9794,La Liga,2017-2018,Barcelona,Lionel Messi,2,67 min 4 sec,88.7,44.2,31.58,14.31,4.2,Left Foot,direct,473,0.0333,0
aa6d0052110308be424e3f682905a380,9794,La Liga,2017-2018,Getafe,Mauro Arambarri,2,54 min 9 sec,88.9,32.0,32.11,13.77,8.0,Right Foot,direct,2,0.0233,0
5de282d563b02a476470fc0fd9e3cc62,9811,La Liga,2017-2018,Barcelona,Lionel Messi,2,69 min 23 sec,98.0,39.4,22.01,20.6,0.6,Left Foot,direct,473,0.0795,0
47ac64b64d771e19571aff70f2af74bd,9811,La Liga,2017-2018,Barcelona,Lionel Messi,1,10 min 13 sec,98.2,26.7,25.54,15.33,13.3,Left Foot,direct,473,0.0538,0
fd972349a84f766b5fcedb0c911df269,9811,La Liga,2017-2018,Barcelona,Lionel Messi,1,35 min 59 sec,97.0,37.0,23.19,19.42,3.0,Left Foot,direct,473,0.0789,1
d5f07fcb0de5132de26a81705ecafda7,9827,La Liga,2017-2018,Las Palmas,Alejandro Gálvez,2,52 min 16 sec,98.1,20.3,29.46,11.62,19.7,Right Foot,direct,4,0.0109,0
059f8edb7e410b2ecaeeff5ebd1529e3,9827,La Liga,2017-2018,Las Palmas,Alen Halilović,1,13 min 3 sec,95.9,54.7,28.23,13.87,14.7,Left Foot,direct,3,0.0388,0
f9ec32fa048bfd97fc3490b53eef83bf,9827,La Liga,2017-2018,Barcelona,Lionel Messi,2,68 min 56 sec,95.6,40.8,24.41,18.6,0.8,Left Foot,direct,473,0.0743,0
aea76f23b4a01c88ec8d26229ae4940a,9827,La Liga,2017-2018,Barcelona,Lionel Messi,1,10 min 21 sec,95.3,45.0,25.2,17.7,5.0,Left Foot,direct,473,0.0728,0
5d3e1b379985db7c6af8f117c950de02,9827,La Liga,2017-2018,Barcelona,Lionel Messi,1,20 min 12 sec,99.8,44.5,20.7,21.4,4.5,Left Foot,direct,473,0.0958,1
31c8315d0f592b3eef6d8a8f266c92a4,9827,La Liga,2017-2018,Las Palmas,Alen Halilović,1,24 min 9 sec,100.8,57.1,25.71,13.39,17.1,Left Foot,direct,3,0.0433,0
b289079a9d2d042c607298f93fda6536,9837,La Liga,2017-2018,Barcelona,Lionel Messi,2,57 min 14 sec,98.3,27.8,24.89,16.04,12.2,Left Foot,direct,473,0.062,0
9a427838469abea40d0df7c8f7276d92,9837,La Liga,2017-2018,Barcelona,Lionel Messi,1,12 min 33 sec,100.9,18.3,28.91,10.56,21.7,Left Foot,direct,473,0.0113,0
f9d364ce625e9e731d73de3e0b550293,9837,La Liga,2017-2018,Barcelona,Lionel Messi,1,25 min 27 sec,95.1,46.9,25.84,17.0,6.9,Left Foot,direct,473,0.0652,1
a771c59d6a403015198775bc3ca34b1a,9855,La Liga,2017-2018,Barcelona,Lionel Messi,2,54 min 28 sec,93.5,38.1,26.57,17.08,1.9,Left Foot,direct,473,0.0586,0
69d5c05f27719ce5cf3048053695cfad,9855,La Liga,2017-2018,Barcelona,Lionel Messi,1,3 min 59 sec,93.5,35.9,26.82,16.78,4.1,Left Foot,direct,473,0.0608,0
68e1356b3fff2db5e3847db8f6d76fe6,9860,La Liga,2017-2018,Barcelona,Luis Suárez,2,52 min 52 sec,96.1,25.2,28.11,13.87,14.8,Right Foot,direct,26,0.0424,0
630a4f56639d0b179ee18fe0196215b9,9860,La Liga,2017-2018,Barcelona,Luis Suárez,1,43 min 9 sec,89.4,31.8,31.68,13.92,8.2,Right Foot,direct,26,0.0323,0
82d3b13157d1c703a5c1d3adaa08ec68,9870,La Liga,2017-2018,Barcelona,Lionel Messi,1,21 min 21 sec,99.0,31.9,22.51,18.9,8.1,Left Foot,direct,473,0.0773,0
b5186adfe2504d54c642a36438ec1246,9870,La Liga,2017-2018,Barcelona,Lionel Messi,1,26 min 22 sec,95.0,52.1,27.77,14.83,12.1,Left Foot,direct,473,0.0482,1
ef97acfb45876bbf06f94e1488626a97,9880,La Liga,2017-2018,Valencia,Dani Parejo,2,66 min 7 sec,87.6,39.5,32.4,14.07,0.5,Right Foot,direct,20,0.0253,0
23b05722f08dc8df074c9a075d7265db,9889,La Liga,2017-2018,Celta Vigo,Iago Aspas,2,71 min 40 sec,99.8,29.8,22.63,18.04,10.2,Left Foot,direct,7,0.0764,0
8872a6111c5616859410b2c0503ccef7,9912,La Liga,2017-2018,Barcelona,Lionel Messi,1,29 min 21 sec,93.1,48.3,28.15,15.49,8.3,Left Foot,direct,473,0.0552,0
063939c6aeaded190897cfa93737fe75,9924,La Liga,2017-2018,Barcelona,Lionel Messi,2,62 min 36 sec,95.1,32.7,25.95,16.86,7.3,Left Foot,direct,473,0.0622,0
1b40236ee0819d8f65cceed2253dc337,9924,La Liga,2017-2018,Real Madrid,Cristiano Ronaldo,1,48 min 22 sec,97.7,25.2,26.76,14.29,14.8,Right Foot,direct,70,0.045,0
79caa609bb780a8a4d8e3cd7010fb8c6,9948,La Liga,2017-2018,Real Sociedad,Willian José,2,46 min 29 sec,94.9,29.7,27.13,15.58,10.3,Right Foot,direct,1,0.0568,0
301e4f1ad54fa8118566a93e57d1cf91,9948,La Liga,2017-2018,Barcelona,Luis Suárez,1,16 min 48 sec,96.8,25.7,27.25,14.33,14.3,Right Foot,direct,26,0.0505,0
5a3ec2583bc178e20157db256333da42,7525,FIFA World Cup,2018-2018,Russia,Aleksandr Golovin,2,93 min 57 sec,99.0,52.0,24.19,16.45,12.0,Right Foot,direct,1,0.0745,1
c126380b6d6f0435726f7c2101cd9ced,7530,FIFA World Cup,2018-2018,France,Paul Pogba,1,4 min 11 sec,94.0,28.0,28.64,14.5,12.0,Right Foot,direct,16,0.0507,0
498f737040113a49dd6860748a2fd7a2,7530,FIFA World Cup,2018-2018,France,Nabil Fekir,2,87 min 30 sec,100.0,63.0,30.48,9.94,23.0,Left Foot,direct,6,0.0093,0
8d02528a581f47baefb2d485bda8b76c,7531,FIFA World Cup,2018-2018,Argentina,Lionel Messi,2,65 min 52 sec,92.0,58.0,33.29,11.59,18.0,Left Foot,direct,473,0.0078,0
38eb420163aff080f9798a4db3ca7aee,7531,FIFA World Cup,2018-2018,Argentina,Lionel Messi,2,72 min 39 sec,92.0,61.0,35.0,10.5,21.0,Left Foot,direct,473,0.0081,0
69b0ca0929a7aaea806dfbe9f1adc414,7531,FIFA World Cup,2018-2018,Argentina,Lionel Messi,2,94 min 57 sec,90.0,36.0,30.27,14.93,4.0,Left Foot,direct,473,0.043,0
6c8a0ecfa4faef370a61163f9b5240c7,7532,FIFA World Cup,2018-2018,Denmark,Christian Eriksen,1,38 min 46 sec,100.0,52.0,23.32,16.86,12.0,Right Foot,direct,28,0.0761,0
6772be20e787ce17180803e7c7b58b68,7533,FIFA World Cup,2018-2018,Brazil,Neymar,1,15 min 17 sec,91.0,35.0,29.43,15.27,5.0,Right Foot,direct,40,0.0403,0
0a2365456edf3bd069eb3ad176bf710a,7534,FIFA World Cup,2018-2018,Germany,Toni Kroos,1,38 min 2 sec,95.0,49.0,26.57,16.16,9.0,Right Foot,direct,5,0.0635,0
c7718a8dce614c5a1e92a3bb4c76cd8e,7534,FIFA World Cup,2018-2018,Mexico,Miguel Layún,1,8 min 29 sec,95.0,38.0,25.08,18.07,2.0,Right Foot,direct,2,0.0851,0
90824e91266542787dba5e3c1b5e81e8,7535,FIFA World Cup,2018-2018,Serbia,Aleksandar Kolarov,2,55 min 59 sec,94.0,59.0,32.2,11.51,19.0,Left Foot,direct,10,0.0095,1
4dea62e30172274fdfd549865312fec1,7536,FIFA World Cup,2018-2018,Belgium,Kevin De Bruyne,2,51 min 41 sec,97.0,26.0,26.93,14.55,14.0,Right Foot,direct,9,0.0442,0
dc96f6f27014653eeff2024bb0ba2432,7536,FIFA World Cup,2018-2018,Belgium,Kevin De Bruyne,2,64 min 54 sec,94.0,37.0,26.17,17.27,3.0,Right Foot,direct,9,0.063,0
39f3e922e278182de8e4c48698568109,7536,FIFA World Cup,2018-2018,Panama,Fidel Escobar,2,88 min 48 sec,96.0,19.0,31.89,10.86,21.0,Right Foot,direct,1,0.0093,0
b3cc1b9420c454ea7defe47ccbca2fd7,7536,FIFA World Cup,2018-2018,Belgium,Eden Hazard,2,82 min 23 sec,95.0,29.0,27.31,15.32,11.0,Right Foot,direct,2,0.0562,0
8d948c38dc622e4a1415bb3e5850c9cc,7537,FIFA World Cup,2018-2018,England,Kieran Trippier,2,68 min 39 sec,93.0,27.0,29.97,13.76,13.0,Right Foot,direct,5,0.0375,0
3f57e25f7439f57bf377d43ace8c199f,7537,FIFA World Cup,2018-2018,England,Ashley Young,2,78 min 40 sec,96.0,34.0,24.74,17.86,6.0,Right Foot,direct,3,0.0784,0
8514c442e10a0700715bf1c41eb2208a,7539,FIFA World Cup,2018-2018,Poland,Robert Lewandowski,2,50 min 0 sec,96.0,47.0,25.0,17.5,7.0,Right Foot,direct,3,0.0707,0
058ddf580b338fe94757a765513de133,7539,FIFA World Cup,2018-2018,Senegal,Salif Sané,1,12 min 35 sec,84.0,34.0,36.5,12.34,6.0,Right Foot,direct,1,0.0097,0
a5ec0c4dbba56b20fa4079e29cedf06d,7541,FIFA World Cup,2018-2018,Colombia,Juan Fernando Quintero,1,38 min 10 sec,100.0,60.0,28.28,11.53,20.0,Left Foot,direct,7,0.0106,1
a09dfbad4ee28d0862967d7773960f05,7542,FIFA World Cup,2018-2018,Morocco,Hakim Ziyech,2,67 min 26 sec,96.0,54.0,27.78,14.25,14.0,Left Foot,direct,4,0.0426,0
c75ef6e806a86bc8d9fbd691eccfe6f5,7542,FIFA World Cup,2018-2018,Portugal,Cristiano Ronaldo,1,31 min 30 sec,100.0,34.0,20.88,20.85,6.0,Right Foot,direct,70,0.0826,0
8e38a08014c37ecd08cd48cd4e433e15,7542,FIFA World Cup,2018-2018,Portugal,Cristiano Ronaldo,2,84 min 19 sec,102.0,31.0,20.12,20.31,9.0,Right Foot,direct,70,0.1014,0
ec6027947b71c607da28155a80417f9a,7543,FIFA World Cup,2018-2018,Spain,David Silva,1,24 min 22 sec,95.0,49.0,26.57,16.16,9.0,Left Foot,direct,4,0.0564,0
2c504fbd5804b8d159ba052e70ac3476,7543,FIFA World Cup,2018-2018,Spain,Isco,2,77 min 2 sec,99.0,56.0,26.4,13.86,16.0,Right Foot,direct,2,0.0462,0
1a27a4f8df0940d23a82c01438f4f300,7543,FIFA World Cup,2018-2018,Spain,Sergio Ramos,1,21 min 55 sec,88.0,34.0,32.56,13.78,6.0,Right Foot,direct,3,0.0289,0
6f18ee3359a72d036600c4c261313b37,7544,FIFA World Cup,2018-2018,Uruguay,Luis Suárez,2,50 min 33 sec,87.0,42.0,33.06,13.77,2.0,Right Foot,direct,26,0.0239,0
9436d2e4784f71890a1481475bcd530f,7544,FIFA World Cup,2018-2018,Saudi Arabia,Mohammed Al Burayk,1,7 min 19 sec,93.0,31.0,28.46,15.22,9.0,Right Foot,direct,2,0.0555,0
5d44dc742d96e8835801abd670a61ac3,7545,FIFA World Cup,2018-2018,Croatia,Ivan Rakitić,2,85 min 53 sec,89.0,36.0,31.26,14.47,4.0,Right Foot,direct,6,0.0395,0
1d237f3278be02bb284eef1728f78ff2,7546,FIFA World Cup,2018-2018,Peru,Paolo Guerrero,2,87 min 1 sec,87.0,43.0,33.14,13.71,3.0,Right Foot,direct,2,0.0288,0
ef4c4b133b7e3b810ebfacb48c26543e,7549,FIFA World Cup,2018-2018,Iceland,Gylfi Sigurðsson,1,2 min 13 sec,92.0,40.0,28.0,16.26,0.0,Right Foot,direct,17,0.0544,0
433e6fdd5698fba2768a6f77c5eb6b7e,7550,FIFA World Cup,2018-2018,Switzerland,Ricardo Rodríguez,2,85 min 14 sec,94.0,30.0,27.86,15.31,10.0,Left Foot,direct,7,0.0524,0
5bb3e075f471e1739ebcf8587d2f8492,7553,FIFA World Cup,2018-2018,South Korea,Son Heung-Min,1,30 min 50 sec,87.0,41.0,33.02,13.81,1.0,Right Foot,direct,1,0.0268,0
687020e86448c9e06d07184788500de7,7555,FIFA World Cup,2018-2018,Colombia,James Rodríguez,2,84 min 54 sec,89.0,15.0,39.82,8.98,25.0,Left Foot,direct,8,0.0061,0
29a99cf077e490250817d9b23c76e2ae,7557,FIFA World Cup,2018-2018,Portugal,Cristiano Ronaldo,1,15 min 55 sec,95.0,55.0,29.15,13.49,15.0,Right Foot,direct,70,0.0406,0
7b5c506440e11d58e673daafd3ef0e85,7557,FIFA World Cup,2018-2018,Iran,Ramin Rezaeian,1,21 min 11 sec,93.0,23.0,31.91,12.17,17.0,Right Foot,direct,1,0.0094,0
f24ea75d444db19d8e4ea1043e694236,7558,FIFA World Cup,2018-2018,Uruguay,Edinson Cavani,2,46 min 47 sec,94.0,45.0,26.48,16.89,5.0,Right Foot,direct,5,0.0639,0
8e365e6d1a726344a11a8901f8be619f,7558,FIFA World Cup,2018-2018,Uruguay,Luis Suárez,1,9 min 28 sec,101.0,36.0,19.42,22.83,4.0,Right Foot,direct,26,0.1216,1
3acfd654bf8d1bde8e464946739eb95a,7559,FIFA World Cup,2018-2018,Saudi Arabia,Mohammed Al Burayk,2,80 min 4 sec,95.0,30.0,26.93,15.75,10.0,Right Foot,direct,2,0.0656,0
c6770754a6a1993934971ac5dfa82950,7559,FIFA World Cup,2018-2018,Saudi Arabia,Salman Al Faraj,2,73 min 57 sec,88.0,43.0,32.14,14.13,3.0,Left Foot,direct,1,0.0307,0
0ecf7eb309db74e785efe0b9af2b4f99,7561,FIFA World Cup,2018-2018,Croatia,Ivan Perišić,2,84 min 21 sec,95.0,55.0,29.15,13.49,15.0,Left Foot,direct,5,0.0392,0
c3538a2e450a1866f32f5b584617154b,7561,FIFA World Cup,2018-2018,Iceland,Gylfi Sigurðsson,1,30 min 27 sec,94.0,19.0,33.42,10.7,21.0,Right Foot,direct,17,0.0077,0
5bece624dd05130f3f37c392a5697580,7561,FIFA World Cup,2018-2018,Croatia,Ivan Rakitić,2,87 min 18 sec,104.0,16.0,28.84,8.91,24.0,Right Foot,direct,6,0.0086,0
6bad54e72ae8d8c82669f8075622aa88,7562,FIFA World Cup,2018-2018,Australia,Aaron Mooy,2,54 min 47 sec,96.0,61.0,31.89,10.86,21.0,Right Foot,direct,1,0.009,0
61a02450457a715e5411f63b7cf7f95e,7562,FIFA World Cup,2018-2018,Australia,Mile Jedinak,2,82 min 54 sec,93.0,36.0,27.29,16.5,4.0,Right Foot,direct,1,0.063,0
33e4a1ecef43413de6d7b950a70b3dcc,7563,FIFA World Cup,2018-2018,Denmark,Christian Eriksen,2,53 min 37 sec,81.0,44.0,39.2,11.59,4.0,Right Foot,direct,28,0.0085,0
6cd35f076d674760a6a0fb8d76ae88cb,7564,FIFA World Cup,2018-2018,Nigeria,Peter Etebo,2,83 min 59 sec,94.0,53.0,29.07,14.09,13.0,Right Foot,direct,1,0.0462,0
f624786efb235cc5a348d5fc8c9246eb,7564,FIFA World Cup,2018-2018,Argentina,Lionel Messi,1,33 min 14 sec,100.0,29.0,22.83,17.58,11.0,Left Foot,direct,473,0.0918,0
af551733ccec78db2a13bfcabd2d3fcb,7566,FIFA World Cup,2018-2018,Mexico,Carlos Vela,2,80 min 13 sec,96.0,54.0,27.78,14.25,14.0,Left Foot,direct,2,0.0396,0
f34f3ceecb885995a3982952bb5021f6,7566,FIFA World Cup,2018-2018,Sweden,Emil Peter Forsberg,1,4 min 59 sec,114.0,17.0,23.77,5.0,23.0,Right Foot,direct,3,0.0079,0
081f211bc4158690d21b8adec75c51cc,7567,FIFA World Cup,2018-2018,South Korea,Jung Woo-Young,1,18 min 21 sec,87.0,49.0,34.21,12.89,9.0,Right Foot,direct,1,0.019,0
3d954e5b20f379923e0e62c3010ce46a,7569,FIFA World Cup,2018-2018,Panama,Édgar Yoel Bárcenas,2,95 min 20 sec,94.0,50.0,27.86,15.31,10.0,Right Foot,direct,2,0.0522,0
ca7e547894dc707701df247693e2e2f5,7570,FIFA World Cup,2018-2018,England,Trent Alexander-Arnold,2,53 min 19 sec,93.0,42.0,27.07,16.77,2.0,Right Foot,direct,2,0.0627,0
18b4140156cace1bebcac9a4077dd945,7570,FIFA World Cup,2018-2018,England,Marcus Rashford,2,80 min 24 sec,92.0,55.0,31.76,12.71,15.0,Right Foot,direct,3,0.0172,0
13cece83a4d5478b4bd7725ecb57b933,7571,FIFA World Cup,2018-2018,Senegal,Sadio Mané,2,63 min 4 sec,95.0,51.0,27.31,15.32,11.0,Right Foot,direct,1,0.0472,0
3c9e3f101b973c797e8ce033ddba48d1,7571,FIFA World Cup,2018-2018,Colombia,Juan Fernando Quintero,1,11 min 55 sec,96.0,53.0,27.29,14.76,13.0,Left Foot,direct,7,0.0482,0
b71965bd5432eab0ab4adfc6b5c0e146,7576,FIFA World Cup,2018-2018,Spain,David Silva,1,28 min 26 sec,100.0,54.0,24.41,15.42,14.0,Left Foot,direct,4,0.0575,0
41034ac17200308a40a232bbc8357257,7576,FIFA World Cup,2018-2018,Portugal,Cristiano Ronaldo,2,87 min 2 sec,96.0,44.0,24.33,18.43,4.0,Right Foot,direct,70,0.0868,1
61d536022c94ff855adeea6850354c22,7576,FIFA World Cup,2018-2018,Portugal,Cristiano Ronaldo,1,17 min 53 sec,99.0,63.0,31.14,9.99,23.0,Right Foot,direct,70,0.009,0
23e84f130f5a228aaca3b0c032d25b35,7577,FIFA World Cup,2018-2018,Iran,Alireza Jahanbakhsh,1,34 min 40 sec,84.0,47.0,36.67,12.23,7.0,Right Foot,direct,1,0.0081,0
5e044fee68357fdd89a0c1e6db2ef854,7577,FIFA World Cup,2018-2018,Iran,Ehsan Hajsafi,1,44 min 8 sec,82.0,42.0,38.05,11.99,2.0,Left Foot,direct,1,0.0069,0
898a6557d46f3b7fcc53d43c2e1b2635,7578,FIFA World Cup,2018-2018,Uruguay,Luis Suárez,1,31 min 31 sec,88.0,38.0,32.06,14.2,2.0,Right Foot,direct,26,0.0274,0
2327799329e01bf5eee3819cfd503cd1,7578,FIFA World Cup,2018-2018,Uruguay,Edinson Cavani,2,87 min 46 sec,98.0,21.0,29.07,11.99,19.0,Right Foot,direct,5,0.0114,0
3bc63db51f03a9a2eb49d3da65bdbb54,7579,FIFA World Cup,2018-2018,Uruguay,Luis Suárez,1,21 min 33 sec,91.0,41.0,29.02,15.69,1.0,Right Foot,direct,26,0.0439,0
ef4903156922d9abb00dc45cb7750480,7579,FIFA World Cup,2018-2018,Portugal,Cristiano Ronaldo,1,31 min 34 sec,95.0,33.0,25.96,16.91,7.0,Right Foot,direct,70,0.0664,0
9fde2b9f27550f7c6ce17760fe9335cf,7580,FIFA World Cup,2018-2018,France,Antoine Griezmann,1,8 min 24 sec,95.0,50.0,26.93,15.75,10.0,Left Foot,direct,16,0.0655,0
304fc6b755ef3b017ac437eefa974f50,7580,FIFA World Cup,2018-2018,Argentina,Lionel Messi,2,65 min 57 sec,95.0,24.0,29.68,13.02,16.0,Left Foot,direct,473,0.0302,0
68c60b99e81a888d57967f1c9834e366,7580,FIFA World Cup,2018-2018,France,Paul Pogba,1,20 min 33 sec,102.0,33.0,19.31,21.97,7.0,Right Foot,direct,16,0.091,0
e3d44a9cbef6d33a4b6e23dc471b4c01,7581,FIFA World Cup,2018-2018,Croatia,Ivan Perišić,1,11 min 34 sec,101.0,55.0,24.21,14.93,15.0,Left Foot,direct,5,0.0631,0
52be435f52e09da8ea9c683b53db2c16,7583,FIFA World Cup,2018-2018,Brazil,Neymar,1,39 min 6 sec,90.0,27.0,32.7,12.84,13.0,Right Foot,direct,40,0.0179,0
a779921777a2abb0571fd5be0bd5b520,7584,FIFA World Cup,2018-2018,Japan,Keisuke Honda,2,92 min 59 sec,79.0,39.0,41.01,11.14,1.0,Left Foot,direct,8,0.0061,0
e70912de9bc3a8f9f6ca347ffc464a56,7585,FIFA World Cup,2018-2018,England,Kieran Trippier,1,41 min 16 sec,99.0,31.0,22.85,18.37,9.0,Right Foot,direct,5,0.0893,0
2310d96ae84efec0eedbab5ee93bc26f,7585,FIFA World Cup,2018-2018,England,Ashley Young,1,5 min 22 sec,115.0,18.0,22.56,4.64,22.0,Right Foot,direct,3,0.0098,0
90ca4ec76ce06584289061bf445434eb,7586,FIFA World Cup,2018-2018,Sweden,Emil Peter Forsberg,2,63 min 18 sec,104.0,16.0,28.84,8.91,24.0,Right Foot,direct,3,0.0084,0
5273af6e83cd61d80238feaf68d62349,7586,FIFA World Cup,2018-2018,Sweden,Emil Peter Forsberg,1,39 min 33 sec,90.0,51.0,31.95,13.43,11.0,Right Foot,direct,3,0.0294,0
fe8ecb4ac5af947fb6e7fe094a5f85ff,7586,FIFA World Cup,2018-2018,Sweden,Ola Toivonen,2,96 min 12 sec,102.0,38.0,18.11,24.78,2.0,Right Foot,direct,1,0.1069,0
afd68daa82c7a047cc44dd41c8a8f343,8649,FIFA World Cup,2018-2018,France,Antoine Griezmann,2,88 min 37 sec,90.0,44.0,30.27,14.93,4.0,Left Foot,direct,16,0.0325,0
952e6cfecdb01c56e9bd1a2b9a62e5ce,8650,FIFA World Cup,2018-2018,Belgium,Kevin De Bruyne,1,40 min 36 sec,99.0,20.0,29.0,11.51,20.0,Right Foot,direct,9,0.0136,0
53969b556b0d71cc53a914bce7f1e649,8651,FIFA World Cup,2018-2018,Sweden,Ludwig Augustinsson,2,89 min 57 sec,100.0,50.0,22.36,18.29,10.0,Left Foot,direct,1,0.0818,0
64008b8a735605dffb121cc32d910ada,8652,FIFA World Cup,2018-2018,Croatia,Ivan Rakitić,1,15 min 54 sec,98.0,23.0,27.8,13.09,17.0,Right Foot,direct,6,0.0455,0
4af12dff30db90b0d86be090e3223398,8655,FIFA World Cup,2018-2018,France,Antoine Griezmann,1,44 min 10 sec,96.0,57.0,29.41,12.74,17.0,Left Foot,direct,16,0.0289,0
3f07e000951e159dad6259207f1ec333,8656,FIFA World Cup,2018-2018,England,Kieran Trippier,1,4 min 46 sec,96.0,43.0,24.19,18.65,3.0,Right Foot,direct,5,0.0876,1
004922e47f07d90a0416653ba68c4f9d,22912,Champions League,2018-2019,Tottenham Hotspur,Christian Eriksen,2,84 min 7 sec,104.0,16.9,28.1,9.39,23.1,Right Foot,direct,28,0.0086,0
1d4ac1cb2e52a1a9b8c6378d37174e01,15946,La Liga,2018-2019,Barcelona,Lionel Messi,1,37 min 28 sec,96.5,52.6,26.66,15.14,12.6,Left Foot,direct,473,0.0491,0
ae25da4f4d20a4c9efb4d2db246d5b15,15946,La Liga,2018-2019,Barcelona,Lionel Messi,2,63 min 12 sec,97.8,45.4,22.85,19.34,5.4,Left Foot,direct,473,0.0832,1
985586116c43228ba6dc4658649e9697,15956,La Liga,2018-2019,Barcelona,Lionel Messi,1,42 min 28 sec,94.9,38.6,25.14,18.06,1.4,Left Foot,direct,473,0.0644,0
56c55f9f49634089a09c252799ddaf91,15973,La Liga,2018-2019,Barcelona,Lionel Messi,1,34 min 46 sec,88.6,47.1,32.19,13.83,7.1,Left Foot,direct,473,0.0294,0
4e72b601068640f2775c89e9f9d75b3a,15973,La Liga,2018-2019,Barcelona,Lionel Messi,2,77 min 23 sec,96.5,49.4,25.31,16.75,9.4,Left Foot,direct,473,0.0625,0
e7716b49b7683f2685531f0f6984b91a,15986,La Liga,2018-2019,Girona,Aday Benítez,1,36 min 18 sec,87.4,45.2,33.01,13.65,5.2,Right Foot,direct,1,0.0287,0
0f932941d79bf35b1eb15baa20d90448,15986,La Liga,2018-2019,Barcelona,Lionel Messi,2,68 min 54 sec,93.8,38.8,26.23,17.33,1.2,Left Foot,direct,473,0.061,0
398efbd046d1387ad2c04ec9c413b03c,15986,La Liga,2018-2019,Barcelona,Lionel Messi,2,61 min 42 sec,97.6,57.2,28.24,12.91,17.2,Left Foot,direct,473,0.0302,0
b8500104f6625e7d2a68b2e09666a315,15986,La Liga,2018-2019,Barcelona,Lionel Messi,1,39 min 34 sec,92.6,27.1,30.28,13.67,12.9,Left Foot,direct,473,0.0319,0
41e6edc6cebeba675ac77e38af656f7b,15986,La Liga,2018-2019,Barcelona,Lionel Messi,2,59 min 35 sec,91.9,40.3,28.1,16.2,0.3,Left Foot,direct,473,0.0461,0
badb8d184e3a97525277f725ae47f3cf,16010,La Liga,2018-2019,Barcelona,Lionel Messi,2,71 min 22 sec,94.6,47.4,26.46,16.55,7.4,Left Foot,direct,473,0.0612,0
c371a99fcf079dba41afe4ad6f669666,16010,La Liga,2018-2019,Barcelona,Luis Suárez,1,6 min 37 sec,88.7,28.5,33.35,12.87,11.5,Right Foot,direct,26,0.0204,0
bba9bb8a8e7eefd71a19e22c33c6a0fa,16023,La Liga,2018-2019,Barcelona,Lionel Messi,2,71 min 42 sec,89.8,50.0,31.81,13.63,10.0,Left Foot,direct,473,0.0291,0
4931b0d70faa964f78c2305373b95960,16029,La Liga,2018-2019,Barcelona,Philippe Coutinho,2,82 min 44 sec,86.5,44.2,33.76,13.41,4.2,Right Foot,direct,9,0.027,0
1f9b9b14bd0dc0d8788192f75e0a94e4,16056,La Liga,2018-2019,Barcelona,Lionel Messi,1,26 min 56 sec,88.2,41.0,31.82,14.32,1.0,Left Foot,direct,473,0.025,0
835ab67d54ba89a1fe127d9e772a42d5,16056,La Liga,2018-2019,Real Betis,Sergio Canales,2,73 min 40 sec,92.8,37.0,27.36,16.54,3.0,Left Foot,direct,6,0.0621,0
560f71d2589bd875ae901c5aadcaf104,16073,La Liga,2018-2019,Barcelona,Lionel Messi,1,39 min 59 sec,97.2,59.9,30.26,11.46,19.9,Left Foot,direct,473,0.0117,0
bf96034db5fa057dbc31aae2cedbe9c5,16073,La Liga,2018-2019,Barcelona,Lionel Messi,2,86 min 45 sec,91.9,41.2,28.13,16.17,1.2,Left Foot,direct,473,0.0462,0
508357ab811e423b8e35f0a927206e41,16073,La Liga,2018-2019,Atlético Madrid,Antoine Griezmann,2,82 min 39 sec,97.6,53.5,26.15,15.02,13.5,Left Foot,direct,16,0.0558,0
52e245b6093c8189101af57df7865349,16073,La Liga,2018-2019,Barcelona,Lionel Messi,2,81 min 12 sec,94.0,52.5,28.85,14.3,12.5,Left Foot,direct,473,0.0502,0
2f7b96d1c0833b7ea4c910c6986867f6,16079,La Liga,2018-2019,Villarreal,Santi Cazorla,2,68 min 18 sec,94.8,50.0,27.11,15.66,10.0,Left Foot,direct,3,0.0544,0
a653ebcf02283764a658b2a87087e2c1,16079,La Liga,2018-2019,Barcelona,Lionel Messi,1,11 min 37 sec,93.3,35.6,27.06,16.61,4.4,Left Foot,direct,473,0.0623,0
3853ffdb4ee494a2ca7259b463d2d073,16079,La Liga,2018-2019,Barcelona,Lionel Messi,1,26 min 57 sec,93.1,34.6,27.44,16.28,5.4,Left Foot,direct,473,0.0563,0
ae9d421fc543415418da0c3e755877f4,16086,La Liga,2018-2019,Barcelona,Lionel Messi,2,64 min 27 sec,92.8,28.1,29.69,14.11,11.9,Left Foot,direct,473,0.0434,1
fadc88ae320ea061a1c02d62e8e481fc,16086,La Liga,2018-2019,Barcelona,Luis Suárez,2,55 min 13 sec,88.2,32.7,32.63,13.64,7.3,Right Foot,direct,26,0.0309,0
0148295073e8b28eed1ab386e9d47de2,16086,La Liga,2018-2019,Barcelona,Lionel Messi,1,16 min 41 sec,92.9,42.9,27.25,16.61,2.9,Left Foot,direct,473,0.0652,1
23d9ed5e206fe9f15d75093a751df403,16095,La Liga,2018-2019,Barcelona,Lionel Messi,1,25 min 29 sec,94.7,50.2,27.28,15.53,10.2,Left Foot,direct,473,0.0465,0
30066027cdbc67859907586bbf8e9b8e,16095,La Liga,2018-2019,Barcelona,Lionel Messi,2,77 min 56 sec,95.3,48.2,26.03,16.64,8.2,Left Foot,direct,473,0.0617,0
256b6168a9bd058d41fbda8b3539c368,16095,La Liga,2018-2019,Levante UD,Rubén Rochina,1,27 min 21 sec,93.6,56.4,31.08,12.53,16.4,Left Foot,direct,12,0.0155,0
7c3dcd4757c0aa4501734018f2ab0b84,16095,La Liga,2018-2019,Levante UD,Enis Bardhi,2,56 min 58 sec,89.5,34.7,30.96,14.52,5.3,Right Foot,direct,3,0.0322,0
f60fad893feae53e9345888ba27a3f6b,16109,La Liga,2018-2019,Barcelona,Lionel Messi,2,91 min 35 sec,99.1,28.4,23.9,16.75,11.6,Left Foot,direct,473,0.0662,0
2a2845faec67264a342503a953c3e3a4,16120,La Liga,2018-2019,Barcelona,Lionel Messi,2,85 min 15 sec,88.3,51.0,33.55,12.87,11.0,Left Foot,direct,473,0.0213,0
04812fc04cb8bade5a197c57330aaf41,16120,La Liga,2018-2019,Barcelona,Lionel Messi,2,62 min 15 sec,95.8,30.9,25.85,16.53,9.1,Left Foot,direct,473,0.0638,0
5bc3c86398c7031b5adaadcf8f29f52f,16136,La Liga,2018-2019,Leganés,Óscar Rodríguez,2,60 min 47 sec,91.5,35.0,28.94,15.52,5.0,Right Foot,direct,1,0.0429,0
8c2a6d16493e27473cefb3d668d35fbc,16136,La Liga,2018-2019,Barcelona,Luis Suárez,1,26 min 14 sec,87.6,35.4,32.72,13.8,4.6,Right Foot,direct,26,0.0264,0
08180bdac21f35913c15283191415a33,16149,La Liga,2018-2019,Barcelona,Lionel Messi,1,30 min 4 sec,98.2,34.3,22.53,19.53,5.7,Left Foot,direct,473,0.0872,0
e3477a0465650215785e9c4265b24238,16149,La Liga,2018-2019,Barcelona,Lionel Messi,2,46 min 3 sec,91.5,53.4,31.49,13.15,13.4,Left Foot,direct,473,0.0282,0
7fb34bb553fb33dc963b19a9c74180ee,16157,La Liga,2018-2019,Barcelona,Lionel Messi,1,7 min 6 sec,94.8,43.6,25.46,17.69,3.6,Left Foot,direct,473,0.077,0
836e96b03da3582d98ff913d1e39deaa,16157,La Liga,2018-2019,Barcelona,Philippe Coutinho,2,72 min 0 sec,90.2,26.0,32.92,12.58,14.0,Right Foot,direct,9,0.0145,0
9e0b521502b5b9f4444a2972e8c6a12f,16157,La Liga,2018-2019,Valencia,Dani Parejo,2,81 min 15 sec,97.1,53.2,26.43,15.02,13.2,Right Foot,direct,20,0.0557,0
d2fa2cddc5de610952451cf1a68e7093,16173,La Liga,2018-2019,Barcelona,Lionel Messi,2,52 min 50 sec,90.6,32.3,30.39,14.53,7.7,Left Foot,direct,473,0.0393,0
aad228dcfdac21b439bd33943239708b,16190,La Liga,2018-2019,Sevilla,Pablo Sarabia,1,16 min 36 sec,100.7,61.8,29.12,10.52,21.8,Left Foot,direct,6,0.009,0
7e41c53c1c81498246702ccec0302960,16196,La Liga,2018-2019,Barcelona,Lionel Messi,1,36 min 35 sec,93.9,38.4,26.15,17.36,1.6,Left Foot,direct,473,0.0627,0
568c486d1adc5c71abeb4eeff9eb368c,16196,La Liga,2018-2019,Real Madrid,Gareth Bale,1,2 min 36 sec,96.0,42.0,24.08,18.8,2.0,Left Foot,direct,7,0.0808,0
ffcf3555262ec6934a0ba80e5cb4b5f0,16196,La Liga,2018-2019,Barcelona,Lionel Messi,1,41 min 31 sec,92.6,57.4,32.46,11.93,17.4,Left Foot,direct,473,0.0104,0
52ace2ceef6a805b1ca09c829f10e01f,16205,La Liga,2018-2019,Barcelona,Lionel Messi,2,68 min 54 sec,97.4,31.7,24.08,17.78,8.3,Left Foot,direct,473,0.0804,0
39a4fb0bffcbadaf7f9852c349560db0,16205,La Liga,2018-2019,Barcelona,Lionel Messi,2,84 min 44 sec,90.1,43.1,30.06,15.08,3.1,Left Foot,direct,473,0.0346,0
a46680bdac637f1453150a1274b5943f,16215,La Liga,2018-2019,Barcelona,Lionel Messi,1,24 min 28 sec,94.0,46.1,26.71,16.61,6.1,Left Foot,direct,473,0.0626,0
cf60d704d4e49556f0f0a235f48c41e0,16215,La Liga,2018-2019,Barcelona,Lionel Messi,1,17 min 13 sec,95.6,44.4,24.79,18.06,4.4,Left Foot,direct,473,0.0847,1
2d06da7ddb0730834a1cb6685217fab3,16215,La Liga,2018-2019,Real Betis,Sergio Canales,2,52 min 10 sec,100.9,60.5,28.02,11.24,20.5,Left Foot,direct,6,0.0119,0
89fd2db9539efda356665f0264e046a1,16231,La Liga,2018-2019,Espanyol,Esteban Granero,2,94 min 35 sec,98.6,23.2,27.21,13.3,16.8,Right Foot,direct,1,0.044,0
02e87fca21647f1c976cd2ae5eee243c,16231,La Liga,2018-2019,Barcelona,Lionel Messi,2,70 min 40 sec,101.4,44.2,19.07,23.17,4.2,Left Foot,direct,473,0.1,1
3a545a9083af3388155526daab238276,16231,La Liga,2018-2019,Barcelona,Lionel Messi,1,35 min 37 sec,90.3,39.5,29.7,15.34,0.5,Left Foot,direct,473,0.038,0
7fb04cab627719883ebf0a1274d3fa56,16240,La Liga,2018-2019,Barcelona,Luis Suárez,1,47 min 13 sec,89.5,33.2,31.25,14.25,6.8,Right Foot,direct,26,0.0356,0
593a91037d825df29973a31388cf8aa8,16240,La Liga,2018-2019,Villarreal,Santi Cazorla,1,43 min 8 sec,97.5,41.3,22.54,20.1,1.3,Right Foot,direct,3,0.0914,0
3e7ee132fa5018affda8451d78595f92,16240,La Liga,2018-2019,Barcelona,Lionel Messi,2,89 min 50 sec,100.4,43.1,19.84,22.54,3.1,Left Foot,direct,473,0.1124,1
7312e95ed6fb2bece70cd0ca24e630a5,16248,La Liga,2018-2019,Barcelona,Lionel Messi,1,22 min 51 sec,94.3,46.8,26.58,16.58,6.8,Left Foot,direct,473,0.0637,0
81228ac8700e13dbdf90c184ea6b3f4c,16248,La Liga,2018-2019,Atlético Madrid,Antoine Griezmann,2,67 min 23 sec,99.7,60.6,28.92,11.2,20.6,Left Foot,direct,16,0.0107,0
fe77c8542c4f933d64e898446f428a91,16265,La Liga,2018-2019,Barcelona,Lionel Messi,1,26 min 23 sec,97.9,47.4,23.31,18.54,7.4,Left Foot,direct,473,0.0802,0
b882cd52eba6e1d55c353d52c5698589,16265,La Liga,2018-2019,Barcelona,Lionel Messi,1,10 min 0 sec,94.3,28.7,28.07,14.91,11.3,Left Foot,direct,473,0.0505,0
5e3e0b4b7f173ffdcc51ba5a7fc78beb,16275,La Liga,2018-2019,Barcelona,Luis Suárez,2,48 min 31 sec,98.1,54.3,26.16,14.69,14.3,Right Foot,direct,26,0.0502,0
c70dae35d44f9b777d7cf9c2fbe04e01,16289,La Liga,2018-2019,Barcelona,Philippe Coutinho,1,40 min 2 sec,99.3,26.0,24.99,15.22,14.0,Right Foot,direct,9,0.0627,0
952e4fb06c6df6ec0b93de2c26d8f398,16289,La Liga,2018-2019,Levante UD,Jason,2,70 min 29 sec,94.1,37.8,25.99,17.44,2.2,Right Foot,direct,1,0.0661,0
cc7dd0dcf0b6d3a4410c790493110e78,16289,La Liga,2018-2019,Levante UD,Enis Bardhi,2,68 min 46 sec,101.1,25.9,23.58,15.64,14.1,Right Foot,direct,3,0.0624,0
f8f29efef7803c2f7bcea3dc5b3c46ff,16317,La Liga,2018-2019,Barcelona,Lionel Messi,1,26 min 58 sec,86.5,45.1,33.89,13.32,5.1,Left Foot,direct,473,0.0246,0
6ceafcc4b516cd14523c584977190906,303377,La Liga,2019-2020,Barcelona,Lionel Messi,1,42 min 9 sec,87.3,45.3,33.13,13.6,5.3,Left Foot,direct,473,0.0294,0
febaca2c408fbcfe7eab170403895569,303377,La Liga,2019-2020,Getafe,Mauro Arambarri,2,49 min 47 sec,84.7,35.2,35.62,12.7,4.8,Right Foot,direct,2,0.0122,0
d8b9efd0837f7f37e5d1e8c12e1e14e8,303400,La Liga,2019-2020,Barcelona,Lionel Messi,2,91 min 15 sec,93.5,52.0,29.09,14.32,12.0,Left Foot,direct,473,0.0412,0
96867b375dd0141561456db56d57d8c2,303400,La Liga,2019-2020,Barcelona,Lionel Messi,2,72 min 54 sec,99.1,29.9,23.21,17.73,10.1,Left Foot,direct,473,0.0837,0
8dafcd57b1d82c569f75a0aac1a4fb7d,303400,La Liga,2019-2020,Barcelona,Lionel Messi,1,27 min 26 sec,91.6,49.6,29.98,14.43,9.6,Left Foot,direct,473,0.0363,0
9cb2ca75cfb4c3086cafce123bd71b78,303400,La Liga,2019-2020,Barcelona,Lionel Messi,1,35 min 28 sec,87.7,44.6,32.63,13.85,4.6,Left Foot,direct,473,0.0223,0
f2089ba21c7c105700c689e3945d9790,303421,La Liga,2019-2020,Barcelona,Lionel Messi,1,20 min 42 sec,96.2,49.5,25.63,16.55,9.5,Left Foot,direct,473,0.0666,0
4c7ca369004eb49f507eda978a298aa2,303430,La Liga,2019-2020,Barcelona,Gerard Piqué,2,89 min 27 sec,98.7,25.0,26.05,14.42,15.0,Right Foot,direct,1,0.047,0
7afd9a146239dee6d5356d86ef2bcbc4,303470,La Liga,2019-2020,Real Madrid,Sergio Ramos,2,88 min 51 sec,99.7,39.1,20.32,22.25,0.9,Right Foot,direct,3,0.0852,0
2cff8c848f271e3db287d071cc53577e,303473,La Liga,2019-2020,Barcelona,Lionel Messi,2,77 min 22 sec,97.7,51.3,25.0,16.33,11.3,Left Foot,direct,473,0.0712,1
80ed7d44cba6bc7d6b7795d38197b87b,303473,La Liga,2019-2020,Barcelona,Lionel Messi,1,22 min 29 sec,93.6,55.9,30.82,12.74,15.9,Left Foot,direct,473,0.0217,0
7cbc07dbb1c75ebed938693e036d57d7,303473,La Liga,2019-2020,Sevilla,Joan Jordán,2,89 min 30 sec,95.3,39.8,24.7,18.4,0.2,Right Foot,direct,3,0.0886,0
1d47ae02bbf52ad46aa005b323d22f60,303473,La Liga,2019-2020,Barcelona,Lionel Messi,1,34 min 1 sec,96.3,54.5,27.78,14.08,14.5,Left Foot,direct,473,0.0372,0
c0c4a6f2739d3bca02014012c4a02997,303479,La Liga,2019-2020,Barcelona,Lionel Messi,2,56 min 58 sec,94.1,31.9,27.14,16.05,8.1,Left Foot,direct,473,0.057,0
d32128696b39dc1d2a5bcd823708e8e8,303487,La Liga,2019-2020,Barcelona,Lionel Messi,1,45 min 57 sec,93.5,43.4,26.72,16.9,3.4,Left Foot,direct,473,0.0698,1
22ea82ac4fc8bcccd51ada6b7c0f5652,303487,La Liga,2019-2020,Celta Vigo,Iago Aspas,1,25 min 16 sec,95.5,48.7,26.0,16.54,8.7,Left Foot,direct,7,0.0726,0
da675c431f7ef22d7430955e42835727,303487,La Liga,2019-2020,Celta Vigo,Lucas Olaza,1,41 min 22 sec,95.0,41.8,25.06,18.09,1.8,Left Foot,direct,2,0.081,1
c91ff4d2c3ab7f7b0e1ac1feefc72413,303487,La Liga,2019-2020,Celta Vigo,Lucas Olaza,2,87 min 58 sec,100.4,60.8,28.58,11.08,20.8,Left Foot,direct,2,0.0104,0
26099fd6a5ca0eefadf558aa7c6f3d67,303487,La Liga,2019-2020,Barcelona,Lionel Messi,2,47 min 47 sec,95.4,43.1,24.79,18.19,3.1,Left Foot,direct,473,0.0782,1
337daf7ec1885bd85025f3cce347f800,303493,La Liga,2019-2020,Barcelona,Lionel Messi,2,86 min 14 sec,89.7,40.4,30.3,15.04,0.4,Left Foot,direct,473,0.0335,0
2bf205f7ffdd4bac5ff62aa81e0d1b38,303493,La Liga,2019-2020,Barcelona,Lionel Messi,2,95 min 20 sec,98.5,52.8,25.02,15.74,12.8,Left Foot,direct,473,0.0614,0
1f6effb75c6d631fe7e806f2b33274b1,303516,La Liga,2019-2020,Barcelona,Lionel Messi,2,75 min 23 sec,93.4,46.4,27.36,16.2,6.4,Left Foot,direct,473,0.056,0
b13fe0afe4daa418b7c9a0defafbd379,303516,La Liga,2019-2020,Celta Vigo,Iago Aspas,2,87 min 37 sec,100.8,28.2,22.54,17.34,11.8,Left Foot,direct,7,0.0703,1
2d8f4a200d9f06bbe7d81175028ae7c4,303517,La Liga,2019-2020,Barcelona,Lionel Messi,2,85 min 2 sec,91.1,48.0,29.99,14.67,8.0,Left Foot,direct,473,0.0371,0
849c8bc5d6fc16c104f8205bcdb80f26,303532,La Liga,2019-2020,Barcelona,Lionel Messi,2,50 min 19 sec,89.8,52.9,32.84,12.81,12.9,Left Foot,direct,473,0.0185,0
841a881fca7c5f1f6d4fb68192584e2d,303532,La Liga,2019-2020,Barcelona,Ivan Rakitić,2,80 min 27 sec,109.4,15.2,26.97,6.8,24.8,Right Foot,direct,6,0.0073,0
1496d3e8ac61b216dc6bb95fe779f996,303548,La Liga,2019-2020,Mallorca,Takefusa Kubo,1,31 min 8 sec,97.2,44.5,23.24,19.19,4.5,Left Foot,direct,1,0.083,0
14b43440612517ffe57655781dedb16d,303596,La Liga,2019-2020,Barcelona,Lionel Messi,2,66 min 24 sec,88.2,34.3,32.31,13.9,5.7,Left Foot,direct,473,0.0286,0
bcc1fa1e9818dfcd9575146cb6638e13,303600,La Liga,2019-2020,Barcelona,Lionel Messi,1,13 min 10 sec,87.2,40.1,32.8,13.91,0.1,Left Foot,direct,473,0.0239,0
18aa8cc03994f983d0f7bc74ea4e3c60,303600,La Liga,2019-2020,Real Valladolid,Pablo Hervías,2,87 min 41 sec,88.2,46.5,32.46,13.78,6.5,Right Foot,direct,2,0.0283,0
ad4f8a15e0f4fc379b12b8aefaeb68b2,303600,La Liga,2019-2020,Barcelona,Lionel Messi,1,33 min 37 sec,93.1,50.2,28.77,14.85,10.2,Left Foot,direct,473,0.055,1
31ae2807c481aa668000dd5bfc1a8e3c,303600,La Liga,2019-2020,Barcelona,Lionel Messi,1,45 min 36 sec,101.3,58.1,26.02,12.75,18.1,Left Foot,direct,473,0.0321,0
3b966099f4060774980d16719e623de7,303610,La Liga,2019-2020,Barcelona,Lionel Messi,1,13 min 0 sec,93.9,42.6,26.23,17.26,2.6,Left Foot,direct,473,0.062,0
b3aabb75542268d9e1c35080a9ec823b,303610,La Liga,2019-2020,Granada,Álvaro Vadillo,2,64 min 30 sec,91.6,33.5,29.13,15.26,6.5,Right Foot,direct,2,0.0409,0
f63725608bd3b7215d15e9fa259ede2a,303610,La Liga,2019-2020,Barcelona,Lionel Messi,1,23 min 0 sec,95.7,53.0,27.56,14.65,13.0,Left Foot,direct,473,0.0455,0
8e647a7f9aaf03c48d7d723ee81a613a,303610,La Liga,2019-2020,Barcelona,Lionel Messi,2,62 min 31 sec,101.6,46.8,19.62,21.76,6.8,Left Foot,direct,473,0.0947,0
8ea0a2ebbd8078588fc85049c6794395,303615,La Liga,2019-2020,Barcelona,Lionel Messi,2,73 min 30 sec,106.3,62.8,26.6,9.01,22.8,Left Foot,direct,473,0.0098,0
3831485acc781aacaf8d2b612c3d3217,303615,La Liga,2019-2020,Barcelona,Lionel Messi,1,21 min 55 sec,96.3,55.7,28.43,13.46,15.7,Left Foot,direct,473,0.0388,0
ab4b7e44ca21d3ffe082fdd0a43fdd62,303615,La Liga,2019-2020,Espanyol,Adri Embarba,2,65 min 48 sec,95.3,55.2,29.0,13.47,15.2,Right Foot,direct,1,0.0378,0
0c223d3be0c0a585f97790fbc268f18d,303634,La Liga,2019-2020,Barcelona,Lionel Messi,2,61 min 19 sec,94.5,34.9,26.0,17.17,5.1,Left Foot,direct,473,0.064,1
4d753cc7e6c0aadda3ad7829df6eb2e8,303634,La Liga,2019-2020,Barcelona,Lionel Messi,2,49 min 28 sec,94.2,43.3,26.01,17.35,3.3,Left Foot,direct,473,0.0652,0
235c1f2cef69546ea770ec678879e88e,303634,La Liga,2019-2020,Barcelona,Lionel Messi,1,21 min 50 sec,98.0,57.4,28.05,12.86,17.4,Left Foot,direct,473,0.0296,0
50fd43dfd1bccec61dd4aa1c9256d3a1,303634,La Liga,2019-2020,Barcelona,Lionel Messi,2,96 min 2 sec,95.0,63.0,33.97,9.97,23.0,Left Foot,direct,473,0.009,0
101e08b49ce8bde06d4e713431b3c7f7,303634,La Liga,2019-2020,Barcelona,Lionel Messi,1,31 min 10 sec,90.7,39.0,29.32,15.53,1.0,Left Foot,direct,473,0.0386,0
1e76cb2620472e1711c887e54e4b6b49,303652,La Liga,2019-2020,Barcelona,Lionel Messi,1,42 min 49 sec,95.9,58.3,30.26,12.1,18.3,Left Foot,direct,473,0.0112,0
c23406b5901c55b20d83bb166f68efdd,303666,La Liga,2019-2020,Barcelona,Luis Suárez,1,20 min 33 sec,97.0,35.7,23.4,19.1,4.3,Right Foot,direct,26,0.0822,0
2b56bd21c649e7c6da07c69cfe276065,303666,La Liga,2019-2020,Barcelona,Lionel Messi,2,49 min 48 sec,88.1,31.1,33.12,13.29,8.9,Left Foot,direct,473,0.0274,0
d0125825cbe5dfc8b2d0e09a7428e19a,303666,La Liga,2019-2020,Granada,Álvaro Vadillo,2,91 min 42 sec,97.4,48.2,24.04,17.83,8.2,Right Foot,direct,2,0.0811,0
2a96023272e527b911734184f22c662f,303674,La Liga,2019-2020,Barcelona,Lionel Messi,1,23 min 0 sec,90.0,34.1,30.57,14.64,5.9,Left Foot,direct,473,0.0404,0
f1b07bcc05d475003f82f6bfb21fcc71,303674,La Liga,2019-2020,Barcelona,Lionel Messi,1,20 min 37 sec,100.4,54.7,24.5,15.02,14.7,Left Foot,direct,473,0.0568,0
40e7d4e267fd7b944d81ac2631536173,303674,La Liga,2019-2020,Barcelona,Lionel Messi,2,72 min 46 sec,90.2,35.7,30.11,14.99,4.3,Left Foot,direct,473,0.0412,0
7719748dbfcd58d78146cca35e23d36c,303680,La Liga,2019-2020,Barcelona,Lionel Messi,2,62 min 28 sec,95.8,55.7,28.85,13.34,15.7,Left Foot,direct,473,0.0385,0
f23de02369f866c6616bde1984ea7655,303680,La Liga,2019-2020,Real Valladolid,Rubén Alcaraz,1,17 min 57 sec,97.1,53.3,26.48,14.97,13.3,Right Foot,direct,2,0.0507,0
97b6aec0c986496757ab05246550462e,303696,La Liga,2019-2020,Barcelona,Lionel Messi,1,10 min 33 sec,116.1,64.0,24.31,3.1,24.0,Left Foot,direct,473,0.0079,0
a279a147fabc53e981fdd1b47da28378,303696,La Liga,2019-2020,Barcelona,Lionel Messi,1,41 min 49 sec,92.7,51.2,29.51,14.33,11.2,Left Foot,direct,473,0.0366,0
747a79fea2c3e23b00695caa9bd928ae,303700,La Liga,2019-2020,Barcelona,Lionel Messi,2,82 min 46 sec,94.3,39.1,25.72,17.67,0.9,Left Foot,direct,473,0.0769,0
1f70f9acfc60bcf77315fab6ade0726d,303725,La Liga,2019-2020,Barcelona,Lionel Messi,1,18 min 5 sec,89.5,45.9,31.07,14.42,5.9,Left Foot,direct,473,0.0386,0
0183947e88129231efb75babfcd8dee4,303725,La Liga,2019-2020,Barcelona,Lionel Messi,2,92 min 2 sec,96.7,38.3,23.36,19.38,1.7,Left Foot,direct,473,0.0744,0
138cd10531e4ee06079417c0f49e9784,303731,La Liga,2019-2020,Eibar,Cote,2,60 min 24 sec,100.9,57.3,25.77,13.27,17.3,Left Foot,direct,1,0.0444,0
372afb990b6ca1f8937512f4dd76cb30,303731,La Liga,2019-2020,Barcelona,Lionel Messi,2,78 min 27 sec,91.4,37.9,28.68,15.84,2.1,Left Foot,direct,473,0.0436,0
6e8dcc4458db4ee491c248d18f2bca1a,3788743,UEFA Euro,2020-2020,Russia,Aleksey Miranchuk,2,90 min 31 sec,101.6,53.9,23.06,15.93,13.9,Left Foot,direct,1,0.0661,0
a09a1852132a3789736ba800997e5810,3788745,UEFA Euro,2020-2020,England,Mason Mount,2,66 min 41 sec,95.3,49.3,26.39,16.19,9.3,Right Foot,direct,1,0.058,0
ae683466ce6ae479bc7f694227a1bd09,3788745,UEFA Euro,2020-2020,England,Kieran Trippier,1,42 min 29 sec,97.6,31.1,24.1,17.6,8.9,Right Foot,direct,5,0.0725,0
ae6ee18ae243f0dbbef99be2b9662077,3788749,UEFA Euro,2020-2020,Poland,Robert Lewandowski,2,57 min 58 sec,98.9,20.8,28.53,11.95,19.2,Right Foot,direct,3,0.0128,0
d6fa9f3146ada6d98c0e5fe7c69ab514,3788751,UEFA Euro,2020-2020,Germany,Toni Kroos,1,26 min 51 sec,90.5,46.8,30.27,14.69,6.8,Right Foot,direct,5,0.046,0
c7f34000c2280d55346df3bc340336f6,3788751,UEFA Euro,2020-2020,Germany,Leroy Sané,2,87 min 26 sec,98.0,59.4,29.33,11.77,19.4,Left Foot,direct,4,0.0134,0
b2ddff905c772bbcff4bce6862c0eac5,3788751,UEFA Euro,2020-2020,Germany,Toni Kroos,1,24 min 26 sec,94.8,32.4,26.32,16.59,7.6,Right Foot,direct,5,0.0596,0
6798f85cd9350250a4edd24ca72ea44e,3788757,UEFA Euro,2020-2020,Denmark,Mikkel Damsgaard,2,50 min 40 sec,100.2,22.7,26.29,13.2,17.3,Right Foot,direct,2,0.0402,0
3e84ccc7f2cb1568986ab137baccd0ec,3788758,UEFA Euro,2020-2020,Ukraine,Ruslan Malinovskiy,2,50 min 10 sec,105.3,71.9,35.12,5.52,31.9,Left Foot,direct,3,0.0071,0
6348ccb8347391189734252cf7be307e,3788758,UEFA Euro,2020-2020,Ukraine,Ruslan Malinovskiy,2,79 min 59 sec,97.1,67.0,35.4,8.42,27.0,Left Foot,direct,3,0.0068,0
30966d812bcafdd8e4a34786ec92987f,3788760,UEFA Euro,2020-2020,Croatia,Dejan Lovren,1,9 min 45 sec,92.8,37.2,27.34,16.56,2.8,Right Foot,direct,2,0.0575,0
db7ff16ce020377a3b6f838ac098aca1,3788760,UEFA Euro,2020-2020,Czech Republic,Patrik Schick,1,47 min 59 sec,93.7,30.5,27.96,15.36,9.5,Left Foot,direct,1,0.0545,0
67ec36f73b0e9cc63d1aa9b1d4cfcbc3,3788762,UEFA Euro,2020-2020,Spain,Gerard Moreno,1,33 min 29 sec,98.1,42.5,22.04,20.45,2.5,Left Foot,direct,1,0.0815,0
367ffc4ca1b93808d155ee1b4044d60b,3788763,UEFA Euro,2020-2020,France,Kylian Mbappé,1,25 min 54 sec,91.5,46.7,29.28,15.17,6.7,Right Foot,direct,5,0.046,0
3e0282bc211bdcd77f578b7bd73c8602,3788764,UEFA Euro,2020-2020,Portugal,Cristiano Ronaldo,2,53 min 24 sec,91.3,22.3,33.72,11.58,17.7,Right Foot,direct,70,0.0066,0
f5c5a20ddefa58f3b0738961527789d4,3788765,UEFA Euro,2020-2020,Switzerland,Granit Xhaka,2,76 min 42 sec,101.2,39.8,18.8,24.02,0.2,Left Foot,direct,4,0.1176,0
c65a7443720e730b310a3400b0e11f26,3788766,UEFA Euro,2020-2020,Italy,Federico Bernardeschi,2,52 min 8 sec,90.4,44.8,29.99,15.01,4.8,Left Foot,direct,3,0.0385,0
7d393a7dca550c367a96874a316d31bc,3788769,UEFA Euro,2020-2020,Denmark,Pierre-Emile Højbjerg,2,75 min 39 sec,90.4,25.8,32.83,12.57,14.2,Right Foot,direct,1,0.0121,0
cdbc3842dfcf97964b65c4476e0b9522,3788770,UEFA Euro,2020-2020,North Macedonia,Enis Bardhi,2,55 min 8 sec,99.3,50.3,23.12,17.71,10.3,Right Foot,direct,3,0.0765,0
d837c6f539986b84ec677609ce4c5dba,3788774,UEFA Euro,2020-2020,Hungary,Roland Sallai,2,61 min 36 sec,108.4,17.6,25.23,8.51,22.4,Right Foot,direct,1,0.007,0
93d6d61eed59e64ce6132721b0fe380a,3794685,UEFA Euro,2020-2020,Italy,Lorenzo Insigne,3,103 min 53 sec,93.3,28.6,29.03,14.48,11.4,Right Foot,direct,11,0.0442,0
6363daa493c1d691e5c59f96125fd092,3794685,UEFA Euro,2020-2020,Italy,Andrea Belotti,4,112 min 1 sec,93.7,47.0,27.22,16.19,7.0,Right Foot,direct,1,0.0579,0
1888660f30779afee5fd6f94b1e0b8be,3794685,UEFA Euro,2020-2020,Austria,David Alaba,2,51 min 18 sec,101.1,42.3,19.04,23.57,2.3,Left Foot,direct,9,0.0903,0
615ad7e1e6fcdbf613ff464ea5d28241,3794687,UEFA Euro,2020-2020,Portugal,Cristiano Ronaldo,2,73 min 2 sec,89.2,40.4,30.8,14.8,0.4,Right Foot,direct,70,0.03,0
8042edaddd5d8a076639da788cb32504,3794687,UEFA Euro,2020-2020,Belgium,Romelu Lukaku,2,83 min 47 sec,94.4,52.5,28.49,14.44,12.5,Left Foot,direct,6,0.0415,0
ea9736e6bf016a1e67cda71cfb1fff48,3794687,UEFA Euro,2020-2020,Portugal,Cristiano Ronaldo,1,24 min 23 sec,95.6,58.9,30.86,11.77,18.9,Right Foot,direct,70,0.0102,0
4de0cf48fb3f40b248dcd25d58328d26,3794688,UEFA Euro,2020-2020,Germany,Thomas Müller,2,77 min 44 sec,99.1,51.8,24.0,16.62,11.8,Right Foot,direct,1,0.068,0
36c26050e04de5fdd883a9e91ea21824,3794689,UEFA Euro,2020-2020,Denmark,Martin Braithwaite,2,80 min 24 sec,94.0,34.2,26.64,16.69,5.8,Right Foot,direct,7,0.0625,0
7adc7195a316cf6a1e458b2a4e779648,3794690,UEFA Euro,2020-2020,Czech Republic,Vladimír Coufal,2,55 min 21 sec,99.1,23.0,26.94,13.25,17.0,Right Foot,direct,1,0.0407,0
913cb032468f5b76168b6a6e1d359acc,3794691,UEFA Euro,2020-2020,Switzerland,Granit Xhaka,4,120 min 8 sec,90.5,52.8,32.16,13.05,12.8,Left Foot,direct,4,0.0247,0
bb14163b4ef99315231f9938ceaac4aa,3794691,UEFA Euro,2020-2020,France,Kylian Mbappé,1,25 min 51 sec,95.3,26.3,28.24,14.18,13.7,Right Foot,direct,5,0.045,0
9e3d12019de992f71c8b3441e604f7af,3794692,UEFA Euro,2020-2020,Sweden,Sebastian Larsson,1,29 min 1 sec,83.3,57.9,40.83,10.08,17.9,Right Foot,direct,4,0.0054,0
6632065612799398ca4f7db35a6354d9,3794692,UEFA Euro,2020-2020,Ukraine,Ruslan Malinovskiy,4,115 min 45 sec,83.4,27.0,38.84,11.1,13.0,Left Foot,direct,3,0.0074,0
f548aea3b1f785bb9d6378b4f036b59c,3795108,UEFA Euro,2020-2020,Spain,Koke,1,16 min 45 sec,97.8,25.9,26.3,14.73,14.1,Right Foot,direct,4,0.0479,0
89fff6fe4c7b1e3241cb3683d3ce26e1,3795220,UEFA Euro,2020-2020,Spain,Thiago Alcântara,4,106 min 57 sec,86.3,18.3,40.08,9.62,21.7,Right Foot,direct,4,0.0079,0
68bd213b1da18d183b756c9027a0c45f,3795220,UEFA Euro,2020-2020,Spain,Daniel Olmo,3,97 min 35 sec,98.8,8.7,37.8,6.84,31.3,Right Foot,direct,1,0.0079,0
d65a40fec21ca7ae7e8c0040438026fb,3795221,UEFA Euro,2020-2020,Denmark,Mikkel Damsgaard,1,29 min 25 sec,92.4,34.5,28.14,15.88,5.5,Right Foot,direct,2,0.0596,1
b459730fbf8dece7407f7bd4fdbcc1d2,3795221,UEFA Euro,2020-2020,England,Raheem Sterling,1,35 min 26 sec,93.3,42.6,26.83,16.89,2.6,Right Foot,direct,1,0.0597,0
6b16e053220b860bf28a556b57137a9b,3795506,UEFA Euro,2020-2020,Italy,Lorenzo Insigne,2,50 min 11 sec,97.8,36.8,22.43,20.03,3.2,Right Foot,direct,11,0.0822,0
679f1f2fbc73f799f431667304062910,3795506,UEFA Euro,2020-2020,Italy,Federico Bernardeschi,4,106 min 39 sec,89.3,42.0,30.77,14.79,2.0,Left Foot,direct,3,0.0308,0
518f860193a1d4b5709b7806b85822b2,3795506,UEFA Euro,2020-2020,Italy,Lorenzo Insigne,1,7 min 4 sec,95.0,54.7,29.0,13.63,14.7,Right Foot,direct,11,0.04,0
38a6973bca3011d25ee55f3ec3e4424a,3773369,La Liga,2020-2021,Barcelona,Lionel Messi,2,50 min 33 sec,88.0,36.0,32.25,14.04,4.0,Left Foot,direct,473,0.0281,0
74a562142a347ddc4e41013f421281eb,3773372,La Liga,2020-2021,Barcelona,Lionel Messi,2,89 min 45 sec,92.3,35.2,28.11,15.97,4.8,Left Foot,direct,473,0.0558,0
9a1f9a940b3696c95a6dfad687500577,3773372,La Liga,2020-2021,Barcelona,Lionel Messi,2,65 min 56 sec,99.3,60.3,28.99,11.36,20.3,Left Foot,direct,473,0.0108,0
83c27f213b2e929fbaad3f95fc21aa9f,3773372,La Liga,2020-2021,Atlético Madrid,Luis Suárez,1,9 min 30 sec,98.4,21.4,28.5,12.24,18.6,Right Foot,direct,26,0.0113,0
269710d689ef2a83eaad46578752dc6f,3773377,La Liga,2020-2021,Barcelona,Lionel Messi,2,82 min 8 sec,96.0,39.3,24.01,18.91,0.7,Left Foot,direct,473,0.0712,0
6b4ab9ebe470b51763324b23746cdc19,3773386,La Liga,2020-2021,Barcelona,Lionel Messi,2,59 min 25 sec,99.0,24.7,25.98,14.3,15.3,Left Foot,direct,473,0.0446,0
8a24efacb28b535eb1f55764454e8683,3773386,La Liga,2020-2021,Deportivo Alavés,Florian Grégoire Claude Lejeune,1,44 min 47 sec,84.7,42.1,35.36,12.89,2.1,Right Foot,direct,1,0.0178,0
740613984a770d800c7ca3d58e4992dd,3773386,La Liga,2020-2021,Barcelona,Lionel Messi,1,42 min 34 sec,101.3,41.6,18.77,23.98,1.6,Left Foot,direct,473,0.095,0
58315f111f865507d15ec9f37a51b6e9,3773386,La Liga,2020-2021,Barcelona,Lionel Messi,1,22 min 26 sec,97.9,44.3,22.51,19.81,4.3,Left Foot,direct,473,0.0789,0
78f4e1133035f963bdd77f8753453668,3773387,La Liga,2020-2021,Barcelona,Lionel Messi,1,5 min 41 sec,99.3,47.7,22.09,19.34,7.7,Left Foot,direct,473,0.0901,0
4d58d6abc16393a5498d86e2c861c03a,3773403,La Liga,2020-2021,Barcelona,Lionel Messi,1,19 min 28 sec,95.2,41.2,24.83,18.28,1.2,Left Foot,direct,473,0.0703,1
eba707d7f42e9d24fafa2ab631794cd1,3773428,La Liga,2020-2021,Cádiz,Alberto Perea,2,61 min 48 sec,98.7,34.0,22.13,19.79,6.0,Right Foot,direct,1,0.0845,0
83a5d637234be95049db39fe37cb8e7a,3773428,La Liga,2020-2021,Barcelona,Lionel Messi,2,93 min 2 sec,100.7,40.4,19.3,23.41,0.4,Left Foot,direct,473,0.0885,0
3bb9433def451c05dff022d8996abd59,3773428,La Liga,2020-2021,Barcelona,Lionel Messi,2,65 min 48 sec,94.8,28.3,27.78,14.93,11.7,Left Foot,direct,473,0.0438,0
82d7f1abf3dd4fdf304773d2876a47a1,3773428,La Liga,2020-2021,Barcelona,Lionel Messi,1,25 min 5 sec,95.4,42.2,24.7,18.33,2.2,Left Foot,direct,473,0.0558,0
83021d1f0318cbfe553834621e72c28a,3773428,La Liga,2020-2021,Barcelona,Lionel Messi,1,20 min 5 sec,87.5,46.6,33.16,13.49,6.6,Left Foot,direct,473,0.0288,0
a3b3ec981d936ea300ad8ec0cf79898b,3773466,La Liga,2020-2021,Celta Vigo,Nolito,2,82 min 30 sec,112.6,15.7,25.4,5.37,24.3,Right Foot,direct,14,0.0078,0
3d984bcb55e3050c9956b9363284023d,3773466,La Liga,2020-2021,Celta Vigo,Iago Aspas,1,24 min 3 sec,99.0,56.1,26.46,13.8,16.1,Left Foot,direct,7,0.0461,0
1d9416e97205a8b4cc384afdcdc62e36,3773466,La Liga,2020-2021,Barcelona,Lionel Messi,2,69 min 55 sec,94.4,25.7,29.32,13.64,14.3,Left Foot,direct,473,0.0417,0
d078c361750117888ae9631d3c8a6f9e,3773474,La Liga,2020-2021,Barcelona,Lionel Messi,2,50 min 4 sec,95.6,43.7,24.68,18.22,3.7,Left Foot,direct,473,0.0695,0
9e53176823b1a682a18075273210e17e,3773474,La Liga,2020-2021,Barcelona,Lionel Messi,1,15 min 32 sec,95.4,37.0,24.78,18.21,3.0,Left Foot,direct,473,0.0708,0
2d70c4468524d8e1f802f16355527cf7,3773474,La Liga,2020-2021,Barcelona,Lionel Messi,2,63 min 55 sec,94.1,53.1,29.02,14.08,13.1,Left Foot,direct,473,0.0476,0
b0729e1686acfb2f16d95431d084c35f,3773497,La Liga,2020-2021,Real Madrid,Karim Benzema,1,23 min 11 sec,90.9,34.5,29.62,15.13,5.5,Right Foot,direct,1,0.042,0
97d7d5e4820fa82bdcbc9ed84579375a,3773497,La Liga,2020-2021,Real Madrid,Toni Kroos,1,27 min 6 sec,101.0,27.2,22.91,16.63,12.8,Right Foot,direct,5,0.069,1
f95fca69efd2db481b8f13a42ef6235f,3773497,La Liga,2020-2021,Barcelona,Lionel Messi,2,64 min 4 sec,90.5,35.5,29.84,15.1,4.5,Left Foot,direct,473,0.0457,0
ff97740661f98f55b5201c8a05c73bec,3773497,La Liga,2020-2021,Barcelona,Lionel Messi,2,90 min 34 sec,98.3,52.5,25.04,15.86,12.5,Left Foot,direct,473,0.064,0
d79728f8b943cdce8f846f1c41f8776d,3773497,La Liga,2020-2021,Barcelona,Lionel Messi,2,69 min 31 sec,97.2,34.9,23.36,19.0,5.1,Left Foot,direct,473,0.0793,0
f28681086a8ec1f4d17b70f217123693,3773526,La Liga,2020-2021,Barcelona,Lionel Messi,2,60 min 7 sec,96.3,40.9,23.72,19.13,0.9,Left Foot,direct,473,0.0843,0
116f8697e8625ff0e585738044d311af,3773547,La Liga,2020-2021,Barcelona,Lionel Messi,1,12 min 42 sec,88.5,40.1,31.5,14.47,0.1,Left Foot,direct,473,0.0248,0
ab0d90eb3f789f169ef37676ad87f05d,3773547,La Liga,2020-2021,Barcelona,Lionel Messi,2,53 min 39 sec,92.4,38.0,27.67,16.41,2.0,Left Foot,direct,473,0.0557,0
d0cc7434cece19660a139dbd8c4d7e0b,3773547,La Liga,2020-2021,Barcelona,Lionel Messi,2,91 min 48 sec,99.8,30.6,22.28,18.59,9.4,Left Foot,direct,473,0.0764,0
c950b9f451aad31cc89dbc2ca92506d5,3773552,La Liga,2020-2021,Barcelona,Lionel Messi,1,40 min 51 sec,96.2,34.8,24.36,18.25,5.2,Left Foot,direct,473,0.0792,0
2f3a75383c8408c75a340d6b9d4d6b32,3773552,La Liga,2020-2021,Barcelona,Lionel Messi,1,42 min 15 sec,98.4,55.7,26.7,13.92,15.7,Right Foot,direct,473,0.047,0
d6f13be5ad08a9926867a06c76de7cb6,3773565,La Liga,2020-2021,Barcelona,Lionel Messi,1,41 min 54 sec,100.8,43.8,19.57,22.71,3.8,Left Foot,direct,473,0.0931,1
2765fb415f4006b7b4572f320121da67,3773565,La Liga,2020-2021,Barcelona,Miralem Pjanić,2,79 min 14 sec,100.2,33.3,20.9,20.62,6.7,Right Foot,direct,22,0.0882,0
3ae7a4ebc5e22c306fe1d3adc1b95c1c,3773571,La Liga,2020-2021,Real Valladolid,Roque Mesa,2,68 min 35 sec,100.1,25.3,24.74,14.95,14.7,Right Foot,direct,1,0.0499,0
60accac5ecf14ee92e3f1ddb0f1fe027,3773571,La Liga,2020-2021,Real Valladolid,Rubén Alcaraz,1,4 min 19 sec,86.8,43.9,33.43,13.56,3.9,Right Foot,direct,2,0.0277,0
09ddd84a30e87095cb753a582b6cc892,3773571,La Liga,2020-2021,Real Valladolid,Pablo Hervías,2,52 min 18 sec,110.3,12.9,28.78,5.46,27.1,Right Foot,direct,2,0.0089,0
b8594669e5a2cc4bd67cf7f7822b445b,3773585,La Liga,2020-2021,Barcelona,Lionel Messi,2,78 min 53 sec,91.6,43.0,28.56,15.86,3.0,Left Foot,direct,473,0.0458,0
662b2f7a0214c29e3b1527fae1d05017,3773586,La Liga,2020-2021,Barcelona,Lionel Messi,2,77 min 29 sec,92.0,37.9,28.08,16.17,2.1,Left Foot,direct,473,0.0503,0
79f7a3bc2f7aba636cd62ee54fbe2d53,3773587,La Liga,2020-2021,Getafe,David Timor,2,97 min 9 sec,89.1,46.2,31.52,14.2,6.2,Left Foot,direct,2,0.0309,0
065e295a48c682dbc43b53a8eca1f498,3773587,La Liga,2020-2021,Barcelona,Lionel Messi,1,41 min 43 sec,94.2,40.3,25.8,17.62,0.3,Left Foot,direct,473,0.0668,0
9652b113ee7575cd0166c076661c7532,3773593,La Liga,2020-2021,Barcelona,Miralem Pjanić,2,90 min 59 sec,97.8,19.8,30.01,11.35,20.2,Right Foot,direct,22,0.0109,0
666c419e627d413b519eb005c00351cb,3773597,La Liga,2020-2021,Barcelona,Lionel Messi,2,79 min 16 sec,97.2,24.7,27.46,13.88,15.3,Left Foot,direct,473,0.0454,0
174709870305d89ae73b46ba00bead5e,3773625,La Liga,2020-2021,Barcelona,Lionel Messi,1,23 min 33 sec,94.0,76.7,44.98,5.92,36.7,Left Foot,direct,473,0.0104,0
a22a734d66f1608105a7baf2b2cfb685,3773631,La Liga,2020-2021,Barcelona,Lionel Messi,2,78 min 24 sec,98.3,52.0,24.8,16.17,12.0,Left Foot,direct,473,0.0642,0
2f3bf8b4882fc30fef926c35e169c769,3773656,La Liga,2020-2021,Barcelona,Lionel Messi,2,80 min 22 sec,93.1,45.2,27.4,16.33,5.2,Left Foot,direct,473,0.0595,0
078dbac37da61e892a1a84b964e914b4,3773660,La Liga,2020-2021,Barcelona,Lionel Messi,1,36 min 40 sec,92.5,49.6,29.13,14.8,9.6,Left Foot,direct,473,0.0378,0
45ee9c127ae4c26c4f509e141cdc50a6,3773660,La Liga,2020-2021,Barcelona,Lionel Messi,1,42 min 1 sec,90.6,38.4,29.44,15.45,1.6,Left Foot,direct,473,0.0335,0
605c68d9f1766a2d913a0943a8f5ce55,3773660,La Liga,2020-2021,Barcelona,Lionel Messi,2,64 min 15 sec,91.7,41.0,28.32,16.07,1.0,Left Foot,direct,473,0.0477,0
6497c65f020b5be4133020b13ec30650,3773672,La Liga,2020-2021,Barcelona,Jordi Alba,1,16 min 55 sec,68.3,19.5,55.62,7.66,20.5,Left Foot,direct,1,0.0048,0
d8345599aa67cfae10bebc7d24240c83,3773689,La Liga,2020-2021,Barcelona,Lionel Messi,1,8 min 39 sec,88.9,46.7,31.81,14.02,6.7,Left Foot,direct,473,0.0306,0
1b3a91e80044aecd3332783cae070e52,3773695,La Liga,2020-2021,Barcelona,Lionel Messi,2,68 min 16 sec,95.0,43.0,25.18,17.93,3.0,Left Foot,direct,473,0.0672,1
14ee0d6c413e4178b90d1ccb2722a9a8,3773695,La Liga,2020-2021,Barcelona,Lionel Messi,1,30 min 49 sec,98.3,56.3,27.14,13.55,16.3,Left Foot,direct,473,0.0449,0
086dcba12c5c38f00b4777c1729dd0f4,3813265,Indian Super league,2021-2022,Mumbai City,Ahmed Jahouh,2,60 min 18 sec,85.2,36.8,34.95,13.01,3.2,Right Foot,direct,5,0.0192,0
432d24011fb3cdb393f6998d20a77cc3,3813267,Indian Super league,2021-2022,East Bengal,Antonio Perošević,2,81 min 7 sec,96.0,52.4,27.01,15.06,12.4,Left Foot,direct,6,0.0455,0
ea7577171724d3ece78c6adefb4a3ec4,3813267,Indian Super league,2021-2022,East Bengal,Amir Derviševič,2,58 min 9 sec,52.0,44.6,68.16,6.7,4.6,Left Foot,direct,5,0.0046,0
590925ca431a53696ae739212fa4d201,3813267,Indian Super league,2021-2022,Goa,Edu Bedia,2,65 min 36 sec,91.7,30.8,29.76,14.59,9.2,Left Foot,direct,7,0.0384,0
9ad809143d4e6ca81cada3c28bf89b69,3813267,Indian Super league,2021-2022,East Bengal,Amir Derviševič,1,25 min 8 sec,95.4,34.6,25.19,17.66,5.4,Left Foot,direct,5,0.0747,0
cc327936055ef2f9137416224078585b,3813267,Indian Super league,2021-2022,East Bengal,Amir Derviševič,1,36 min 13 sec,95.4,65.5,35.43,9.02,25.5,Left Foot,direct,5,0.0073,1
6cd0966f1df6d44367934d1bf4cb25d0,3813268,Indian Super league,2021-2022,Mohun Bagan Super Giant,Hugo Adnan Boumous,2,80 min 56 sec,112.0,17.6,23.79,6.64,22.4,Right Foot,direct,1,0.007,0
a20a50cccdc07e56aa0d81f2b33afa2a,3813268,Indian Super league,2021-2022,Mohun Bagan Super Giant,Liston Colaco,2,76 min 1 sec,89.8,37.0,30.35,14.95,3.0,Right Foot,direct,17,0.0336,0
7ff3172cdb2a8f0cf3269bf0ad32bb52,3813268,Indian Super league,2021-2022,Jamshedpur,Greg Stewart,2,47 min 5 sec,87.4,52.2,34.81,12.31,12.2,Left Foot,direct,13,0.0086,0
ae1a9a567f661be223739cfb783e9684,3813269,Indian Super league,2021-2022,Jamshedpur,Greg Stewart,1,13 min 48 sec,113.1,65.6,26.51,4.59,25.6,Left Foot,direct,13,0.0085,0
58249865f41b932db06b5a6a91d4c1c2,3813269,Indian Super league,2021-2022,Jamshedpur,Greg Stewart,1,20 min 36 sec,92.9,32.3,28.17,15.58,7.7,Left Foot,direct,13,0.0564,1
1cab2c1fdd2ca1abf4f111d039fb95c4,3813269,Indian Super league,2021-2022,Jamshedpur,Nerijus Valskis,2,79 min 3 sec,88.3,41.2,31.72,14.36,1.2,Right Foot,direct,2,0.0272,0
9d189f7198e17c4e2672a99f7d09ee7a,3813271,Indian Super league,2021-2022,Goa,Edu Bedia,2,86 min 26 sec,95.1,49.8,26.76,15.88,9.8,Left Foot,direct,7,0.0588,0
28e8c520a5213d8c50495e3e52d27a3b,3813271,Indian Super league,2021-2022,Goa,Edu Bedia,2,62 min 33 sec,95.5,63.9,34.23,9.63,23.9,Left Foot,direct,7,0.0072,0
e7a38e9745e3f06ebc0810b871e91f40,3813271,Indian Super league,2021-2022,Goa,Jorge Ortiz,2,46 min 51 sec,102.7,11.9,33.0,7.35,28.1,Right Foot,direct,5,0.0069,0
8a01b21cf074dfd4b244495a363c3b33,3813272,Indian Super league,2021-2022,Goa,Edu Bedia,2,77 min 58 sec,97.9,21.3,28.95,12.14,18.7,Left Foot,direct,7,0.0115,0
314190c2c0f4c60a207e0fc315789f89,3813274,Indian Super league,2021-2022,Bengaluru,Cleiton Silva,1,19 min 51 sec,96.0,49.6,25.85,16.4,9.6,Right Foot,direct,11,0.0666,1
1350f7870298c6b326d3d2587708542f,3813274,Indian Super league,2021-2022,Mumbai City,Ahmed Jahouh,2,77 min 55 sec,88.9,39.4,31.11,14.65,0.6,Right Foot,direct,5,0.028,0
331a59794d90308602f02bf82c7e341d,3813275,Indian Super league,2021-2022,Jamshedpur,Greg Stewart,1,13 min 8 sec,88.5,18.9,37.91,10.05,21.1,Left Foot,direct,13,0.0082,1
28e4e4aac98469f5d4fcab93eb5d6ad7,3813275,Indian Super league,2021-2022,Jamshedpur,Greg Stewart,1,40 min 11 sec,90.1,42.5,30.0,15.14,2.5,Left Foot,direct,13,0.0335,0
e047c652594d04978d725b2ba5f27fe9,3813276,Indian Super league,2021-2022,NorthEast United,Gurjinder Kumar,2,71 min 3 sec,84.6,38.8,35.42,12.88,1.2,Right Foot,direct,1,0.0173,0
bb545de153f0acb58b510a06ad7f5ae6,3813277,Indian Super league,2021-2022,Mumbai City,Ahmed Jahouh,2,48 min 12 sec,112.6,15.9,25.21,5.46,24.1,Right Foot,direct,5,0.0076,0
6f634bc3203d087276ed694f94bdacd5,3813279,Indian Super league,2021-2022,Odisha,Javi Hernández,1,40 min 53 sec,93.1,43.4,27.11,16.66,3.4,Left Foot,direct,9,0.0584,0
4cec699aa3ec000bc7f72a9d8104ce19,3813279,Indian Super league,2021-2022,Odisha,Javi Hernández,1,37 min 40 sec,96.0,53.3,27.44,14.6,13.3,Left Foot,direct,9,0.0433,0
0ca0654345e4231ca9f2f048dec4b8a4,3813280,Indian Super league,2021-2022,East Bengal,Antonio Perošević,2,96 min 44 sec,88.8,42.4,31.29,14.53,2.4,Left Foot,direct,6,0.0259,0
8787f406295049aedea981ea4d4ba445,3813281,Indian Super league,2021-2022,Chennaiyin,Ariel Borysiuk,1,22 min 34 sec,96.1,57.6,29.68,12.46,17.6,Right Foot,direct,3,0.0126,0
f4b3d2082a41fc8a090640e66f3095a6,3813282,Indian Super league,2021-2022,Kerala Blasters,Álvaro Vázquez,1,6 min 43 sec,84.0,29.7,37.44,11.74,10.3,Right Foot,direct,11,0.0065,0
1265f4c86875d70a60593c71b18e46e6,3813283,Indian Super league,2021-2022,Bengaluru,Cleiton Silva,2,52 min 23 sec,95.4,23.2,29.79,12.73,16.8,Right Foot,direct,11,0.0208,0
220376afd39c7710b5f9d3ca4585ca2c,3813284,Indian Super league,2021-2022,Jamshedpur,Komal Thatal,1,11 min 19 sec,101.6,22.1,25.67,12.89,17.9,Right Foot,direct,1,0.0326,0
d35e1215d4c94759d281631b89613d9a,3813285,Indian Super league,2021-2022,Goa,Edu Bedia,1,5 min 49 sec,115.3,74.9,35.22,1.76,34.9,Left Foot,direct,7,0.007,0
c3c6cc6b1f16e536c1edfffca974bab2,3813285,Indian Super league,2021-2022,Bengaluru,Cleiton Silva,1,44 min 31 sec,115.0,4.7,35.65,1.83,35.3,Right Foot,direct,11,0.0079,1
53a00372810bcc28708c9ef764117875,3813285,Indian Super league,2021-2022,Bengaluru,Cleiton Silva,2,79 min 7 sec,87.7,49.0,33.53,13.12,9.0,Right Foot,direct,11,0.029,0
f403163aeb5efbfa2b592abb4f132282,3813286,Indian Super league,2021-2022,Mumbai City,Ahmed Jahouh,2,93 min 53 sec,79.6,36.7,40.53,11.24,3.3,Right Foot,direct,5,0.0087,0
6a80360a577edc071f9d766640d8face,3813286,Indian Super league,2021-2022,Mumbai City,Cássio Gabriel,1,25 min 14 sec,85.6,46.5,35.01,12.82,6.5,Right Foot,direct,5,0.0158,0
272207d23819b3635af7adeb2f4b4bc6,3813287,Indian Super league,2021-2022,Mohun Bagan Super Giant,Liston Colaco,2,69 min 26 sec,90.8,23.1,33.74,11.76,16.9,Right Foot,direct,17,0.0078,0
6998def8b1c2af43cb8101a85e22e757,3813287,Indian Super league,2021-2022,Bengaluru,Cleiton Silva,1,23 min 56 sec,95.4,26.5,28.06,14.31,13.5,Right Foot,direct,11,0.0442,0
9f5a6a0a219a6bd53da7e403f75a9334,3813289,Indian Super league,2021-2022,Odisha,Javi Hernández,2,50 min 45 sec,99.9,30.5,22.23,18.58,9.5,Left Foot,direct,9,0.0796,1
7356c8f330a35829679c19aac13a8579,3813290,Indian Super league,2021-2022,Hyderabad,Edu García,1,9 min 56 sec,86.3,26.9,36.16,11.79,13.1,Right Foot,direct,3,0.0066,0
a06bebf1895380f917c712479ad05c67,3813294,Indian Super league,2021-2022,Chennaiyin,Ariel Borysiuk,2,85 min 23 sec,81.0,32.6,39.7,11.31,7.4,Right Foot,direct,3,0.0068,0
2c230ed4180ea62380b97be2f6eb7b6d,3813295,Indian Super league,2021-2022,Odisha,Ariday Cabrera,2,89 min 38 sec,90.4,18.7,36.47,10.22,21.3,Right Foot,direct,4,0.0079,0
fa70e1167a7cf81915103b5cb8676443,3813296,Indian Super league,2021-2022,Kerala Blasters,Adrián Luna,1,33 min 15 sec,96.5,57.3,29.18,12.68,17.3,Right Foot,direct,10,0.02,0
0c508717e27ef4fcb1dd6ece792f44f4,3813296,Indian Super league,2021-2022,NorthEast United,Hernán Santana,1,26 min 22 sec,94.7,33.8,26.05,16.99,6.2,Right Foot,direct,6,0.0595,0
e109aeafd128c3463d5e38a454d9b028,3813297,Indian Super league,2021-2022,Bengaluru,Cleiton Silva,2,46 min 52 sec,83.6,47.0,37.07,12.1,7.0,Right Foot,direct,11,0.0071,0
03211779fb4ff15af116510b31fb8013,3813298,Indian Super league,2021-2022,East Bengal,Antonio Perošević,1,15 min 44 sec,93.8,57.9,31.73,11.94,17.9,Left Foot,direct,6,0.0091,0
b5b79c106fa576a19c61056cba46f64e,3813298,Indian Super league,2021-2022,East Bengal,Amir Derviševič,2,78 min 58 sec,100.8,26.2,23.64,15.79,13.8,Left Foot,direct,5,0.0657,0
f2a885d5b6abbff340a6e1c1bb807b89,3813299,Indian Super league,2021-2022,Hyderabad,João Victor,2,62 min 37 sec,83.0,31.5,37.96,11.73,8.5,Right Foot,direct,3,0.0068,0
72e24b01681e70c5153536660cbb713e,3813300,Indian Super league,2021-2022,Kerala Blasters,Adrián Luna,1,16 min 19 sec,90.4,21.2,35.07,11.04,18.8,Right Foot,direct,10,0.0083,0
8829bca95e3053ba5e65ef32750b38ad,3813301,Indian Super league,2021-2022,Odisha,Ariday Cabrera,1,17 min 13 sec,104.4,7.3,36.23,5.5,32.7,Right Foot,direct,4,0.007,0
edb9697ac3201428eb8d82ccdbe2735e,3813301,Indian Super league,2021-2022,Odisha,Ariday Cabrera,2,90 min 3 sec,89.9,44.0,30.36,14.88,4.0,Right Foot,direct,4,0.038,0
61288a2fef9710c14cb90a303270c43b,3813301,Indian Super league,2021-2022,NorthEast United,Mathias Coureur,2,68 min 31 sec,107.5,9.2,33.24,5.25,30.8,Right Foot,direct,2,0.0074,0
f40b2631616c30b4d0e37e197227312c,3813302,Indian Super league,2021-2022,Jamshedpur,Greg Stewart,2,82 min 50 sec,85.9,32.0,35.03,12.7,8.0,Left Foot,direct,13,0.0112,0
b62f38337b9ccf305af609ae434165fe,3813302,Indian Super league,2021-2022,Jamshedpur,Greg Stewart,2,59 min 7 sec,90.6,50.3,31.15,13.84,10.3,Left Foot,direct,13,0.0349,0
0cdb9741fa2119749b8feb6d67c8d6a3,3813303,Indian Super league,2021-2022,Goa,Jorge Ortiz,1,29 min 12 sec,93.2,19.6,33.68,10.85,20.4,Right Foot,direct,5,0.0088,0
bfb6bd361e429d6fde548315738eeade,3813304,Indian Super league,2021-2022,East Bengal,Amir Derviševič,1,19 min 48 sec,100.6,22.9,25.86,13.37,17.1,Left Foot,direct,5,0.0448,1
a2a85b4bb0f62dfd5f050348a1100f67,3813305,Indian Super league,2021-2022,Kerala Blasters,Álvaro Vázquez,2,99 min 44 sec,86.8,51.3,35.07,12.34,11.3,Right Foot,direct,11,0.0085,0
571f106a4fff6ae769ca17adf825c51e,3813305,Indian Super league,2021-2022,Kerala Blasters,Álvaro Vázquez,2,51 min 3 sec,98.2,34.6,22.46,19.65,5.4,Right Foot,direct,11,0.0837,0
f2032a600ff4bc65f825098f59ba5557,3813305,Indian Super league,2021-2022,Hyderabad,Edu García,1,8 min 6 sec,101.1,20.1,27.44,11.59,19.9,Right Foot,direct,3,0.0114,0
c350b68290cc8d3209448a20f35eccf5,3813305,Indian Super league,2021-2022,Kerala Blasters,Marko Lešković,2,84 min 2 sec,78.6,24.7,44.14,9.73,15.3,Right Foot,direct,4,0.0056,0
13a342dc21e32bf9089fda8965003835,3813306,Indian Super league,2021-2022,NorthEast United,Mathias Coureur,2,83 min 20 sec,97.3,15.8,33.18,9.5,24.2,Left Foot,direct,2,0.0085,0
ddee68e1383c7439b1a437983ad604d4,3813306,Indian Super league,2021-2022,Mohun Bagan Super Giant,Liston Colaco,1,27 min 51 sec,95.5,35.6,24.89,17.99,4.4,Right Foot,direct,17,0.0778,0
9cb5b06c7eab82424cb2b446f54efe0e,3813307,Indian Super league,2021-2022,Bengaluru,Cleiton Silva,2,57 min 20 sec,96.4,43.7,23.89,18.8,3.7,Right Foot,direct,11,0.0784,0
24def1a290380e8ca2a06bfeb71e49d1,3813307,Indian Super league,2021-2022,Jamshedpur,Greg Stewart,1,1 min 10 sec,92.6,57.9,32.73,11.74,17.9,Left Foot,direct,13,0.0099,0
9bb0140a5eda0c2446a90b73e0e3f7fc,3813308,Indian Super league,2021-2022,Odisha,Javi Hernández,1,43 min 29 sec,89.8,48.7,31.43,13.96,8.7,Left Foot,direct,9,0.0383,0
3bb59cfa3499d1058882bf2c717475b2,3813309,Indian Super league,2021-2022,Chennaiyin,Mirlan Murzaev,2,54 min 58 sec,100.4,16.1,30.91,9.48,23.9,Right Foot,direct,6,0.0086,0
c4c6ccf625a6a9a7a0923f0b78dd29f2,3813309,Indian Super league,2021-2022,Hyderabad,Edu García,1,20 min 1 sec,98.7,33.9,22.16,19.74,6.1,Right Foot,direct,3,0.0811,0
04cef4c74e8b712d9fa3d864de38b2e1,3813310,Indian Super league,2021-2022,Kerala Blasters,Marko Lešković,1,18 min 24 sec,99.4,48.6,22.32,18.86,8.6,Right Foot,direct,4,0.0798,0
00db2d82905336d6f257e849d5c81ba8,3813310,Indian Super league,2021-2022,Kerala Blasters,Adrián Luna,1,39 min 36 sec,83.3,34.2,37.16,12.14,5.8,Right Foot,direct,10,0.0081,0
03a91d80029590ba2f5743c69c51961e,3813311,Indian Super league,2021-2022,Chennaiyin,Mirlan Murzaev,2,63 min 32 sec,100.3,18.2,29.38,10.54,21.8,Right Foot,direct,6,0.01,0
e638d7999c2141002ff6847c574fe157,3813311,Indian Super league,2021-2022,Chennaiyin,Mirlan Murzaev,1,21 min 57 sec,85.9,23.2,38.01,10.81,16.8,Right Foot,direct,6,0.0079,0
7a0f4d8633a53449a2ff84910547c564,3813312,Indian Super league,2021-2022,Mumbai City,Cássio Gabriel,2,77 min 22 sec,81.7,39.2,38.31,11.92,0.8,Right Foot,direct,5,0.0056,0
8b7a22572bc01b09e86ea34bddf50be4,3813313,Indian Super league,2021-2022,Odisha,Javi Hernández,2,54 min 52 sec,93.5,50.9,28.65,14.75,10.9,Left Foot,direct,9,0.0472,0
d7253068f16d506f1b140982d88a71ad,3813313,Indian Super league,2021-2022,Mohun Bagan Super Giant,Liston Colaco,1,38 min 20 sec,87.8,37.4,32.3,14.07,2.6,Right Foot,direct,17,0.0233,0
03ffbd78a007997e974a90c0310bb4d3,3813315,Indian Super league,2021-2022,Jamshedpur,Greg Stewart,2,55 min 45 sec,93.8,47.4,27.22,16.12,7.4,Left Foot,direct,13,0.0594,0
f68de04a792c93c2deecd272d0ad1bb4,3813317,Indian Super league,2021-2022,East Bengal,Naorem Mahesh Singh,2,87 min 38 sec,101.1,27.7,22.55,17.07,12.3,Left Foot,direct,1,0.0712,0
d1f2d2d6de512b673da39b4acd5d50d4,3813317,Indian Super league,2021-2022,Odisha,Ariday Cabrera,2,70 min 0 sec,96.9,34.5,23.75,18.64,5.5,Right Foot,direct,4,0.0773,1
3abbf5d938c1ff28cb986d1397df49d3,3817850,Indian Super league,2021-2022,East Bengal,Thongkhosiem Haokip,2,55 min 17 sec,93.5,37.1,26.66,16.97,2.9,Right Foot,direct,1,0.0571,0
afc2492d9b46345b5f0a6e9c20a25c5b,3817851,Indian Super league,2021-2022,Odisha,Javi Hernández,2,74 min 17 sec,90.4,47.2,30.46,14.56,7.2,Left Foot,direct,9,0.0401,0
5661e6cd820b2d00938927c2cfc5116d,3817851,Indian Super league,2021-2022,Kerala Blasters,Álvaro Vázquez,2,85 min 42 sec,87.9,51.1,33.96,12.72,11.1,Right Foot,direct,11,0.0154,0
fb6f51002a6e0d0e05ac33acaac9876c,3817853,Indian Super league,2021-2022,Goa,Jorge Ortiz,1,35 min 43 sec,86.0,45.2,34.4,13.12,5.2,Right Foot,direct,5,0.0254,0
3a9f3eac8c436af8b9b37b71a09dee97,3817853,Indian Super league,2021-2022,Goa,Edu Bedia,2,51 min 57 sec,94.9,42.6,25.23,17.92,2.6,Left Foot,direct,7,0.0736,0
55d50ef85672a2e9fd245e23e884433d,3817854,Indian Super league,2021-2022,Mohun Bagan Super Giant,Liston Colaco,1,5 min 23 sec,94.4,28.2,28.19,14.74,11.8,Right Foot,direct,17,0.0503,0
d32f0b273fb9df45f472c45124006406,3817854,Indian Super league,2021-2022,Mohun Bagan Super Giant,Liston Colaco,1,46 min 48 sec,91.3,48.8,30.02,14.54,8.8,Right Foot,direct,17,0.0388,1
7c3f8eb75de4f975a850183aa6a8372b,3817854,Indian Super league,2021-2022,Mohun Bagan Super Giant,Liston Colaco,2,50 min 21 sec,89.1,29.3,32.7,13.21,10.7,Right Foot,direct,17,0.0259,0
5ba81855bbed4a26eb211d6589fb1240,3817855,Indian Super league,2021-2022,Mohun Bagan Super Giant,Liston Colaco,1,40 min 19 sec,87.0,30.9,34.23,12.87,9.1,Right Foot,direct,17,0.0182,0
c6ee76100efe8c9e7329061fd20ccb70,3817855,Indian Super league,2021-2022,Kerala Blasters,Álvaro Vázquez,2,87 min 33 sec,79.4,24.9,43.32,9.9,15.1,Right Foot,direct,11,0.007,0
9f1d75b103092f246ab2c7943a59348b,3817855,Indian Super league,2021-2022,Kerala Blasters,Adrián Luna,1,6 min 1 sec,93.9,22.7,31.31,12.22,17.3,Right Foot,direct,10,0.011,1
fc9485be859c85443aeb5d3a82f795c4,3817855,Indian Super league,2021-2022,Mohun Bagan Super Giant,Liston Colaco,1,27 min 30 sec,98.0,18.7,30.62,10.81,21.3,Right Foot,direct,17,0.011,0
c5fb8bee0ea9f62378b7820bf9c6f3d8,3817856,Indian Super league,2021-2022,Mohun Bagan Super Giant,Liston Colaco,2,84 min 2 sec,98.4,21.9,28.18,12.52,18.1,Right Foot,direct,17,0.0142,0
92427c60a77e525e024d6ea9bc955d2b,3817856,Indian Super league,2021-2022,Mohun Bagan Super Giant,Liston Colaco,1,6 min 54 sec,97.6,49.9,24.49,17.06,9.9,Right Foot,direct,17,0.0695,0
7f872df139dc7ffd47db7f158763bc80,3817856,Indian Super league,2021-2022,Jamshedpur,Greg Stewart,2,46 min 58 sec,94.1,35.3,26.32,17.02,4.7,Left Foot,direct,13,0.0618,0
9ea7db5b89c7f8ae1146512fe2a2fb01,3817857,Indian Super league,2021-2022,Jamshedpur,Alex,1,33 min 29 sec,103.0,62.2,27.96,10.07,22.2,Left Foot,direct,2,0.009,0
31385fdcf8ba97b9e0b5f6968f541a88,3817857,Indian Super league,2021-2022,Jamshedpur,Alex,1,2 min 33 sec,98.4,32.8,22.77,18.98,7.2,Left Foot,direct,2,0.0805,0
91a466c2fb2d360b40e61e66f59f08ca,3817858,Indian Super league,2021-2022,Chennaiyin,Vladimir Koman Jr.,1,12 min 7 sec,95.8,10.5,38.16,7.66,29.5,Right Foot,direct,3,0.0059,0
062352c57141a9df7cb676e74c20c36d,3817858,Indian Super league,2021-2022,Kerala Blasters,Álvaro Vázquez,2,59 min 11 sec,97.6,32.5,23.62,18.29,7.5,Right Foot,direct,11,0.0761,0
25656357620a37026cf1d7646168fc71,3817858,Indian Super league,2021-2022,Kerala Blasters,Adrián Luna,2,89 min 29 sec,88.7,23.8,35.24,11.54,16.2,Right Foot,direct,10,0.008,1
0383088160c9b6d709cfb72c157fdcff,3817858,Indian Super league,2021-2022,Chennaiyin,Mirlan Murzaev,2,70 min 49 sec,83.0,53.4,39.35,10.93,13.4,Right Foot,direct,6,0.0073,0
fbe1df971ed84dd7d8195a706a086ace,3817859,Indian Super league,2021-2022,NorthEast United,Hernán Santana,2,61 min 52 sec,90.0,29.2,31.88,13.49,10.8,Right Foot,direct,6,0.0257,0
e5747d2f0cc6e65ad0d90763b809f03f,3817860,Indian Super league,2021-2022,Hyderabad,Bartholomew Owogbalor Ogbeche,1,19 min 41 sec,97.9,53.7,26.0,14.99,13.7,Right Foot,direct,3,0.0466,0
f4add88ce0674e9853c629cacf1df3e0,3817861,Indian Super league,2021-2022,Bengaluru,Sunil Chhetri,1,9 min 25 sec,96.3,29.0,26.13,15.88,11.0,Right Foot,direct,1,0.0704,0
4466431c2886796e12bcc8b677eb157b,3817861,Indian Super league,2021-2022,Kerala Blasters,Álvaro Vázquez,1,30 min 58 sec,85.4,32.2,35.47,12.56,7.8,Right Foot,direct,11,0.0121,0
174a10447dec8bd69a8423be13ec9368,3817861,Indian Super league,2021-2022,Bengaluru,Naorem Roshan Singh,2,55 min 14 sec,93.4,35.5,26.98,16.64,4.5,Left Foot,direct,2,0.0643,1
416cf239cdacea4315bb847c0fb10eaa,3817862,Indian Super league,2021-2022,Odisha,Javi Hernández,1,45 min 30 sec,79.3,40.4,40.7,11.22,0.4,Left Foot,direct,9,0.0066,0
a453685b90ec80b0c07320f4c0976ab1,3817862,Indian Super league,2021-2022,Mumbai City,Vinit Rai Chamling,2,91 min 27 sec,88.0,43.4,32.18,14.09,3.4,Right Foot,direct,1,0.0288,0
7b355f938193d76462a258f2138776fe,3817862,Indian Super league,2021-2022,Mumbai City,Lallianzuala Chhangte,2,83 min 5 sec,93.7,34.6,26.85,16.62,5.4,Left Foot,direct,2,0.0495,0
a8b54426acb0b53ab3095ed8da8c341d,3817863,Indian Super league,2021-2022,Hyderabad,Mohammad Yasir,2,90 min 40 sec,92.3,56.0,31.99,12.41,16.0,Left Foot,direct,1,0.0103,0
b5a5c0eeb73600b08028e8975ffae3ee,3817863,Indian Super league,2021-2022,Goa,Brandon Fernandes,1,18 min 15 sec,96.7,23.4,28.61,13.08,16.6,Right Foot,direct,2,0.0308,0
b95953028f4a58cc9d11334de04fce14,3817863,Indian Super league,2021-2022,Hyderabad,João Victor,1,15 min 23 sec,90.3,34.0,30.3,14.76,6.0,Right Foot,direct,3,0.0455,0
ffcd12806e281a806896c95d9b39a9e0,3817864,Indian Super league,2021-2022,Mumbai City,Igor Angulo,2,71 min 39 sec,96.7,56.8,28.73,12.97,16.8,Left Foot,direct,1,0.0305,0
2233825622e547b1926fbe1745f27361,3817864,Indian Super league,2021-2022,Mohun Bagan Super Giant,Liston Colaco,1,17 min 22 sec,93.8,36.5,26.43,17.07,3.5,Right Foot,direct,17,0.059,0
857f49234d97e902d26744214f3deae6,3817864,Indian Super league,2021-2022,Mohun Bagan Super Giant,Liston Colaco,1,35 min 16 sec,84.3,28.1,37.63,11.53,11.9,Right Foot,direct,17,0.0101,0
c3badabbb5adef78b43cf828429a0068,3817866,Indian Super league,2021-2022,Mumbai City,Cássio Gabriel,2,54 min 59 sec,102.8,16.4,29.2,9.34,23.6,Right Foot,direct,5,0.008,0
23cb440e397b671f92bf995ccf12de90,3817866,Indian Super league,2021-2022,Kerala Blasters,Álvaro Vázquez,1,25 min 26 sec,85.5,29.6,36.03,12.15,10.4,Right Foot,direct,11,0.0076,0
25c3dc7dc6e2f320ace827f95d48d7f5,3817866,Indian Super league,2021-2022,Kerala Blasters,Adrián Luna,2,80 min 36 sec,86.2,54.3,36.7,11.48,14.3,Right Foot,direct,10,0.007,0
e9f9bc98313cddb357d3c72406eff626,3817867,Indian Super league,2021-2022,NorthEast United,Hernán Santana,2,65 min 25 sec,87.8,34.4,32.68,13.76,5.6,Right Foot,direct,6,0.0287,0
cf0074aedd4aa761ce81fbdd6635fed1,3817867,Indian Super league,2021-2022,Mumbai City,Cássio Gabriel,1,25 min 32 sec,93.0,38.2,27.06,16.78,1.8,Right Foot,direct,5,0.0581,0
3f3395cbbeab14e298e04546fe045b63,3817867,Indian Super league,2021-2022,Mumbai City,Ahmed Jahouh,2,92 min 11 sec,93.1,26.3,30.19,13.52,13.7,Right Foot,direct,5,0.0382,0
cd8a6e91b42d684eb3dd74a91086af91,3817869,Indian Super league,2021-2022,Hyderabad,Bartholomew Owogbalor Ogbeche,2,74 min 35 sec,98.9,56.3,26.66,13.65,16.3,Right Foot,direct,3,0.0458,0
4f35822a66370449f5f0701ece81df4f,3817872,Indian Super league,2021-2022,Odisha,Víctor Mongil,1,12 min 44 sec,98.5,26.4,25.44,15.24,13.6,Right Foot,direct,1,0.0533,0
9e0a25b34c9bb9507db500af674603fa,3817872,Indian Super league,2021-2022,Odisha,Javi Hernández,2,72 min 57 sec,82.7,54.9,40.17,10.58,14.9,Left Foot,direct,9,0.0072,0
b4fc95bc20ace95cb6dd909dc01969c7,3817874,Indian Super league,2021-2022,Bengaluru,Naorem Roshan Singh,1,14 min 59 sec,88.1,60.1,37.7,10.29,20.1,Left Foot,direct,2,0.008,0
31196f9b9fa30990aa6d0a5ada26c202,3817876,Indian Super league,2021-2022,NorthEast United,Hernán Santana,2,69 min 19 sec,88.8,34.5,31.68,14.18,5.5,Right Foot,direct,6,0.0339,0
4bca0c2f92bdd3231d40b54e623dbbe9,3817876,Indian Super league,2021-2022,Chennaiyin,Ariel Borysiuk,1,2 min 52 sec,98.3,43.7,22.01,20.33,3.7,Right Foot,direct,3,0.0832,0
0cc444d900650f02f7e09c5904107172,3817876,Indian Super league,2021-2022,NorthEast United,Marcelo Leite Pereira,2,70 min 47 sec,90.9,49.2,30.52,14.27,9.2,Left Foot,direct,1,0.0325,0
cc483e765e2d26fee41c5bcdd0de6a16,3817876,Indian Super league,2021-2022,Chennaiyin,Vladimir Koman Jr.,2,57 min 10 sec,106.7,15.5,27.88,7.96,24.5,Right Foot,direct,3,0.0075,1
93ce701a1cf1746ea450a4e8a64191c7,3817877,Indian Super league,2021-2022,Bengaluru,Cleiton Silva,2,84 min 29 sec,88.0,41.1,32.02,14.23,1.1,Right Foot,direct,11,0.0268,0
d1ddfc4d73c9e4eae04fca65a7dfb7fd,3817877,Indian Super league,2021-2022,Bengaluru,Cleiton Silva,1,23 min 26 sec,95.9,66.3,35.67,8.72,26.3,Right Foot,direct,11,0.006,0
ae3baa3a8a49d5c9984eead0a7140183,3817878,Indian Super league,2021-2022,Hyderabad,João Victor,1,8 min 3 sec,88.8,40.1,31.2,14.61,0.1,Right Foot,direct,3,0.0255,0
cb2b724d6cf15bf9d657f920d807e05f,3817880,Indian Super league,2021-2022,Chennaiyin,Nerijus Valskis,1,1 min 27 sec,92.3,33.4,28.48,15.58,6.6,Right Foot,direct,2,0.0539,0
f318d869b20fb57b577bdef92013d894,3817881,Indian Super league,2021-2022,Jamshedpur,Greg Stewart,1,37 min 23 sec,91.8,34.0,28.83,15.47,6.0,Left Foot,direct,13,0.0491,0
5d2692c604fe6c64a66596e46dcbab03,3817882,Indian Super league,2021-2022,East Bengal,Darren Sidoel,2,60 min 43 sec,96.6,37.3,23.56,19.16,2.7,Right Foot,direct,2,0.0734,1
4d7472567365886ed39b9a9552cc83b5,3817882,Indian Super league,2021-2022,East Bengal,Antonio Perošević,2,58 min 55 sec,90.6,25.3,32.87,12.46,14.7,Left Foot,direct,6,0.0105,0
4ff87819bcbfca431f3efb45bfe0f4af,3817883,Indian Super league,2021-2022,Bengaluru,Cleiton Silva,1,16 min 13 sec,84.4,21.0,40.35,10.02,19.0,Right Foot,direct,11,0.0078,0
a02b5824941bf7108fed94a4d0b14bf5,3817883,Indian Super league,2021-2022,Bengaluru,Cleiton Silva,2,73 min 52 sec,92.3,34.5,28.24,15.83,5.5,Right Foot,direct,11,0.0491,0
053ec5211fb1ec16d3fae22cd8e11eb0,3817884,Indian Super league,2021-2022,Mohun Bagan Super Giant,Liston Colaco,2,81 min 45 sec,86.6,23.9,37.08,11.13,16.1,Right Foot,direct,17,0.0071,0
3633e04228bed0367f84f7761a59adba,3817886,Indian Super league,2021-2022,Kerala Blasters,Marko Lešković,1,48 min 57 sec,57.0,45.3,63.22,7.22,5.3,Right Foot,direct,4,0.0039,0
0163f5d3402a5788d97b73c4a5767d46,3817886,Indian Super league,2021-2022,NorthEast United,Hernán Santana,2,47 min 43 sec,94.2,23.0,30.9,12.4,17.0,Right Foot,direct,6,0.0107,0
6424d88f9b5fcf590266c4cda101fe0e,3817888,Indian Super league,2021-2022,Mohun Bagan Super Giant,Liston Colaco,2,47 min 25 sec,98.9,56.2,26.6,13.72,16.2,Right Foot,direct,17,0.0443,0
2c7aaec2b7b090a6c6033e7e725aa462,3817889,Indian Super league,2021-2022,Chennaiyin,Vladimir Koman Jr.,2,84 min 20 sec,86.8,40.4,33.2,13.74,0.4,Right Foot,direct,3,0.0201,0
97a36f746acae99b592a57454eecf8ba,3817890,Indian Super league,2021-2022,NorthEast United,Hernán Santana,1,1 min 57 sec,90.2,21.1,35.29,10.98,18.9,Right Foot,direct,6,0.0075,1
e914bbd39b0dbfcad52b92a9d0a3a610,3817890,Indian Super league,2021-2022,Goa,Jorge Ortiz,2,78 min 18 sec,89.9,30.8,31.47,13.88,9.2,Right Foot,direct,5,0.0376,0
9ac36bf81909ac204c212c80844fb141,3817890,Indian Super league,2021-2022,Goa,Jorge Ortiz,2,80 min 32 sec,87.8,47.3,33.02,13.49,7.3,Right Foot,direct,5,0.0264,0
fa04960efc3cc1ab0dc97f866a909ded,3817891,Indian Super league,2021-2022,East Bengal,Antonio Perošević,1,13 min 1 sec,101.5,64.1,30.38,9.27,24.1,Left Foot,direct,6,0.0081,0
f5fe5528139745b852e3d251c1f42e66,3817891,Indian Super league,2021-2022,East Bengal,Songpu Singsit,2,90 min 15 sec,91.0,28.7,31.12,13.69,11.3,Right Foot,direct,1,0.0288,0
915972752631f3375078a4b933f1cdfd,3817892,Indian Super league,2021-2022,Mohun Bagan Super Giant,Subhasish Bose,2,85 min 59 sec,100.8,62.3,29.43,10.24,22.3,Left Foot,direct,1,0.008,0
a8ece2afbaad7c4a0c4c6b862cc3b7a2,3817893,Indian Super league,2021-2022,East Bengal,Fran Sota,2,52 min 43 sec,93.1,33.6,27.65,16.04,6.4,Right Foot,direct,1,0.055,0
39491c0b3457c1fc228bde04fcd0631d,3817893,Indian Super league,2021-2022,NorthEast United,Marco Sahanek,2,67 min 1 sec,85.9,48.2,35.07,12.66,8.2,Left Foot,direct,1,0.0132,0
464f1daa64627801d7c44e9d45095cfc,3817893,Indian Super league,2021-2022,East Bengal,Franjo Prce,1,24 min 53 sec,83.8,28.4,38.01,11.46,11.6,Left Foot,direct,1,0.0072,0
e02daecd0790acf9448efab2c57196c7,3817894,Indian Super league,2021-2022,Goa,Edu Bedia,1,1 min 39 sec,91.4,49.3,30.07,14.44,9.3,Left Foot,direct,7,0.0407,0
a0105b77694b316d22d9afab20755334,3817894,Indian Super league,2021-2022,Odisha,Javi Hernández,2,59 min 11 sec,96.1,45.7,24.57,18.02,5.7,Left Foot,direct,9,0.0749,0
3c4ade38134f559021e8769e6674fc24,3817895,Indian Super league,2021-2022,Goa,Brandon Fernandes,2,73 min 33 sec,95.3,30.4,26.5,16.06,9.6,Right Foot,direct,2,0.0575,0
0d195a07578af3d8d155126ec0a1983d,3817895,Indian Super league,2021-2022,Chennaiyin,Mirlan Murzaev,2,64 min 35 sec,91.9,26.5,31.17,13.23,13.5,Right Foot,direct,6,0.0291,0
473fb8157450a134786318b491af9867,3817896,Indian Super league,2021-2022,East Bengal,Darren Sidoel,2,49 min 0 sec,88.2,42.7,31.91,14.24,2.7,Right Foot,direct,2,0.0247,0
3bf1e5ffcf930f95709e70d476d57cbd,3817897,Indian Super league,2021-2022,Kerala Blasters,Adrián Luna,1,25 min 38 sec,92.7,46.0,27.95,15.93,6.0,Right Foot,direct,10,0.0594,0
7e1a07c5ec3672284aaf3b447999cc25,3817898,Indian Super league,2021-2022,Mumbai City,Lallianzuala Chhangte,1,21 min 1 sec,92.2,55.2,31.68,12.69,15.2,Left Foot,direct,2,0.0147,0
c69e007df3b071abdb7f7617a85b3445,3817898,Indian Super league,2021-2022,Mumbai City,Cássio Gabriel,2,78 min 5 sec,88.4,38.5,31.64,14.4,1.5,Right Foot,direct,5,0.0254,0
746160048cfe5a917ee2d793b49e22d7,3817899,Indian Super league,2021-2022,Jamshedpur,Jordan Murray,2,93 min 35 sec,96.1,35.1,24.4,18.27,4.9,Right Foot,direct,1,0.0689,0
2eeaba8ad47eb72305a862c52a0b10c3,3817899,Indian Super league,2021-2022,Jamshedpur,Greg Stewart,1,22 min 35 sec,83.7,37.4,36.39,12.51,2.6,Left Foot,direct,13,0.0112,0
f37b8b7d38656ac328bf66b38f5b2eaa,3817900,Indian Super league,2021-2022,Chennaiyin,Mirlan Murzaev,2,88 min 52 sec,88.4,22.6,36.07,11.13,17.4,Right Foot,direct,6,0.0077,0
6d2525f91de80982f93f4b19235f265c,3817902,Indian Super league,2021-2022,East Bengal,Antonio Perošević,2,60 min 14 sec,96.7,33.2,24.27,18.02,6.8,Left Foot,direct,6,0.0762,0
9dabdb4ba13645929c734113935be721,3827335,Indian Super league,2021-2022,Jamshedpur,Greg Stewart,2,65 min 10 sec,98.4,45.2,22.22,19.89,5.2,Left Foot,direct,13,0.08,0
9aacab6e10b08515af437e38887f23c5,3827335,Indian Super league,2021-2022,Kerala Blasters,Marko Lešković,2,93 min 2 sec,81.2,35.8,39.03,11.64,4.2,Right Foot,direct,4,0.008,0
45890b6aa738844aacebd585e9be9f0c,3827335,Indian Super league,2021-2022,Kerala Blasters,Adrián Luna,2,77 min 15 sec,90.0,41.6,30.04,15.15,1.6,Right Foot,direct,10,0.036,0
f7aaa71beda7c293fe30f5dd9b4b488a,3827336,Indian Super league,2021-2022,Mohun Bagan Super Giant,Liston Colaco,1,24 min 29 sec,83.9,23.0,39.9,10.38,17.0,Right Foot,direct,17,0.006,0
a1c96e1cb31a433a9702ad3ee939e1a4,3827336,Indian Super league,2021-2022,Mohun Bagan Super Giant,Liston Colaco,2,60 min 1 sec,101.7,43.0,18.54,24.06,3.0,Right Foot,direct,17,0.1219,0
3b6189cda97e17a9025393b5dd9b7b1f,3827337,Indian Super league,2021-2022,Kerala Blasters,Adrián Luna,2,58 min 56 sec,100.3,7.9,37.66,6.41,32.1,Right Foot,direct,10,0.0065,0
a26225d7410287739dd8c4d88a01cede,3827338,Indian Super league,2021-2022,Hyderabad,Javi Siverio,1,37 min 39 sec,100.8,51.8,22.54,17.34,11.8,Right Foot,direct,2,0.0714,0
ee7d14e62978709d90744d8549d79996,3827338,Indian Super league,2021-2022,Hyderabad,Javi Siverio,1,26 min 29 sec,114.4,15.7,24.94,4.23,24.3,Right Foot,direct,2,0.0075,0
1708019e103a964b0eaca924e8c13ac2,3827767,Indian Super league,2021-2022,Kerala Blasters,Adrián Luna,2,84 min 43 sec,99.9,45.2,20.76,21.18,5.2,Right Foot,direct,10,0.0893,0
72edf1c67142becef52e94d06c6aa85b,3827767,Indian Super league,2021-2022,Hyderabad,Bartholomew Owogbalor Ogbeche,2,75 min 30 sec,99.8,38.4,20.26,22.27,1.6,Right Foot,direct,3,0.0915,0
505bc42e82bc34690e42b72f6f6e90f1,3802643,Ligue 1,2021-2022,Paris Saint-Germain,Lionel Messi,1,26 min 27 sec,91.3,41.3,28.73,15.84,1.3,Left Foot,direct,473,0.0443,0
1ab3c8d2c27e8b71223a14f4023d2472,3802643,Ligue 1,2021-2022,Paris Saint-Germain,Neymar,1,41 min 20 sec,95.2,35.9,25.14,17.86,4.1,Right Foot,direct,40,0.0712,0
1dfbf2f11baac62f6c1854239fec84a9,3802665,Ligue 1,2021-2022,Montpellier,Junior Sambia,2,93 min 36 sec,93.8,22.0,31.79,11.9,18.0,Right Foot,direct,1,0.0084,0
09e07f92400359ac7ae705aed948294f,3802665,Ligue 1,2021-2022,Montpellier,Florent Mollet,1,32 min 10 sec,84.4,25.8,38.33,11.09,14.2,Right Foot,direct,1,0.0084,0
27dc73f67e06d72505f9a381e0d5737c,3802676,Ligue 1,2021-2022,Paris Saint-Germain,Lionel Messi,2,57 min 56 sec,94.0,33.4,26.82,16.47,6.6,Left Foot,direct,473,0.0584,0
fa80d1a5cd62d39d6d0efd2289f7fb8c,3802683,Ligue 1,2021-2022,Paris Saint-Germain,Lionel Messi,1,27 min 49 sec,89.1,41.5,30.94,14.72,1.5,Left Foot,direct,473,0.0286,0
d68651a72f2125b5a70a717ba1316503,3802683,Ligue 1,2021-2022,Paris Saint-Germain,Lionel Messi,2,64 min 26 sec,91.7,39.5,28.3,16.09,0.5,Left Foot,direct,473,0.0464,0
42a7d43d1236ba0a29ac7ce64e413ee9,3802685,Ligue 1,2021-2022,Paris Saint-Germain,Lionel Messi,2,94 min 23 sec,98.5,41.6,21.56,20.97,1.6,Left Foot,direct,473,0.0827,0
e9b5334aff5ce8ce5471dfbbe8f301bc,3802685,Ligue 1,2021-2022,Lens,Jonathan Clauss,1,23 min 57 sec,87.6,40.3,32.4,14.07,0.3,Right Foot,direct,1,0.0282,0
3a1c0d8a54964e0408bfec1aa763a6b7,3802696,Ligue 1,2021-2022,Paris Saint-Germain,Ángel Di María,1,31 min 38 sec,86.8,42.2,33.27,13.68,2.2,Left Foot,direct,3,0.0255,0
09aca2ae295f7a32cc3709cdef9b0b1d,3802699,Ligue 1,2021-2022,Paris Saint-Germain,Lionel Messi,1,45 min 7 sec,93.6,50.3,28.34,15.02,10.3,Left Foot,direct,473,0.045,0
31bc5b9f21b8b6483ee710a46a116061,3802709,Ligue 1,2021-2022,Saint-Étienne,Ryad Boudebouz,2,56 min 35 sec,91.2,43.0,28.96,15.65,3.0,Left Foot,direct,6,0.0404,0
bcd22d7a64573ddc46c2808a276c2182,3802709,Ligue 1,2021-2022,Paris Saint-Germain,Lionel Messi,1,32 min 0 sec,95.5,26.2,28.12,14.2,13.8,Left Foot,direct,473,0.0445,0
6d6ffe4bfeec2fbab3a07dc68aca7992,3802709,Ligue 1,2021-2022,Paris Saint-Germain,Neymar,2,50 min 50 sec,96.6,34.4,24.06,18.39,5.6,Right Foot,direct,40,0.0749,0
8f5414a114673e19cdbc72f9f3dd15a4,3802709,Ligue 1,2021-2022,Paris Saint-Germain,Lionel Messi,2,90 min 11 sec,97.5,46.6,23.45,18.63,6.6,Left Foot,direct,473,0.0815,0
091064f8bfc286f79f98fba0807e8523,3802752,Ligue 1,2021-2022,Paris Saint-Germain,Lionel Messi,1,36 min 13 sec,92.7,38.7,27.33,16.63,1.3,Left Foot,direct,473,0.0608,0
3d3701598e4f50a704978d38d6d2bd29,3802752,Ligue 1,2021-2022,Paris Saint-Germain,Neymar,2,51 min 8 sec,88.8,26.9,33.84,12.47,13.1,Right Foot,direct,40,0.0102,0
216e5adb2cd98294c226d7e5a2923b0c,3802793,Ligue 1,2021-2022,Paris Saint-Germain,Lionel Messi,1,11 min 50 sec,100.9,53.2,23.22,16.28,13.2,Left Foot,direct,473,0.0622,0
566725a1fdce32a5fac6cdb851b7bf39,3802809,Ligue 1,2021-2022,Paris Saint-Germain,Lionel Messi,2,73 min 35 sec,97.9,37.5,22.24,20.27,2.5,Left Foot,direct,473,0.0815,0
70eb434470ab6f697715a8b88f8cf35b,3802809,Ligue 1,2021-2022,Paris Saint-Germain,Lionel Messi,1,30 min 16 sec,95.1,43.0,25.08,18.0,3.0,Left Foot,direct,473,0.0675,0
82bbacb7a77890928d909e21b7aa5764,3802818,Ligue 1,2021-2022,Lorient,Enzo Le Fée,2,54 min 2 sec,94.1,37.9,25.98,17.45,2.1,Right Foot,direct,1,0.0603,0
059ab4476dc2243a317721c7bca51694,3802818,Ligue 1,2021-2022,Paris Saint-Germain,Neymar,1,48 min 34 sec,95.1,24.8,29.17,13.42,15.2,Right Foot,direct,40,0.0412,0
de6034838844dec13292981707b711f6,3802839,Ligue 1,2021-2022,Paris Saint-Germain,Neymar,1,32 min 55 sec,101.0,41.8,19.09,23.58,1.8,Right Foot,direct,40,0.0908,0
cd84d158d231c144e9edc858fc0d9c43,3802902,Ligue 1,2021-2022,Olympique de Marseille,Dimitri Payet,2,58 min 4 sec,100.4,30.0,22.0,18.52,10.0,Right Foot,direct,19,0.0746,0
d9ef25f5cbe59ff9936cf21b8b71a172,3802902,Ligue 1,2021-2022,Olympique de Marseille,Dimitri Payet,2,85 min 59 sec,95.6,35.0,24.91,17.9,5.0,Right Foot,direct,19,0.077,0
2dba8de356380d25d4858a815a2445c3,3802904,Ligue 1,2021-2022,Paris Saint-Germain,Neymar,1,20 min 43 sec,99.7,25.2,25.12,14.79,14.8,Right Foot,direct,40,0.0587,0
270229ad6be4c35e1b73b3d19e517cbb,3802907,Ligue 1,2021-2022,Paris Saint-Germain,Lionel Messi,1,44 min 51 sec,98.5,49.9,23.67,17.54,9.9,Left Foot,direct,473,0.0761,0
375d70fea77aaf78a6ebd3bf90f6bd89,3802907,Ligue 1,2021-2022,Paris Saint-Germain,Lionel Messi,2,83 min 22 sec,98.0,53.7,25.92,15.03,13.7,Left Foot,direct,473,0.048,0
4ed40f9971caaf6532bee3fff6f63b5a,3802983,Ligue 1,2021-2022,Paris Saint-Germain,Lionel Messi,1,22 min 19 sec,97.5,50.9,25.0,16.46,10.9,Left Foot,direct,473,0.0635,0
5894f2bdbb953221e6e410457b466b6b,3802983,Ligue 1,2021-2022,Paris Saint-Germain,Neymar,1,33 min 27 sec,90.7,48.8,30.59,14.29,8.8,Right Foot,direct,40,0.0298,0
bde37ea05493c24662a3847abf166ed7,3802984,Ligue 1,2021-2022,Paris Saint-Germain,Lionel Messi,2,84 min 40 sec,94.4,34.3,26.23,16.95,5.7,Left Foot,direct,473,0.0605,0
ab649e3590af4e0ec627af235d1b04be,3857258,FIFA World Cup,2022-2022,Brazil,Neymar,2,49 min 57 sec,99.1,27.0,24.61,15.83,13.0,Right Foot,direct,40,0.0628,0
fe987e248c81ede2ab6097e62677e966,3857259,FIFA World Cup,2022-2022,Cameroon,Georges-Kevin N'Koudou,2,94 min 8 sec,103.3,13.7,31.15,7.97,26.3,Right Foot,direct,2,0.007,0
1074bf7a57b860139b82e1ddc3fae6cb,3857260,FIFA World Cup,2022-2022,Mexico,Luis Chávez,2,51 min 56 sec,86.7,41.3,33.33,13.68,1.3,Left Foot,direct,4,0.0243,1
eb7bbddc35fd3d28e09b85ffa9903fd7,3857260,FIFA World Cup,2022-2022,Mexico,Hirving Lozano,2,91 min 25 sec,92.9,31.8,28.31,15.43,8.2,Right Foot,direct,1,0.0536,0
c7a92d284fb6c21336e436802a3c2a6f,3857260,FIFA World Cup,2022-2022,Mexico,Luis Chávez,2,72 min 3 sec,87.3,40.5,32.7,13.94,0.5,Left Foot,direct,4,0.0272,0
46d6a3cde4165022abbafaf42b83ff2e,3857260,FIFA World Cup,2022-2022,Mexico,Luis Chávez,1,40 min 28 sec,84.6,49.2,36.58,12.09,9.2,Left Foot,direct,4,0.0066,0
5a950de8504d2cdb6f2a787b4c92b393,3857260,FIFA World Cup,2022-2022,Saudi Arabia,Mohammed Kanoo,1,12 min 58 sec,96.3,33.5,24.58,17.87,6.5,Right Foot,direct,1,0.0734,0
921e217ac5848f75cb1d0cefa5aa4e8a,3857261,FIFA World Cup,2022-2022,England,Marcus Rashford,2,49 min 17 sec,96.1,29.3,26.19,15.93,10.7,Right Foot,direct,3,0.0578,1
0d4b94492474b71fa54949d864627098,3857261,FIFA World Cup,2022-2022,Wales,Harry Wilson,2,82 min 59 sec,92.6,52.6,30.16,13.78,12.6,Left Foot,direct,1,0.0313,0
b30ca0c35f2637080051254f12c4ea00,3857262,FIFA World Cup,2022-2022,South Korea,Lee Kang-In,2,73 min 25 sec,88.0,49.4,33.35,13.14,9.4,Left Foot,direct,2,0.0237,0
95c741e67ec744ce487550450f1d0e7e,3857263,FIFA World Cup,2022-2022,Germany,Joshua Kimmich,2,80 min 18 sec,98.9,25.7,25.49,14.92,14.3,Right Foot,direct,1,0.0536,0
f64e741b3c2ce9107d486dded81245b7,3857267,FIFA World Cup,2022-2022,Ecuador,Enner Valencia,1,9 min 51 sec,86.9,40.9,33.11,13.77,0.9,Right Foot,direct,6,0.0216,0
34eb8d50a4b1f8b890b3c3c6e100e81c,3857270,FIFA World Cup,2022-2022,Portugal,Cristiano Ronaldo,1,17 min 45 sec,96.0,23.4,29.18,12.94,16.6,Right Foot,direct,70,0.0268,0
0c0ce62baba306f089cdca38dd26f72a,3857271,FIFA World Cup,2022-2022,England,Kieran Trippier,2,50 min 11 sec,93.9,27.7,28.85,14.34,12.3,Right Foot,direct,5,0.0429,0
f6f2e494dc14aacb50d611d23181b16f,3857275,FIFA World Cup,2022-2022,France,Kylian Mbappé,2,92 min 32 sec,95.6,30.2,26.29,16.12,9.8,Right Foot,direct,5,0.0642,0
4e8694c63507e4bbcd4ae42a048aa21c,3857276,FIFA World Cup,2022-2022,Morocco,Abdelhamid Sabiri,1,8 min 18 sec,86.8,38.4,33.24,13.71,1.6,Right Foot,direct,1,0.0221,0
e52ead49a4eee2326e0ca1738224246a,3857277,FIFA World Cup,2022-2022,Morocco,Hakim Ziyech,1,20 min 7 sec,94.5,37.4,25.63,17.65,2.6,Left Foot,direct,4,0.0663,0
ff1d1cca216f271dbba7fe7dd67d86cd,3857278,FIFA World Cup,2022-2022,United States,Yunus Dimoara Musah,2,68 min 45 sec,97.0,43.3,23.24,19.35,3.3,Right Foot,direct,1,0.0804,0
cea02d38a5058ac0bb1bd86ec204c59e,3857280,FIFA World Cup,2022-2022,Brazil,Rodrygo,1,29 min 41 sec,94.0,42.7,26.14,17.31,2.7,Right Foot,direct,4,0.0652,0
0a11153381f85e4190f9f424900277f8,3857280,FIFA World Cup,2022-2022,Brazil,Dani Alves,1,33 min 28 sec,96.7,29.3,25.64,16.21,10.7,Right Foot,direct,51,0.0649,0
51215de27791057018fdd4359f68fefb,3857281,FIFA World Cup,2022-2022,Canada,Alphonso Davies,2,62 min 33 sec,101.1,59.8,27.37,11.65,19.8,Left Foot,direct,3,0.012,0
d15c23c82056bfcdf375d60d9e131c16,3857283,FIFA World Cup,2022-2022,Belgium,Kevin De Bruyne,1,38 min 51 sec,112.6,6.7,34.11,2.95,33.3,Right Foot,direct,9,0.0074,0
7fcd32ee429f42a489a45193538c537b,3857289,FIFA World Cup,2022-2022,Argentina,Lionel Messi,2,50 min 59 sec,94.8,41.9,25.27,17.94,1.9,Left Foot,direct,473,0.0673,0
d68c0eb187e620cd2739b755d0c70898,3857289,FIFA World Cup,2022-2022,Mexico,Alexis Vega,1,44 min 17 sec,92.4,35.8,27.92,16.13,4.2,Right Foot,direct,1,0.0595,0
20f784ad20590974054f0dfea090cff7,3857291,FIFA World Cup,2022-2022,Spain,Carlos Soler,2,97 min 27 sec,103.5,16.7,28.55,9.38,23.3,Right Foot,direct,1,0.0086,0
015c34d6f0c6a55b01f99eef8fe715f9,3857293,FIFA World Cup,2022-2022,Uruguay,Nicolás De La Cruz,2,99 min 30 sec,91.4,33.9,29.24,15.25,6.1,Right Foot,direct,1,0.0429,0
e56e27f0fe044180b2e3b7a686a212c0,3857295,FIFA World Cup,2022-2022,Japan,Daichi Kamada,2,71 min 22 sec,101.2,43.2,19.07,23.39,3.2,Right Foot,direct,1,0.1003,0
bddca74c30cb44df562b461a4db17801,3857295,FIFA World Cup,2022-2022,Japan,Yuki Soma,2,62 min 40 sec,98.1,35.7,22.32,19.97,4.3,Right Foot,direct,1,0.0856,0
cdd52528f2feaf13a26bc8a3e5638835,3857297,FIFA World Cup,2022-2022,Saudi Arabia,Nawaf Al Abid,2,67 min 52 sec,95.1,46.7,25.79,17.07,6.7,Left Foot,direct,1,0.066,0
846eb112acec4385dd42e0ad954e3ee5,3857299,FIFA World Cup,2022-2022,South Korea,Lee Kang-In,2,74 min 34 sec,90.9,45.4,29.6,15.15,5.4,Left Foot,direct,2,0.0348,0
a5622259303630310c66363a8c619755,3857300,FIFA World Cup,2022-2022,Argentina,Lionel Messi,2,79 min 58 sec,92.8,47.1,28.11,15.7,7.1,Left Foot,direct,473,0.0568,0
02cae280d4c9aafc2d1312f913073af9,3869118,FIFA World Cup,2022-2022,Senegal,Bamba Dieng,2,92 min 22 sec,94.0,54.7,29.87,13.36,14.7,Right Foot,direct,1,0.033,0
78e525dc50afad47ba5796541038e0c9,3869118,FIFA World Cup,2022-2022,Senegal,Pape Sarr,2,73 min 18 sec,87.8,49.9,33.69,12.97,9.9,Right Foot,direct,1,0.0212,0
29da3b024d13e334145f021fba1e410e,3869152,FIFA World Cup,2022-2022,Poland,Robert Lewandowski,1,32 min 21 sec,94.8,26.6,28.54,14.17,13.4,Right Foot,direct,3,0.0426,0
9599010a73979225d50b378979e73940,3869152,FIFA World Cup,2022-2022,France,Antoine Griezmann,2,47 min 38 sec,106.9,63.2,26.64,8.59,23.2,Left Foot,direct,16,0.0088,0
a36a2d819023723b4e18587c5286f11c,3869220,FIFA World Cup,2022-2022,Morocco,Achraf Hakimi,1,11 min 4 sec,93.4,27.5,29.39,14.09,12.5,Right Foot,direct,1,0.042,0
e3d3719324b7dae525820d9cb70c800b,3869253,FIFA World Cup,2022-2022,Brazil,Raphinha,2,57 min 0 sec,91.0,34.0,29.61,15.08,6.0,Left Foot,direct,4,0.0432,0
8c6c245af8edbc2eda5281da5195f53f,3869254,FIFA World Cup,2022-2022,Switzerland,Xherdan Shaqiri,1,29 min 38 sec,87.2,46.1,33.36,13.45,6.1,Left Foot,direct,5,0.0239,0
2db57d00d6e791b0938f67752f014c6a,3869254,FIFA World Cup,2022-2022,Portugal,Cristiano Ronaldo,2,75 min 51 sec,88.9,44.9,31.48,14.31,4.9,Right Foot,direct,70,0.0288,0
dca917555c957f9092532e953ab3a4d4,3869321,FIFA World Cup,2022-2022,Netherlands,Steven Berghuis,2,92 min 12 sec,97.2,37.9,22.9,19.74,2.1,Left Foot,direct,1,0.0802,0
0c823b4b10c9709d7c25979560f46162,3869321,FIFA World Cup,2022-2022,Argentina,Lionel Messi,2,62 min 29 sec,96.0,33.3,24.92,17.61,6.7,Left Foot,direct,473,0.0761,0
722e4595c3f9046be1d3febbda6368bc,3869354,FIFA World Cup,2022-2022,England,Marcus Rashford,2,100 min 5 sec,97.5,34.1,23.26,18.92,5.9,Right Foot,direct,3,0.0792,0
d54c52c10b7ce98bbda1fb6b0fa766e9,3869354,FIFA World Cup,2022-2022,England,Luke Shaw,1,20 min 8 sec,98.0,53.2,25.66,15.33,13.2,Left Foot,direct,1,0.0559,0
fcc7faf5f524ddb66023662e457d77bc,3869420,FIFA World Cup,2022-2022,Brazil,Neymar,1,41 min 33 sec,100.9,17.2,29.74,9.98,22.8,Right Foot,direct,40,0.0082,0
6f97571355effbc4a922069e7fabc2dd,3869420,FIFA World Cup,2022-2022,Brazil,Casemiro,2,65 min 8 sec,89.1,28.8,32.87,13.08,11.2,Right Foot,direct,1,0.0261,0
a17e367adac378806235fa370920d321,3869519,FIFA World Cup,2022-2022,Croatia,Ivan Perišić,2,72 min 14 sec,82.3,43.9,37.9,11.99,3.9,Left Foot,direct,5,0.0075,0
5164a0af136986ae92766543efb4c21f,3837650,Ligue 1,2022-2023,Paris Saint-Germain,Lionel Messi,2,49 min 24 sec,96.1,40.9,23.92,18.98,0.9,Left Foot,direct,473,0.0773,0
268372986648759b5a8a69f8f7446b4c,3837650,Ligue 1,2022-2023,Clermont Foot,Muhammed Cham Saracevic,1,13 min 22 sec,91.6,42.1,28.48,15.95,2.1,Left Foot,direct,1,0.0463,0
a64354e986313d0a06868a4d6cf5c82e,3837659,Ligue 1,2022-2023,Paris Saint-Germain,Neymar,2,76 min 9 sec,86.6,45.8,33.9,13.27,5.8,Right Foot,direct,40,0.0186,0
32f9e79c630c696101e808caee5f2463,3837659,Ligue 1,2022-2023,Paris Saint-Germain,Lionel Messi,1,25 min 16 sec,94.3,48.1,26.95,16.15,8.1,Left Foot,direct,473,0.0594,0
cc964d042a0e88042fb7b0f3599852ab,3837659,Ligue 1,2022-2023,Paris Saint-Germain,Neymar,1,3 min 31 sec,99.6,22.5,26.88,13.01,17.5,Right Foot,direct,40,0.035,0
34746470def067c8f3d84fcf1c424d74,3837680,Ligue 1,2022-2023,AS Monaco,Caio Henrique,1,32 min 40 sec,95.1,38.6,24.94,18.2,1.4,Left Foot,direct,1,0.0672,0
58d52c02f47085e85d69f7ae2623d2ff,3837683,Ligue 1,2022-2023,Paris Saint-Germain,Lionel Messi,1,2 min 52 sec,95.0,35.0,25.5,17.51,5.0,Left Foot,direct,473,0.0789,0
049630af2a3ed01cb9ba2350eea8aedb,3837683,Ligue 1,2022-2023,Paris Saint-Germain,Lionel Messi,2,48 min 46 sec,98.6,38.3,21.47,21.05,1.7,Left Foot,direct,473,0.0835,0
e3539f029c417a92edbb9a43f8937b5a,3837683,Ligue 1,2022-2023,Toulouse,Branco van den Boomen,2,54 min 55 sec,89.3,29.9,32.32,13.43,10.1,Right Foot,direct,3,0.0302,0
14bb4cb88226c34c581d50fd20354fc8,3837695,Ligue 1,2022-2023,Paris Saint-Germain,Lionel Messi,2,73 min 24 sec,94.7,43.2,25.5,17.7,3.2,Left Foot,direct,473,0.0711,0
400ca68b4bdedda98adb994ed612079e,3837717,Ligue 1,2022-2023,Paris Saint-Germain,Lionel Messi,2,90 min 26 sec,98.8,24.8,26.09,14.32,15.2,Left Foot,direct,473,0.0463,0
9d4ddbf25d9773224bb30023a8394a96,3837727,Ligue 1,2022-2023,Paris Saint-Germain,Lionel Messi,1,28 min 0 sec,98.1,42.0,21.99,20.54,2.0,Left Foot,direct,473,0.0814,1
22ad84d5d03be66d0c8f116c04aaaebc,3837727,Ligue 1,2022-2023,Paris Saint-Germain,Lionel Messi,1,11 min 18 sec,89.6,43.3,30.58,14.82,3.3,Left Foot,direct,473,0.0357,0
2fc29e8f64ceb359558f82f6072966a7,3837727,Ligue 1,2022-2023,Paris Saint-Germain,Neymar,1,35 min 16 sec,96.0,45.8,24.69,17.92,5.8,Right Foot,direct,40,0.0794,0
3f8426168ba76fb254779e4fee883944,3837747,Ligue 1,2022-2023,Paris Saint-Germain,Lionel Messi,1,34 min 52 sec,98.6,42.3,21.52,20.95,2.3,Left Foot,direct,473,0.0772,0
93997ea70989fa9da630973e7192119b,3837752,Ligue 1,2022-2023,AC Ajaccio,Mohamed Youcef Belaïli,1,17 min 39 sec,99.0,14.9,32.73,9.05,25.1,Right Foot,direct,3,0.0076,0
5a97d66a2fe763757ebd3f0f2d85a59c,3837752,Ligue 1,2022-2023,Paris Saint-Germain,Lionel Messi,1,12 min 45 sec,90.9,45.0,29.53,15.22,5.0,Left Foot,direct,473,0.0395,0
f2bb0fddc7196da070e3d9f553b21d8b,3837771,Ligue 1,2022-2023,Paris Saint-Germain,Neymar,1,39 min 15 sec,99.9,27.1,23.88,16.17,12.9,Right Foot,direct,40,0.0623,0
ff6bdb20a971724f6fda0ea28c925121,3837818,Ligue 1,2022-2023,Paris Saint-Germain,Lionel Messi,1,37 min 2 sec,97.7,30.2,24.36,17.17,9.8,Left Foot,direct,473,0.0696,0
e928dae4a08130a83f40dcec7fc8fcfe,3837818,Ligue 1,2022-2023,Paris Saint-Germain,Neymar,2,89 min 23 sec,93.4,42.1,26.68,17.0,2.1,Right Foot,direct,40,0.0644,0
d3a911ac30498c5769141abca829c18b,3837827,Ligue 1,2022-2023,Rennes,Lovro Majer,2,55 min 43 sec,95.7,23.4,29.43,12.88,16.6,Left Foot,direct,2,0.0273,0
65ef6cae3864011d2b7b2eba4c71f510,3837827,Ligue 1,2022-2023,Rennes,Lovro Majer,2,58 min 46 sec,96.5,39.3,23.51,19.3,0.7,Left Foot,direct,2,0.0862,0
158460de2bb11eb34a28ffc858ff5479,3837844,Ligue 1,2022-2023,Montpellier,Téji Savanier,1,27 min 59 sec,94.3,40.9,25.72,17.67,0.9,Right Foot,direct,1,0.0685,0
79a939f217536c7fa9f9d98b6c2474b6,3837844,Ligue 1,2022-2023,Paris Saint-Germain,Lionel Messi,1,42 min 42 sec,93.5,41.6,26.55,17.11,1.6,Left Foot,direct,473,0.0584,0
adc3f579ed6e30f109edbb9209c594f9,3837859,Ligue 1,2022-2023,Toulouse,Branco van den Boomen,2,79 min 9 sec,97.7,48.3,23.79,17.97,8.3,Right Foot,direct,3,0.076,0
95a12ddee8ee51e4cb4fb57eb55d86fd,3837859,Ligue 1,2022-2023,Paris Saint-Germain,Lionel Messi,1,33 min 2 sec,90.4,45.4,30.09,14.91,5.4,Left Foot,direct,473,0.0425,0
dad88863898ae54a5d40830b6b6f32b3,3837859,Ligue 1,2022-2023,Toulouse,Branco van den Boomen,1,19 min 4 sec,95.6,46.2,25.18,17.53,6.2,Right Foot,direct,3,0.0671,1
82166f58f810e725d555b1fd50000acb,3837876,Ligue 1,2022-2023,Paris Saint-Germain,Lionel Messi,2,94 min 25 sec,95.6,40.8,24.41,18.6,0.8,Left Foot,direct,473,0.0757,1
7a9bfc78e8e4c52fc48b13199ff04a3d,3837885,Ligue 1,2022-2023,Olympique de Marseille,Alexis Sánchez,1,47 min 32 sec,99.1,44.3,21.34,20.84,4.3,Right Foot,direct,12,0.0857,0
a6b0997fb537214ed4d92d0941188299,3837896,Ligue 1,2022-2023,Paris Saint-Germain,Lionel Messi,2,66 min 59 sec,105.4,62.9,27.16,9.19,22.9,Left Foot,direct,473,0.0081,0
14d6664c41ff56094a7e87ae37d9cbd4,3837896,Ligue 1,2022-2023,Paris Saint-Germain,Kylian Mbappé,2,88 min 1 sec,98.2,23.1,27.58,13.18,16.9,Right Foot,direct,5,0.0365,0
5c70655a347af57779cbd6c154f00e7a,3837902,Ligue 1,2022-2023,Paris Saint-Germain,Lionel Messi,1,33 min 6 sec,98.6,41.0,21.42,21.13,1.0,Left Foot,direct,473,0.088,0
373467a2b98a9dceb047dda98ffb84c8,3837963,Ligue 1,2022-2023,Paris Saint-Germain,Sergio Ramos,1,10 min 0 sec,50.5,47.9,69.95,6.5,7.9,Right Foot,direct,3,0.0029,0
d841fea30c3f7dbcde2c9bf43759886a,3837987,Ligue 1,2022-2023,Paris Saint-Germain,Lionel Messi,1,40 min 28 sec,101.0,25.5,23.9,15.31,14.5,Left Foot,direct,473,0.0541,0
050feb3091dbcdf4e649d003b8070696,3838004,Ligue 1,2022-2023,Strasbourg,Dimitri Liénard,2,88 min 6 sec,97.4,41.1,22.63,20.03,1.1,Left Foot,direct,1,0.0775,0
d324dce6c8f23ab39e165ff07f611399,3838004,Ligue 1,2022-2023,Paris Saint-Germain,Lionel Messi,1,41 min 30 sec,93.4,38.2,26.66,17.03,1.8,Left Foot,direct,473,0.0614,0
37d64533b2a9e1b40b504ec24d6429b0,3838017,Ligue 1,2022-2023,Paris Saint-Germain,Lionel Messi,2,92 min 12 sec,92.7,46.0,27.95,15.93,6.0,Left Foot,direct,473,0.0582,0
b06dfc56474b3abb5db4818e25ca9f23,3838017,Ligue 1,2022-2023,Paris Saint-Germain,Lionel Messi,1,41 min 20 sec,95.5,48.4,25.9,16.66,8.4,Left Foot,direct,473,0.0599,0
b6bc001578e84624cff4eacec942cb5c,3920385,African Cup of Nations,2023-2023,Mozambique,Bruno Langa,2,48 min 27 sec,90.3,38.9,29.72,15.32,1.1,Left Foot,direct,1,0.0352,0
a7599c88dfd09855e77474c2fc05eb83,3920387,African Cup of Nations,2023-2023,Cape Verde Islands,Bebé,2,49 min 6 sec,100.9,48.2,20.79,20.17,8.2,Right Foot,direct,14,0.0937,0
986222506cb96c24e235f4d68fa06514,3920387,African Cup of Nations,2023-2023,Cape Verde Islands,Jamiro Monteiro,1,10 min 49 sec,100.4,19.8,28.15,11.42,20.2,Right Foot,direct,1,0.0128,0
63d30606d2b48a88bba1d51d188303f1,3920388,African Cup of Nations,2023-2023,Gambia,Musa Barrow,1,15 min 35 sec,99.0,56.5,26.71,13.55,16.5,Right Foot,direct,3,0.0444,0
db7cfa0cf462957da94aad846ecb3a2d,3920388,African Cup of Nations,2023-2023,Gambia,Musa Barrow,1,36 min 41 sec,103.5,15.4,29.62,8.71,24.6,Right Foot,direct,3,0.0076,0
79c5162e7a9ad8f27e345a0436731f57,3920389,African Cup of Nations,2023-2023,Cameroon,Georges-Kevin N'Koudou,2,55 min 16 sec,90.4,50.1,31.28,13.83,10.1,Right Foot,direct,2,0.0304,0
1094d2a2d74e92da2080f28a6ba9346e,3920390,African Cup of Nations,2023-2023,Algeria,Mohamed Youcef Belaïli,2,50 min 11 sec,110.3,14.2,27.56,5.96,25.8,Right Foot,direct,3,0.0063,0
ff8921ebcd1e0479d644371cafd5318b,3920391,African Cup of Nations,2023-2023,Mali,Sekou Koita,2,59 min 31 sec,100.6,24.3,24.96,14.35,15.7,Left Foot,direct,2,0.052,0
c00f57dfd18aa5e314f9684ae11d1ed2,3920391,African Cup of Nations,2023-2023,South Africa,Teboho Mokoena,2,93 min 46 sec,80.1,38.6,39.92,11.44,1.4,Right Foot,direct,5,0.0062,0
de4237f8e54cf04dfbda26f1bb210370,3920391,African Cup of Nations,2023-2023,South Africa,Aubrey Maphosa Modiba,1,43 min 24 sec,101.3,63.3,29.88,9.68,23.3,Left Foot,direct,2,0.0086,0
887b755d2b3eb0cac153052a14d0f300,3920392,African Cup of Nations,2023-2023,Mauritania,Aboubakary Koita,1,30 min 4 sec,100.6,19.0,28.59,10.96,21.0,Right Foot,direct,5,0.0103,0
0128113d0e4d30b60f841622a8490ee9,3920393,African Cup of Nations,2023-2023,Namibia,Deon Hotto Kavendji,2,85 min 36 sec,106.5,65.1,28.5,7.72,25.1,Left Foot,direct,2,0.0077,0
2cc52178a4c3422fa7b21e5924441093,3920394,African Cup of Nations,2023-2023,Morocco,Hakim Ziyech,1,29 min 8 sec,90.9,56.7,33.55,11.85,16.7,Left Foot,direct,4,0.0085,0
37edac003a3b19b2a3062ebfb752a4e1,3920395,African Cup of Nations,2023-2023,Congo DR,Arthur Masuaku,2,84 min 25 sec,97.3,53.5,26.41,14.92,13.5,Left Foot,direct,4,0.0571,0
d3cad0ee53d8e296e7c3c568e00deade,3920395,African Cup of Nations,2023-2023,Congo DR,Arthur Masuaku,2,55 min 58 sec,90.6,45.7,29.95,14.95,5.7,Left Foot,direct,4,0.0384,0
11117c12580931557ef8b2c9ba799aaf,3920397,African Cup of Nations,2023-2023,Equatorial Guinea,José Machín,2,59 min 57 sec,85.2,43.3,34.96,13.0,3.3,Right Foot,direct,1,0.0192,0
800b2a3fdc81a5dc00a98421c531742d,3920397,African Cup of Nations,2023-2023,Guinea-Bissau,Fali Candé,1,35 min 42 sec,93.1,57.8,32.26,11.86,17.8,Left Foot,direct,3,0.0086,0
d8b591e745427d65491ef7be20efffb3,3920398,African Cup of Nations,2023-2023,Côte d'Ivoire,Ibrahim Sangaré,2,69 min 25 sec,81.6,43.8,38.59,11.78,3.8,Right Foot,direct,1,0.0076,0
d476153ca59dd710f03b55aec9e95264,3920399,African Cup of Nations,2023-2023,Cape Verde Islands,Bebé,1,23 min 23 sec,81.2,22.4,42.61,9.79,17.6,Right Foot,direct,14,0.0063,0
05a0c34d240b63663b02eae07d30e378,3920399,African Cup of Nations,2023-2023,Cape Verde Islands,Bebé,1,31 min 49 sec,76.6,54.7,45.82,9.46,14.7,Right Foot,direct,14,0.0056,1
25f52a98f15b6342b0ca791d2cdbb360,3920399,African Cup of Nations,2023-2023,Mozambique,Geny Cipriano Catamo,2,58 min 41 sec,93.9,42.8,26.25,17.24,2.8,Left Foot,direct,1,0.0627,0
ab2099644c7789248d3e8393989ce538,3920401,African Cup of Nations,2023-2023,Gambia,Musa Barrow,2,92 min 48 sec,84.3,33.9,36.22,12.43,6.1,Right Foot,direct,3,0.0073,0
1c5719e3c8b25de1b3fb6b1553398330,3920401,African Cup of Nations,2023-2023,Guinea,Ilaix Moriba,1,42 min 6 sec,92.4,25.8,31.04,13.12,14.2,Right Foot,direct,1,0.0326,0
d613b815fcea05b7adfe9d2cc42a36f6,3920402,African Cup of Nations,2023-2023,Algeria,Mohamed Youcef Belaïli,2,50 min 21 sec,89.6,30.2,31.94,13.61,9.8,Right Foot,direct,3,0.0247,0
4ea0fc357e5d08b2090a72d6baebfb31,3920402,African Cup of Nations,2023-2023,Algeria,Fares Chaïbi,2,93 min 2 sec,115.3,14.8,25.63,3.36,25.2,Right Foot,direct,2,0.0077,0
2abae63dcc5d90533c93e3abaa621a02,3920403,African Cup of Nations,2023-2023,Angola,Fredy,1,24 min 54 sec,98.0,28.2,24.96,16.16,11.8,Right Foot,direct,1,0.0642,0
f60526d587fa7522380a563243dba5e5,3920403,African Cup of Nations,2023-2023,Mauritania,Aboubakary Koita,2,69 min 35 sec,81.0,46.3,39.51,11.42,6.3,Right Foot,direct,5,0.0067,0
f51038e006a44d6830debc4c50cd6c2e,3920404,African Cup of Nations,2023-2023,Mali,Sekou Koita,1,32 min 38 sec,96.1,38.7,23.94,18.95,1.3,Left Foot,direct,2,0.0777,0
47d133fc322b51d436103518c60ebcf9,3920404,African Cup of Nations,2023-2023,Mali,Yves Bissouma,2,96 min 4 sec,100.6,56.7,25.6,13.65,16.7,Right Foot,direct,2,0.0449,0
3b4c3a9ab7ea3c9489185f007dc37111,3920405,African Cup of Nations,2023-2023,Morocco,Hakim Ziyech,2,64 min 5 sec,79.5,41.0,40.51,11.27,1.0,Left Foot,direct,4,0.0055,0
427c15c07e80aa1b004f641f490f9950,3920407,African Cup of Nations,2023-2023,South Africa,Aubrey Maphosa Modiba,2,63 min 34 sec,96.4,57.3,29.26,12.66,17.3,Left Foot,direct,2,0.0208,0
e79806a0151e1f280d70efeaf4c83204,3920407,African Cup of Nations,2023-2023,South Africa,Teboho Mokoena,2,73 min 23 sec,102.1,13.8,31.73,8.22,26.2,Right Foot,direct,5,0.0069,0
92bee1a0f09c4fa465343afc0c04f28c,3920408,African Cup of Nations,2023-2023,Equatorial Guinea,Saúl Coco,1,14 min 5 sec,78.2,28.6,43.33,10.19,11.4,Right Foot,direct,3,0.0068,0
478edadedf0c33bae3ff596329b9201e,3920408,African Cup of Nations,2023-2023,Equatorial Guinea,Pablo Ganet,2,72 min 2 sec,95.5,26.0,28.22,14.1,14.0,Right Foot,direct,1,0.0434,1
69c2c2932b7098d330fa0a65bb5a8ce1,3920408,African Cup of Nations,2023-2023,Equatorial Guinea,Saúl Coco,2,53 min 8 sec,87.5,25.2,35.71,11.67,14.8,Right Foot,direct,3,0.0083,0
f0195390ff9bf10341fa7316f1ba074a,3920408,African Cup of Nations,2023-2023,Côte d'Ivoire,Max Gradel,2,91 min 38 sec,102.9,17.3,28.42,9.8,22.7,Right Foot,direct,2,0.0094,0
e2662a090e5f94fe48140f4d4c908d7c,3920409,African Cup of Nations,2023-2023,Guinea-Bissau,Famana Quizera,2,50 min 20 sec,87.3,62.6,39.75,9.5,22.6,Right Foot,direct,1,0.0075,0
8b7098b5822d0d3881a64e5ad2c0d156,3920409,African Cup of Nations,2023-2023,Guinea-Bissau,Fali Candé,2,80 min 7 sec,86.5,45.5,33.95,13.27,5.5,Left Foot,direct,3,0.022,0
84d10a9bcaa8f0e38b1f69ca20f1971f,3920409,African Cup of Nations,2023-2023,Guinea-Bissau,Fali Candé,2,88 min 23 sec,91.0,46.1,29.63,15.06,6.1,Left Foot,direct,3,0.0425,0
1e4f8d2902cb59e9cd95eacb096ab06a,3920410,African Cup of Nations,2023-2023,Ghana,Mohammed Kudus,2,84 min 21 sec,86.8,38.4,33.24,13.71,1.6,Left Foot,direct,1,0.0222,0
3c5e6ae37a7b6f2ee85bda3258da8665,3920411,African Cup of Nations,2023-2023,Egypt,Omar Marmoush,2,67 min 23 sec,93.6,38.0,26.48,17.14,2.0,Right Foot,direct,1,0.0592,0
0123ceb6fab5a218a315ad6967280cff,3920414,African Cup of Nations,2023-2023,Burkina Faso,Dango Ouattara,2,89 min 31 sec,105.3,62.7,27.04,9.34,22.7,Left Foot,direct,1,0.0085,0
cf43653c14d310d0a356de08eb015c86,3920415,African Cup of Nations,2023-2023,Mauritania,Aboubakary Koita,2,58 min 40 sec,95.9,21.7,30.26,12.1,18.3,Right Foot,direct,5,0.011,0
966eed6f8b82af4b1513a13a57c3fc65,3920416,African Cup of Nations,2023-2023,Tunisia,Anis Slimane,1,12 min 45 sec,80.5,23.1,42.96,9.8,16.9,Right Foot,direct,1,0.0062,0
52ec75507bc85aac1d3e85bcc3ed5405,3920417,African Cup of Nations,2023-2023,Mali,Amadou Dante,2,84 min 14 sec,89.5,29.4,32.29,13.37,10.6,Left Foot,direct,1,0.0292,0
2e1e736cc60f27367f651ed629cc9cfb,3920417,African Cup of Nations,2023-2023,Mali,Adama Traoré,2,87 min 13 sec,90.1,47.2,30.75,14.43,7.2,Left Foot,direct,6,0.0419,0
83d97498c4159a9e4ab203a648109152,3920417,African Cup of Nations,2023-2023,Mali,Yves Bissouma,2,70 min 26 sec,86.8,51.9,35.27,12.21,11.9,Right Foot,direct,2,0.0081,0
492463f8565ae5199071322c8d055a18,3920418,African Cup of Nations,2023-2023,Congo DR,Gaël Kakuta,1,10 min 26 sec,89.6,35.8,30.69,14.72,4.2,Left Foot,direct,1,0.0379,0
b007973ddc03d8181ac4da7e8c670b77,3920418,African Cup of Nations,2023-2023,Congo DR,Yoane Wissa,1,31 min 7 sec,93.2,34.2,27.42,16.24,5.8,Right Foot,direct,3,0.0584,0
b82141cc9e9ea41bed56279a8c532dec,3922237,African Cup of Nations,2023-2023,Namibia,Riaan Hanamub,2,87 min 33 sec,87.4,53.1,35.13,12.08,13.1,Left Foot,direct,1,0.0079,0
9f5c43509f356478aa097d1c303c81f6,3922237,African Cup of Nations,2023-2023,Namibia,Deon Hotto Kavendji,1,21 min 5 sec,100.6,45.2,20.08,21.83,5.2,Left Foot,direct,2,0.0864,0
a375b2f03fef352cfb796ebc6f9c68be,3922238,African Cup of Nations,2023-2023,Nigeria,Ademola Lookman,2,54 min 49 sec,100.2,42.4,19.94,22.53,2.4,Right Foot,direct,1,0.1006,0
568f32b2b33b56d8981a55306e1a1116,3922239,African Cup of Nations,2023-2023,Guinea,Aguibou Camara,1,46 min 44 sec,106.8,14.7,28.54,7.54,25.3,Right Foot,direct,1,0.0073,0
933ea3665ec46f50591fe97a9f32c567,3922239,African Cup of Nations,2023-2023,Equatorial Guinea,Saúl Coco,1,17 min 42 sec,87.0,30.7,34.29,12.83,9.3,Right Foot,direct,3,0.0184,0
6611bcd76229a1e410d097ad6d0e54d3,3922240,African Cup of Nations,2023-2023,Egypt,Mostafa Mohamed,1,40 min 55 sec,95.7,33.9,25.05,17.63,6.1,Right Foot,direct,1,0.0714,0
3e4b0ee66b3ea4948414d7d34e6f80bb,3922240,African Cup of Nations,2023-2023,Congo DR,Arthur Masuaku,3,99 min 36 sec,98.4,61.9,30.76,10.52,21.9,Left Foot,direct,4,0.0099,0
67bf8faf162b0ba2b08a47823a1424c4,3922240,African Cup of Nations,2023-2023,Congo DR,Yoane Wissa,1,16 min 16 sec,94.7,24.9,29.46,13.36,15.1,Right Foot,direct,3,0.0363,0
1c00a48b240b111804b625c5446656d4,3922241,African Cup of Nations,2023-2023,Mauritania,Bodda Mouhsine,1,14 min 24 sec,89.5,49.1,31.83,13.75,9.1,Left Foot,direct,1,0.0288,0
5db7e3bf38694479c950aa823fe49ac2,3922241,African Cup of Nations,2023-2023,Mauritania,Aboubakary Koita,2,56 min 31 sec,96.5,52.5,26.62,15.19,12.5,Right Foot,direct,5,0.0528,0
387037dca1e0951ef999de44ef5fe36b,3922241,African Cup of Nations,2023-2023,Cape Verde Islands,Bebé,2,67 min 52 sec,72.5,53.8,49.46,8.89,13.8,Right Foot,direct,14,0.0043,0
e193cf4928bea0a0ca9a97e52f8a0010,3922241,African Cup of Nations,2023-2023,Cape Verde Islands,Bebé,1,21 min 49 sec,107.3,7.6,34.8,4.86,32.4,Right Foot,direct,14,0.0073,0
ecae351780c329237a0be4d71ff2a319,3922241,African Cup of Nations,2023-2023,Mauritania,Aboubakary Koita,2,95 min 39 sec,94.2,56.0,30.36,12.84,16.0,Right Foot,direct,5,0.0232,0
637915b78fce7c2292f1f68920fee5a4,3922243,African Cup of Nations,2023-2023,South Africa,Teboho Mokoena,2,94 min 21 sec,98.2,21.2,28.79,12.11,18.8,Right Foot,direct,5,0.0113,1
c46a08884711035688eb6cc2660d3bc2,3922244,African Cup of Nations,2023-2023,Burkina Faso,Bertrand Traoré,1,21 min 38 sec,80.1,41.4,39.92,11.44,1.4,Left Foot,direct,1,0.0069,0
f10ac610e39c6595a354f84dfdcc2224,3922244,African Cup of Nations,2023-2023,Mali,Adama Traoré,1,49 min 29 sec,87.2,37.1,32.93,13.8,2.9,Left Foot,direct,6,0.026,0
f56de510fb2001a01f438e007c8d1c86,3922244,African Cup of Nations,2023-2023,Mali,Kamory Doumbia,2,83 min 53 sec,85.1,36.6,35.07,12.96,3.4,Right Foot,direct,1,0.0186,0
b30f229fc9965eab453afb6abf97097a,3922244,African Cup of Nations,2023-2023,Mali,Adama Traoré,2,62 min 5 sec,84.0,32.3,36.81,12.14,7.7,Left Foot,direct,6,0.0079,0
7dcfc0063fdad31ae749a81a85cacee0,3922321,African Cup of Nations,2023-2023,Nigeria,Zaidu Sanusi,2,63 min 47 sec,95.8,49.0,25.82,16.57,9.0,Left Foot,direct,1,0.0672,0
3fb99ce21c7eb49c54bf84be4d5f9af0,3922356,African Cup of Nations,2023-2023,Congo DR,Yoane Wissa,2,48 min 23 sec,89.4,33.5,31.28,14.27,6.5,Right Foot,direct,3,0.035,0
eaaea1ec1b30c4be1fbff6ef3ca2bbb0,3922356,African Cup of Nations,2023-2023,Congo DR,Arthur Masuaku,2,81 min 30 sec,99.5,2.9,42.39,5.26,37.1,Left Foot,direct,4,0.0073,1
420662f56a32ade669ddf405aa07a6a9,3922658,African Cup of Nations,2023-2023,South Africa,Teboho Mokoena,1,28 min 25 sec,96.6,35.7,23.79,18.8,4.3,Right Foot,direct,5,0.0773,0
68736a2c91afd49616f1bb8f2e63b40d,3922658,African Cup of Nations,2023-2023,Cape Verde Islands,Bebé,2,79 min 56 sec,86.3,63.3,40.97,9.21,23.3,Right Foot,direct,14,0.0065,0
1edea305038de4c8b6514e781a529b2e,3922659,African Cup of Nations,2023-2023,Mali,Adama Traoré,1,45 min 18 sec,98.1,38.3,21.97,20.58,1.7,Left Foot,direct,6,0.0778,0
ad2e1f59a0a3e7e55859eb9a6f818fea,3922837,African Cup of Nations,2023-2023,Nigeria,Kelechi Iheanacho,4,116 min 59 sec,101.5,50.4,21.22,18.81,10.4,Left Foot,direct,1,0.0861,0
0c3e14fb5122f0798ae0644ff8196433,3922837,African Cup of Nations,2023-2023,South Africa,Teboho Mokoena,2,95 min 32 sec,87.1,35.0,33.28,13.56,5.0,Right Foot,direct,5,0.025,0
e67f4bd42298dca73a9f9d716eef9c10,3877060,Major League Soccer,2023-2023,New York Red Bulls,John Tolkin,1,20 min 17 sec,96.6,32.4,24.6,17.62,7.6,Left Foot,direct,1,0.0771,0
cd040f9b096b9a208aadaab5fdd54d82,3877060,Major League Soccer,2023-2023,Inter Miami,Lionel Messi,2,87 min 53 sec,99.3,41.8,20.78,21.72,1.8,Left Foot,direct,473,0.0811,0
8f24fb3ffcf739e9a67ec327b2c98584,3877072,Major League Soccer,2023-2023,Inter Miami,Lionel Messi,2,82 min 3 sec,91.5,46.4,29.21,15.23,6.4,Left Foot,direct,473,0.0447,0
8de87e65f0295985a2b8f6a05f4321f3,3877072,Major League Soccer,2023-2023,Inter Miami,Lionel Messi,2,60 min 11 sec,98.9,52.8,24.68,15.89,12.8,Left Foot,direct,473,0.0627,0
b0f331740556150cc19b4b158e1239bb,3877072,Major League Soccer,2023-2023,Nashville SC,Hany Mukhtar,2,84 min 41 sec,97.4,51.3,25.27,16.2,11.3,Right Foot,direct,1,0.0575,0
635714491fef95eb06d5dff08bbc8d2f,3877090,Major League Soccer,2023-2023,LAFC,Mateusz Bogusz,1,45 min 34 sec,89.9,36.8,30.27,14.97,3.2,Right Foot,direct,1,0.0358,0
c7ecc9746fe037821ae51332ca5e38cf,3877170,Major League Soccer,2023-2023,Inter Miami,Lionel Messi,2,93 min 55 sec,97.9,35.1,22.64,19.6,4.9,Left Foot,direct,473,0.0878,0
fd889a6004972e76ab62e5641e7f9752,3877170,Major League Soccer,2023-2023,Inter Miami,Lionel Messi,2,58 min 57 sec,94.8,48.0,26.44,16.44,8.0,Left Foot,direct,473,0.059,0
6f0fb8a0ec26e087f5dcfa6168379b26,3877194,Major League Soccer,2023-2023,Inter Miami,Lionel Messi,2,61 min 35 sec,114.3,62.9,23.6,4.82,22.9,Left Foot,direct,473,0.0079,0
d6c43ce34cc4188063c9affc31e6c7bd,3877194,Major League Soccer,2023-2023,Charlotte,Karol Świderski,1,19 min 1 sec,91.1,35.7,29.22,15.43,4.3,Left Foot,direct,1,0.0463,0
bafbd56f3acd2a43a09688c5677f0987,3877194,Major League Soccer,2023-2023,Inter Miami,Lionel Messi,2,65 min 2 sec,89.1,47.4,31.77,13.97,7.4,Left Foot,direct,473,0.0238,0
ff0909ebc681d68de1e3cc5b303627b6,3895067,1. Bundesliga,2023-2024,Bayer Leverkusen,Álex Grimaldo,1,41 min 55 sec,99.6,40.6,20.41,22.17,0.6,Left Foot,direct,18,0.0962,0
5e00fc33323cec6167d70883184487bc,3895074,1. Bundesliga,2023-2024,Bayer Leverkusen,Álex Grimaldo,1,23 min 54 sec,94.6,42.2,25.5,17.77,2.2,Left Foot,direct,18,0.0661,1
dcee94d85ed8ea596eb22bd16fc28d7b,3895095,1. Bundesliga,2023-2024,FSV Mainz 05,Edimilson Fernandes,1,4 min 20 sec,101.8,21.3,26.09,12.35,18.7,Right Foot,direct,1,0.0111,0
20ca9202119583de0d1566e6086d0447,3895095,1. Bundesliga,2023-2024,Bayer Leverkusen,Álex Grimaldo,1,9 min 9 sec,91.6,42.0,28.47,15.96,2.0,Left Foot,direct,18,0.0463,0
cf303ec0e5b10965d3c4b06bb6e798ce,3895095,1. Bundesliga,2023-2024,Bayer Leverkusen,Álex Grimaldo,2,58 min 44 sec,98.8,34.5,21.9,20.09,5.5,Left Foot,direct,18,0.0827,1
0f3804a4dea2cd4f7242368bece40510,3895113,1. Bundesliga,2023-2024,Wolfsburg,Mattias Svanberg,2,67 min 58 sec,94.6,30.8,27.01,15.89,9.2,Right Foot,direct,1,0.0585,0
4edbfebb4a40e045e92522a95663b872,3895121,1. Bundesliga,2023-2024,Bayer Leverkusen,Álex Grimaldo,1,14 min 3 sec,116.6,63.4,23.65,2.87,23.4,Left Foot,direct,18,0.0079,0
fe81ee0df6bc659b5af105a667f4e22b,3895139,1. Bundesliga,2023-2024,Bayer Leverkusen,Álex Grimaldo,2,63 min 55 sec,94.0,23.7,30.69,12.66,16.3,Left Foot,direct,18,0.0156,0
5f53adb8f4779ef183b3105ac11be457,3895158,1. Bundesliga,2023-2024,Bayer Leverkusen,Álex Grimaldo,1,30 min 51 sec,92.9,33.0,27.99,15.78,7.0,Left Foot,direct,18,0.0538,0
761b584f8ac5c93f19dc3886fd639669,3895167,1. Bundesliga,2023-2024,VfB Stuttgart,Serhou Guirassy,1,6 min 11 sec,89.6,30.2,31.94,13.61,9.8,Right Foot,direct,1,0.026,0
6fed7ebfde40ef82097432702c6b6993,3895180,1. Bundesliga,2023-2024,Bayer Leverkusen,Álex Grimaldo,1,33 min 57 sec,95.5,44.2,24.86,18.04,4.2,Left Foot,direct,18,0.0753,0
8f4183411769e83f6187a23d2c9bdf9f,3895250,1. Bundesliga,2023-2024,Bayer Leverkusen,Álex Grimaldo,1,42 min 55 sec,92.0,45.2,28.48,15.74,5.2,Left Foot,direct,18,0.0467,0
4180588d21684060e7c631181d98dab8,3895258,1. Bundesliga,2023-2024,Bayer Leverkusen,Álex Grimaldo,1,30 min 58 sec,99.6,21.4,27.61,12.34,18.6,Left Foot,direct,18,0.012,0
52399b0a08428574ee84ca3135acda1a,3895258,1. Bundesliga,2023-2024,Bayer Leverkusen,Álex Grimaldo,1,21 min 36 sec,93.0,32.7,27.97,15.74,7.3,Left Foot,direct,18,0.0538,0
50f17ffb5018ded4688229d1e30062f3,3895266,1. Bundesliga,2023-2024,Bayer Leverkusen,Florian Wirtz,2,50 min 28 sec,89.3,30.0,32.29,13.46,10.0,Right Foot,direct,1,0.0251,0
994a76d03b6630beb07c25bb538a9b21,3895275,1. Bundesliga,2023-2024,Bayer Leverkusen,Álex Grimaldo,2,72 min 21 sec,96.7,45.2,23.87,18.6,5.2,Left Foot,direct,18,0.0765,0
0985c56d42845a5fd8267346e733d4c8,3895286,1. Bundesliga,2023-2024,Bayer Leverkusen,Álex Grimaldo,2,64 min 37 sec,93.4,28.8,28.86,14.6,11.2,Left Foot,direct,18,0.0446,0
d76c6496c27c7896661d11890ec1b554,3895292,1. Bundesliga,2023-2024,Bayer Leverkusen,Álex Grimaldo,1,10 min 19 sec,98.5,49.2,23.39,17.95,9.2,Left Foot,direct,18,0.0756,0
b757774a6cf76fef47d43be49e4b752c,3895309,1. Bundesliga,2023-2024,Bayer Leverkusen,Álex Grimaldo,1,37 min 59 sec,95.6,48.6,25.87,16.64,8.6,Left Foot,direct,18,0.067,0
ec38ce04e2f6f58a39cc62848484f74d,3895309,1. Bundesliga,2023-2024,Bayer Leverkusen,Álex Grimaldo,2,56 min 25 sec,113.5,65.7,26.51,4.33,25.7,Left Foot,direct,18,0.0084,0
a5f148a017662a0530d54f5698b3ef3d,3895309,1. Bundesliga,2023-2024,Bayer Leverkusen,Álex Grimaldo,2,96 min 10 sec,90.5,36.3,29.73,15.21,3.7,Left Foot,direct,18,0.0359,0
d0e2e8b576e124e5e4e86bbeeca54c2c,3895320,1. Bundesliga,2023-2024,Bayer Leverkusen,Álex Grimaldo,2,70 min 32 sec,94.2,47.0,26.73,16.46,7.0,Left Foot,direct,18,0.0655,0
ca30854a130b56bceeba18949415ca3b,3895320,1. Bundesliga,2023-2024,Bayer Leverkusen,Robert Andrich,1,46 min 49 sec,96.1,29.1,26.27,15.84,10.9,Right Foot,direct,2,0.063,0
66df51f88f561ca58497257f59699e89,3895333,1. Bundesliga,2023-2024,Eintracht Frankfurt,Fares Chaïbi,2,74 min 1 sec,89.5,44.0,30.76,14.7,4.0,Right Foot,direct,2,0.0391,0
c58a4f7c30764eb681d6f1b0a0236928,3895340,1. Bundesliga,2023-2024,Bayer Leverkusen,Robert Andrich,1,15 min 56 sec,94.9,35.3,25.54,17.52,4.7,Right Foot,direct,2,0.0719,0
41b4369161199f72f97d15595dc2cd66,3895348,1. Bundesliga,2023-2024,Augsburg,Arne Engels,2,56 min 54 sec,98.4,44.7,22.11,20.08,4.7,Right Foot,direct,1,0.0827,0
ec310f465ce5cfe71d593d6cacc367b4,3939969,Copa America,2024-2024,Canada,Alphonso Davies,1,23 min 0 sec,98.6,45.7,22.15,19.84,5.7,Left Foot,direct,3,0.0809,0
de792235dd11008eda2209eb9feaee7b,3939969,Copa America,2024-2024,Argentina,Lionel Messi,2,95 min 12 sec,93.6,42.1,26.48,17.13,2.1,Left Foot,direct,473,0.0619,0
01a3f861cb924564b6f98fc72b1f13d7,3939971,Copa America,2024-2024,Jamaica,Shamar Nicholson,2,83 min 49 sec,94.5,49.2,27.11,15.84,9.2,Right Foot,direct,1,0.0518,0
37979e86aeb3b4212a1def03ce8280dd,3939971,Copa America,2024-2024,Mexico,Luis Chávez,1,35 min 12 sec,86.7,36.2,33.52,13.53,3.8,Left Foot,direct,4,0.0257,0
b909ba5d3d9f7145c2687550c3770acc,3939973,Copa America,2024-2024,Panama,Michael Murillo,2,76 min 35 sec,97.4,32.3,23.88,18.07,7.7,Right Foot,direct,1,0.0756,0
623116db13f04194836897f531748625,3939974,Copa America,2024-2024,Bolivia,Fernando Javier Saucedo Pereyra,1,4 min 46 sec,102.6,3.0,40.89,4.81,37.0,Right Foot,direct,1,0.0074,0
127017c50cfe56107ff602be9ea1d126,3939975,Copa America,2024-2024,Paraguay,Julio Enciso,1,16 min 41 sec,98.6,18.2,30.55,10.57,21.8,Right Foot,direct,2,0.0097,0
651c0027608e3f0e9a5460cddf3ed0d6,3939978,Copa America,2024-2024,Peru,Paolo Guerrero,2,94 min 51 sec,94.0,26.9,29.11,14.04,13.1,Right Foot,direct,2,0.0399,0
106ada0f8f59e3edf3a44a135e70e354,3939980,Copa America,2024-2024,Ecuador,Moisés Caicedo,1,3 min 42 sec,113.1,16.4,24.59,5.36,23.6,Right Foot,direct,2,0.0077,0
6d7f2b5aa3beaa95630c3ccdd9e5bdd9,3939983,Copa America,2024-2024,Paraguay,Julio Enciso,2,47 min 21 sec,92.7,28.3,29.7,14.15,11.7,Right Foot,direct,2,0.0411,0
9f6462a09a3c34af0751a61045a4d889,3939983,Copa America,2024-2024,Brazil,Rodrygo,2,54 min 1 sec,89.8,47.8,31.19,14.17,7.8,Right Foot,direct,4,0.0331,0
48c2b09739a491fd807124bc17373b38,3939985,Copa America,2024-2024,Canada,Alphonso Davies,1,28 min 19 sec,102.1,63.9,29.86,9.29,23.9,Left Foot,direct,3,0.0079,0
75005fd25c326ae347129c4bea79de46,3939985,Copa America,2024-2024,Chile,Marcelino Núñez,1,37 min 19 sec,93.7,24.1,30.73,12.77,15.9,Right Foot,direct,1,0.0223,0
fef442f7a4a131ec971d84e37b905b05,3939986,Copa America,2024-2024,Argentina,Leandro Paredes,1,25 min 45 sec,91.1,30.1,30.55,14.15,9.9,Right Foot,direct,11,0.0334,0
d6f5899c84d38dfa9cb2e553f774f21c,3939988,Copa America,2024-2024,Ecuador,Moisés Caicedo,1,6 min 51 sec,94.3,30.3,27.47,15.56,9.7,Right Foot,direct,2,0.0538,0
20ab9d562c3fd1af89bcb4a1ff343ef8,3939988,Copa America,2024-2024,Ecuador,Enner Valencia,2,82 min 30 sec,99.0,55.2,25.92,14.36,15.2,Right Foot,direct,6,0.0462,0
2d7b9c4a2e81ce24d55492ef1f36f05d,3939988,Copa America,2024-2024,Ecuador,Kendry Páez,1,18 min 33 sec,113.3,75.6,36.22,2.37,35.6,Left Foot,direct,1,0.0076,0
4e971ec8cfdef6a018ff63a8d08b2d1a,3939991,Copa America,2024-2024,Colombia,James Rodríguez,1,33 min 55 sec,101.7,3.3,41.01,5.02,36.7,Left Foot,direct,8,0.0084,0
7db031851165e08fc0e5ff4c86a2293c,3939991,Copa America,2024-2024,Brazil,Raphinha,2,58 min 56 sec,97.0,52.3,26.08,15.48,12.3,Left Foot,direct,4,0.0518,0
995963decc756bc8a638cfd65e821dcb,3939991,Copa America,2024-2024,Colombia,James Rodríguez,1,7 min 45 sec,88.9,51.5,33.16,12.93,11.5,Left Foot,direct,8,0.0203,0
7e0cb85bb0157e1fb550eb743e00730d,3939991,Copa America,2024-2024,Brazil,Raphinha,1,11 min 45 sec,92.0,51.3,30.19,14.04,11.3,Left Foot,direct,4,0.0405,1
07fcd4f938937138aa06c94489ec92c1,3939992,Copa America,2024-2024,Paraguay,Ángel Romero,2,83 min 31 sec,96.8,46.7,24.15,18.12,6.7,Right Foot,direct,1,0.0727,0
0fed02e38adb5c448f38c59b70a6f6a8,3942228,Copa America,2024-2024,Ecuador,Ángel Mena,2,81 min 45 sec,91.9,38.3,28.15,16.15,1.7,Left Foot,direct,1,0.0521,0
d055e4540809e674ccc1506def5ce412,3942415,Copa America,2024-2024,Uruguay,Federico Valverde,2,87 min 0 sec,87.8,37.2,32.32,14.06,2.8,Right Foot,direct,2,0.0253,0
fa938faa36ad49a574af3c659bc763fe,3942415,Copa America,2024-2024,Brazil,Raphinha,1,13 min 35 sec,90.9,50.3,30.87,13.95,10.3,Left Foot,direct,4,0.0362,0
5a468c84f52ee0aca32217cd966404a8,3942415,Copa America,2024-2024,Brazil,Rodrygo,1,37 min 14 sec,93.5,46.0,27.17,16.36,6.0,Right Foot,direct,4,0.0563,0
eb266b6a4464244a01163ab001af5a50,3942415,Copa America,2024-2024,Brazil,Rodrygo,2,75 min 27 sec,88.4,34.5,32.08,14.01,5.5,Right Foot,direct,4,0.0254,0
0e3a292a60f11b11c269e9a97942a4b2,3942416,Copa America,2024-2024,Panama,Édgar Yoel Bárcenas,1,36 min 45 sec,92.8,41.2,27.23,16.7,1.2,Right Foot,direct,2,0.0596,0
2a6325c4ac0f62666593baa1fb80524a,3942416,Copa America,2024-2024,Panama,Erick Davis,2,75 min 43 sec,91.4,34.0,29.22,15.27,6.0,Left Foot,direct,1,0.0403,0
1c89ff7f3ff13a5ced951bc38b926c94,3943076,Copa America,2024-2024,Uruguay,Darwin Núñez,1,36 min 29 sec,99.0,32.8,22.2,19.41,7.2,Right Foot,direct,1,0.0828,0
ec957bca26aa21a795947643b94b7212,3943076,Copa America,2024-2024,Uruguay,Federico Valverde,1,7 min 14 sec,90.6,23.8,33.57,11.96,16.2,Right Foot,direct,2,0.0085,0
155f6f438e06cbbc5377d93b98b39240,3943077,Copa America,2024-2024,Colombia,James Rodríguez,2,81 min 44 sec,94.8,24.9,29.38,13.39,15.1,Left Foot,direct,8,0.0396,0
8b38e5d6724eaf1f146a436fa44a1f08,3930160,UEFA Euro,2024-2024,Spain,Lamine Yamal,2,57 min 18 sec,91.3,45.4,29.2,15.34,5.4,Left Foot,direct,3,0.0423,0
3439fda706c3050ba26686e28e665d03,3930161,UEFA Euro,2024-2024,Albania,Kristjan Asllani,2,51 min 43 sec,92.6,22.7,32.4,11.97,17.3,Right Foot,direct,1,0.0086,0
670f0ad6ee40ea512e5c40cf8c0a4029,3930163,UEFA Euro,2024-2024,England,Trent Alexander-Arnold,1,29 min 49 sec,92.2,46.3,28.5,15.6,6.3,Right Foot,direct,2,0.0535,0
d4ccdc1c98344a9325a76c7f0fe5e494,3930166,UEFA Euro,2024-2024,Portugal,Cristiano Ronaldo,2,57 min 41 sec,92.3,38.0,27.77,16.35,2.0,Right Foot,direct,70,0.0524,0
313e9a13022accd9df6ac4bef865ce08,3930168,UEFA Euro,2024-2024,Germany,Leroy Sané,2,76 min 43 sec,88.7,42.1,31.37,14.5,2.1,Left Foot,direct,4,0.0287,0
dc9bc52ac6ae6a1f8db615f63cbcb832,3930168,UEFA Euro,2024-2024,Hungary,Dominik Szoboszlai,1,25 min 17 sec,95.7,21.5,30.54,11.97,18.5,Right Foot,direct,2,0.0111,0
1c48a61bca1641c6cd7b587a4d8f80c5,3930170,UEFA Euro,2024-2024,Serbia,Dušan Vlahović,1,38 min 52 sec,92.3,31.2,29.06,14.97,8.8,Left Foot,direct,1,0.0424,0
2f5e47cc6d3e51f65b70049e8918dc34,3930172,UEFA Euro,2024-2024,Italy,Lorenzo Pellegrini,2,73 min 27 sec,94.5,25.7,29.24,13.67,14.3,Right Foot,direct,2,0.0413,0
7dd05128dd1846cf04e55bdaf43b11e1,3930173,UEFA Euro,2024-2024,Netherlands,Memphis Depay,2,54 min 39 sec,92.3,33.5,28.45,15.6,6.5,Right Foot,direct,15,0.0538,0
67cdb9a6eb83008c25b2ba73900e5c83,3930173,UEFA Euro,2024-2024,France,Antoine Griezmann,1,40 min 34 sec,99.3,55.2,25.68,14.43,15.2,Left Foot,direct,16,0.0439,0
52249a0c35ea2111196b23ddfdd7d65c,3930177,UEFA Euro,2024-2024,Hungary,Dominik Szoboszlai,1,31 min 26 sec,88.7,42.2,31.38,14.5,2.2,Right Foot,direct,2,0.0258,0
3786cd78233db85b2e2d076e6bfe74e8,3930178,UEFA Euro,2024-2024,Italy,Giacomo Raspadori,2,71 min 57 sec,94.2,44.2,26.14,17.19,4.2,Right Foot,direct,1,0.066,0
efdcca42b3f705dc30af41f351993d22,3930181,UEFA Euro,2024-2024,England,Philip Foden,1,34 min 26 sec,89.4,52.7,33.13,12.75,12.7,Left Foot,direct,2,0.0212,0
81389ca8cc36d43a822b5c69f1337b5b,3930183,UEFA Euro,2024-2024,Romania,Răzvan Marin,1,12 min 25 sec,85.4,26.7,37.07,11.52,13.3,Right Foot,direct,1,0.0079,0
c72f289f72a4ef431061563fb9cd262d,3938638,UEFA Euro,2024-2024,Ukraine,Georgiy Sudakov,2,70 min 7 sec,94.8,24.9,29.38,13.39,15.1,Right Foot,direct,2,0.0388,0
3a809ecf15eaf713f5a55fd0b227546c,3938638,UEFA Euro,2024-2024,Romania,Nicolae Stanciu,2,67 min 43 sec,111.2,5.6,35.51,3.24,34.4,Right Foot,direct,1,0.0072,0
ed682b3bb0216e79ec0a529281da9cf3,3938639,UEFA Euro,2024-2024,Turkey,Hakan Çalhanoğlu,2,56 min 21 sec,93.2,31.5,28.12,15.47,8.5,Right Foot,direct,33,0.0484,0
ff68b8d2807bf982d821162ede5f88b8,3938640,UEFA Euro,2024-2024,Ukraine,Oleksandr Zinchenko,1,42 min 9 sec,106.5,65.2,28.59,7.68,25.2,Left Foot,direct,1,0.0077,0
e87c28c880fce5010d42cf94172d96f6,3938640,UEFA Euro,2024-2024,Slovakia,Juraj Kucka,2,84 min 9 sec,92.1,21.7,33.37,11.5,18.3,Right Foot,direct,1,0.0088,0
529cff634f8e93df43c7abfa731f48c6,3938640,UEFA Euro,2024-2024,Slovakia,Dávid Hancko,1,16 min 27 sec,99.7,50.8,22.99,17.57,10.8,Left Foot,direct,1,0.0783,0
b3e8bad20488d69011a049040ecf59a6,3938641,UEFA Euro,2024-2024,Poland,Piotr Zieliński,1,45 min 40 sec,91.6,47.5,29.37,15.02,7.5,Right Foot,direct,6,0.0425,0
4523b53c0959e07f095be55f8ffe3cd8,3938641,UEFA Euro,2024-2024,Poland,Piotr Zieliński,2,59 min 36 sec,96.8,24.1,28.13,13.47,15.9,Right Foot,direct,6,0.0401,0
f228b4d2be28f19e681892be703b3066,3938644,UEFA Euro,2024-2024,Portugal,Cristiano Ronaldo,1,16 min 1 sec,87.1,41.7,32.94,13.83,1.7,Right Foot,direct,70,0.0227,0
f60c62d4d3d2666a49274382e0d4bd22,3938645,UEFA Euro,2024-2024,Belgium,Kevin De Bruyne,1,32 min 31 sec,88.1,69.5,43.45,7.76,29.5,Right Foot,direct,9,0.0058,0
92060b9992ee4d391772dde7259435f9,3938645,UEFA Euro,2024-2024,Ukraine,Georgiy Sudakov,1,43 min 19 sec,89.8,17.6,37.6,9.81,22.4,Right Foot,direct,2,0.0075,0
f6d0607a68202d8914fe325f71852b8a,3940878,UEFA Euro,2024-2024,Switzerland,Fabian Rieder,1,45 min 12 sec,100.0,66.4,33.12,8.42,26.4,Left Foot,direct,1,0.0081,0
3df4340184252a60315286bb9a8fcd5f,3940983,UEFA Euro,2024-2024,Germany,Toni Kroos,1,15 min 51 sec,92.3,36.2,27.96,16.14,3.8,Right Foot,direct,5,0.0561,0
5d8408c38ba6523cdbff33e5c78c262f,3940983,UEFA Euro,2024-2024,Denmark,Christian Eriksen,1,30 min 46 sec,100.8,38.0,19.3,23.3,2.0,Right Foot,direct,28,0.0899,0
047e20ef39eb99885833c885f71e2c33,3941017,UEFA Euro,2024-2024,Slovakia,Ľubomír Tupta,4,110 min 6 sec,88.8,47.2,32.02,13.89,7.2,Right Foot,direct,1,0.0286,0
2d48091ca4a5c7674ac02bb29156af36,3941017,UEFA Euro,2024-2024,England,Philip Foden,2,60 min 1 sec,99.1,25.5,25.44,14.84,14.5,Left Foot,direct,2,0.0542,0
9e49f8dbc42c23cce49ea31d33ff0378,3941018,UEFA Euro,2024-2024,Spain,Lamine Yamal,2,50 min 25 sec,99.6,43.0,20.62,21.75,3.0,Left Foot,direct,3,0.0836,0
ea7163849cfae99c38677a6b4911b36d,3941020,UEFA Euro,2024-2024,Portugal,Cristiano Ronaldo,1,38 min 0 sec,105.0,10.5,33.09,6.34,29.5,Right Foot,direct,70,0.0067,0
52f9b540028d4cdfc1442f4d569739dc,3941020,UEFA Euro,2024-2024,Slovenia,Josip Iličić,4,111 min 49 sec,95.3,28.0,27.46,14.99,12.0,Left Foot,direct,14,0.0453,0
9a3a0c745cd30d036e01c27fafa042d3,3941020,UEFA Euro,2024-2024,Portugal,Cristiano Ronaldo,2,54 min 47 sec,95.8,44.3,24.58,18.22,4.3,Right Foot,direct,70,0.0759,0
5aec27065ade7ba47e66adb1e57edb63,3941020,UEFA Euro,2024-2024,Portugal,Cristiano Ronaldo,1,33 min 32 sec,96.9,35.6,23.52,18.99,4.4,Right Foot,direct,70,0.0835,0
0b576448eb20015219f11af81077cd60,3941020,UEFA Euro,2024-2024,Portugal,Cristiano Ronaldo,2,71 min 10 sec,88.9,37.9,31.17,14.59,2.1,Right Foot,direct,70,0.0294,0
550366488c860a8285fc31644defd7b3,3941021,UEFA Euro,2024-2024,Netherlands,Memphis Depay,2,67 min 42 sec,94.3,33.1,26.61,16.54,6.9,Right Foot,direct,15,0.0616,0
592ea1e8f633969453e79adde71e55d1,3941022,UEFA Euro,2024-2024,Austria,Marcel Sabitzer,1,11 min 13 sec,89.9,35.2,30.48,14.77,4.8,Right Foot,direct,1,0.0428,0
9e369a61af3c606cc0732e148c88b598,3942226,UEFA Euro,2024-2024,Spain,Lamine Yamal,1,14 min 5 sec,98.9,48.6,22.79,18.55,8.6,Left Foot,direct,3,0.0845,0
61d2b41006b4372d5c186150242a56d1,3942349,UEFA Euro,2024-2024,Portugal,Cristiano Ronaldo,2,84 min 57 sec,99.5,61.1,29.42,10.93,21.1,Right Foot,direct,70,0.0107,0
5e81b80627a52c6c15d7e63e5bc9b1bd,3942349,UEFA Euro,2024-2024,Portugal,Bruno Fernandes,1,41 min 32 sec,93.9,26.0,29.62,13.63,14.0,Right Foot,direct,5,0.0395,0
8501ed3af5e2cf88ea3f55999871911f,3942382,UEFA Euro,2024-2024,Turkey,Arda Güler,2,55 min 15 sec,90.2,45.9,30.38,14.73,5.9,Left Foot,direct,1,0.0424,0
71ed50560b6a3e9153d6f501bd814684,3942752,UEFA Euro,2024-2024,France,Kylian Mbappé,1,15 min 43 sec,88.6,45.1,31.81,14.16,5.1,Right Foot,direct,5,0.0303,0
